frequency_hz,voltage_v,velocity_m_s,turns,inner_radius_m,pitch_m,channel_width_m,outlet_split_ratio,inlet_offset_ratio,inlet_spread_ratio,dep_start_fraction,dep_end_fraction,dean_scale,dep_sign,predicted_score
4917353.160087622,19.74254772973894,0.004085780570725729,4.796750239743588,0.002140037481982284,0.00019493096470353156,0.00023353245308593476,0.29342700787427384,-0.6789822357388708,0.16160468430888808,0.5390010667085353,0.695437386911328,0.48562182241846547,-0.3929792831918659,0.7276795959810518
4595986.523351227,23.454484619498363,0.0010738100061168658,5.94767920750342,0.0017023222752147152,0.0002193789354234021,0.00019636051293452496,0.35300553161978326,-0.1412798538797666,0.7199073907029585,0.3358056858863213,0.8403767950680524,0.1812117258891411,-0.6943934589952641,0.7267599379262569
3547475.8002532227,21.066376527079328,0.004692896700445146,2.180086555069549,0.0015954040417938782,0.00015598485179186305,0.00019522710419971374,0.2916894750212052,-0.43787845564640376,0.161674130012869,0.698082416927025,0.5643647094446235,0.15676509078023057,-0.8185219740240433,0.7205552374393964
332729.41621433565,21.022552028487567,0.001288540964879108,4.560040312646447,0.0016394695331457417,0.00014645507870784914,0.00020552873196164216,0.3215283490403733,-0.7180638442035443,0.3608899687742586,0.47409439036979484,0.632991607065662,0.15673324052597676,-0.2206491316908734,0.7157495294663048
4263457.050798539,21.215583560420143,0.001746675385068221,7.13584078282606,0.0016775873394108652,0.00028620663887750207,0.00023392723463261264,0.3961282813548982,-0.7354733393955964,0.18918158822154352,0.7180657966625208,0.5474175752402739,0.34860003719641275,-0.20193166696247244,0.713638684547816
2636703.634798898,23.010438694948157,0.0025118987534378853,4.01702577526332,0.001961203375367816,0.00036512809831569146,0.00022220013208977505,0.3235432428093971,-0.6900668720755896,0.5631754382180296,0.4045799330906359,0.6899391223616886,0.1974486658177327,-0.611756696162175,0.7106984292386799
962668.9025935278,4.613024625566691,0.0022445469767528267,2.119031215878765,0.001153493031374945,0.00031080549370623176,0.00011989418783473613,0.3225534632989441,-0.4514518433938996,0.12715068412821143,0.6321650100214946,0.2653892443232515,0.4587845104693622,-0.3950255062163073,0.7087248265727889
2125832.808607157,13.164634867974748,0.003233495174145103,2.148445045429173,0.0017449188850328567,0.0004370036086898545,0.00017260345886270227,0.32818014596581374,-0.46913180124057785,0.13751274476041708,0.5354651951744399,0.9807691122473183,0.18110491188991798,-0.15187622270042822,0.706017231792623
4769473.466851828,19.463988456989853,0.0025050032470646296,5.3510754278689845,0.002016378033564272,0.00011247615618113492,0.00016108753589404038,0.3143224476266093,-0.6472714449394523,0.28291472029715514,0.2969022587736263,0.706181381136397,0.04603163279981755,-0.14730831194714544,0.7045978992333239
1283973.513081503,20.6927600879839,0.001139976828954103,1.5919097088608045,0.001255683907000271,0.0003267321431681521,0.00022286318060445352,0.28350480930324345,-0.47989717167083307,0.5708604013823442,0.5516557359838585,0.9163340700360099,0.18599587466292555,-0.15211882284884926,0.7042666663357748
3676022.267750302,21.337101567309897,0.0035805780315318805,4.150317057300832,0.0006466205598875659,0.00010557271773279987,0.00019044912990932722,0.4028619164796472,-0.7436816272327621,0.142285365130761,0.2606731904033641,0.8266810282018473,0.6066935484446786,-0.220925151565055,0.7026756492594203
1677040.5013412535,19.4426216382513,0.00387274111113847,2.29179341482227,0.0011008489800443224,0.0002236482805381467,0.00022638354037538997,0.3212060999354652,-0.69659563037201,0.1342038033752695,0.6743944756217696,0.4503605709954992,1.3595262041306324,-0.42740911637602497,0.7011844878041978
2287688.3712185444,14.055341937491924,0.0005955755010573457,5.2307901129848435,0.0016995663464912576,0.0002755611562143244,0.00019260030262429885,0.26395906198767854,-0.676887620606684,0.5327681397819997,0.5802109406292704,0.49715489027518045,0.27151939154193766,-0.6933128281293801,0.6954456980459096
1021753.5430711944,23.824756103394808,0.0012424137790478912,2.7224541487359852,0.0007057117199208154,0.00035043528395182263,0.00014610416502764585,0.25491570115232076,-0.6216112916960588,0.4411556404881342,0.21225625270928278,0.6903907274250145,0.5218351057238295,-0.09592339970648656,0.6953222665635277
820783.8950150647,11.216062658789419,0.0013014033410007895,4.284517182698853,0.0012561389318022633,0.00024167740440746637,0.00012162473396663611,0.3450043682536071,-0.6423896063240396,0.42448917174586703,0.6480877148699354,0.5637993299549817,0.5664282179298548,-0.18324213261627076,0.6949061399271697
1388555.0612704507,22.451426093041206,0.002459676904637063,8.303347096875203,0.001647864415385572,0.0002484755694119932,0.00019445206756067563,0.3555152519014947,-0.624924223339343,0.3086177086375571,0.542395415472512,0.9211764627205511,0.4240246081708122,-0.9141938970309587,0.6943987122514149
4985293.595511483,22.780629510393126,0.0010834832595634518,2.5622572638427594,0.002133150871392584,0.00010982966202738115,0.00012544785551651293,0.33881403017333606,-0.5827614325770181,0.78129495103114,0.07258863150074327,0.8772331850081392,0.5635146390987574,-0.6376010382400257,0.6938379167597366
4426111.219454372,22.039610996815732,0.0033143459901634922,3.4686917587770494,0.0013678834730434112,0.0003368311044054219,0.00017223757979851174,0.31646611738783215,-0.6401251497900156,0.7723472504169152,0.3529693802990942,0.9409519179854106,0.5360886745806056,-0.45596484063114295,0.6936420130094937
2280380.9845092236,23.81064704978649,0.0019028995086081762,2.688796428609576,0.0014431929942283453,0.0003325994741794765,0.00021649683174434334,0.3242724783469476,-0.7438850429472713,0.5992007949495917,0.19995262493253188,0.5363578256373679,0.30798699067772917,-0.6561706797934448,0.6933109472085404
3116647.627488121,20.995181402185537,0.0018411771978070108,1.6154232562120303,0.0018341298201512211,0.00030556215788995437,0.00017579662747805685,0.2981782387298575,-0.37751441300396005,0.6024834780322393,0.13600613322900817,0.8764073502263404,0.6251280516667229,-0.7724950848753602,0.693293684224174
182417.7558610781,23.338410381839033,0.0021626327354668374,4.431393159368124,0.0021772309701478527,0.00016424666047929918,0.00013657928025538458,0.2907702121612701,-0.6074210186697728,0.25353554601900596,0.44480014464445955,0.5086094470175279,0.3964847461016036,-0.47557248449286105,0.6913459552241713
671811.0675971847,17.670822324919477,0.001813563346303726,4.550887539073089,0.0016482824674835007,0.00012963304022189093,0.0002281744111334509,0.42143997406114425,-0.598914244323182,0.13274118548382344,0.682946099066514,0.49816218539173773,0.4531929720219065,-0.6720079954379621,0.6909655085324655
2068530.9688201468,10.249075578522731,0.0011640466897990542,2.5538628945466497,0.0017147377270843264,0.00018462390973627334,0.0001791482859675741,0.2586220497767323,-0.6171236661552926,0.5414254224526895,0.47656662568381825,0.7319194264483261,1.042403778285553,-0.1902369270305344,0.6892663914959736
774768.4680238891,12.990443695359499,0.005736761636250761,2.0340479097226902,0.00119877363275032,0.0002634144247987466,0.00018359160151742618,0.2715629114997887,-0.7392891043587759,0.17899895477132238,0.11571693606786654,0.8799965237423675,0.4854946166878857,-0.8567637762285922,0.6890723183094535
1632091.9148853156,13.216597641573726,0.004302028950625031,3.89885399474702,0.0017728096181003003,0.00012928525094451694,0.00011788456410392531,0.2686736611697522,-0.6992037296231943,0.5850746973821594,0.6580108745965453,0.35085930088911227,0.9409948983038349,-0.6644320785120599,0.6887197403235426
4924685.909031117,23.05199218997062,0.0060206751427869815,4.9330897256972435,0.0018882010761512203,0.00023143425689049003,0.00014882298358318244,0.32245551475399464,-0.375536124958537,0.22838984696307246,0.6561253261633035,0.47912765985279415,0.08846302018313577,-0.767264688725805,0.6874712873018127
4836595.608159143,15.714208384870457,0.005371505823215445,3.7696169132599047,0.0013929221491254858,0.00013847252157524344,0.00012785502365032818,0.322799825767386,-0.7039394545017699,0.1952558712291293,0.021166355524434965,0.7744575922444066,0.10265268215697075,-0.9032287485558301,0.6861120011148467
3238773.109745752,13.172635342806528,0.0015877183240140843,2.8278464489424557,0.001077735069137852,0.000306007141072655,0.00016352943729657874,0.3003729196367822,-0.6185874352988673,0.8105751958259116,0.41274212468550875,0.9520386711456096,0.706792999769249,-0.4645054835054574,0.6853140034892763
3700397.7440075492,22.838958590223445,0.0013244176353649306,4.346676378373802,0.0008800175352023571,0.0002273255749871773,0.00011836718342534032,0.2687673456622412,-0.6397125358656395,0.5483226347190389,0.4836345176169551,0.8789467394872603,0.04043595460836347,-0.5211136761295194,0.6845766412407532
352791.6534289499,21.603385456677643,0.002003152495782946,5.806934975097832,0.0017187377782906348,0.00027224631301372667,0.00023446472448235135,0.3494054900249688,-0.3670677934060548,0.16847795364070148,0.23489904375663512,0.5458380762405006,0.06078404103168498,-0.785312738459528,0.684128879769887
2840430.038304564,3.15386847445242,0.0034407451099381045,3.3273832539936112,0.001127950069717726,0.0003847394322712219,0.00012162056190717375,0.2718607282884618,-0.6742246685048743,0.13793077979117707,0.31844738513395265,0.9968135523920898,0.8224351584725733,-0.07936654020584633,0.6828673207603176
2927136.7810565266,21.230194145558208,0.000575298660228482,2.254183385966551,0.0010402523308324237,0.00032500675203812624,0.00016720726140135618,0.25172668439202545,-0.3264084431255717,0.3251848403120226,0.5555422446311442,0.8000788092544907,0.5730665913448819,-0.7782153368422144,0.6825813912313562
3719603.4777518157,21.430233446006902,0.003775878218476099,6.2617327005305565,0.0009375482981995396,0.000390838317704528,0.00014746025545692834,0.3315076376997232,-0.6336004174780487,0.24309363609795664,0.2530386549228554,0.9205735724279162,0.6627315945092584,-0.28390587708033843,0.6804130042661412
829855.9697060491,3.0727162658617617,0.0033569782631174046,1.9933176491736226,0.0017108205426850003,0.0002902505703495066,9.55192919524019e-05,0.44448004941458935,-0.47046632888929385,0.15938146784433427,0.1462423948279307,0.7907700180056829,0.46961316454647184,-0.6390638806019486,0.6792488593502315
3827898.73075239,15.440658586092038,0.0021097714115730654,4.870632338441045,0.0019043980572522072,0.00010689814999908487,0.0001972809306649418,0.33404024858719356,-0.3268001483539809,0.7584457612484201,0.6842023757254547,0.7674937912601841,0.1943850006302821,-0.3398773141887177,0.6779668629986054
839830.410176282,12.743756895083365,0.0012094382870879398,6.7122071251803685,0.0009859923828364706,0.00020648515729157935,0.000236439708636651,0.3277862118507102,-0.4994768105831327,0.4862752522406765,0.6727964843925343,0.6862455518006998,0.1040731534528118,-0.09830793476529331,0.6775251496031616
3014262.179483915,22.40683762015792,0.00455100721942816,4.954192254455503,0.0010041755477843651,0.00020605395125610664,0.00015244299612401382,0.2670698789964251,-0.499847761654001,0.2170088028039901,0.12454010915707059,0.998617057922701,0.8627781800954532,-0.8567641475914682,0.6755705653302835
3607908.463944856,23.45012083066397,0.003489526698999966,8.333665576563103,0.0019091617134139294,0.00014809425691323196,0.00018329439123447334,0.2630593637000216,-0.5487983867244712,0.7196247722521217,0.44968258503700526,0.9056679137412632,0.9856343165284377,-0.9648300553335158,0.6749347071320335
2609639.5092908544,14.69665178706039,0.0044064475840416015,2.244816136563263,0.0007701812430519399,0.0001532729628316346,0.00014133849338633417,0.27683326343128056,-0.677149917794551,0.37636059461819815,0.6497276486652115,0.7241369122998422,0.009400827609226581,-0.22695658110372796,0.6736555910733373
1443301.1919149258,22.236011222690863,0.004506375047116672,4.9267475912908285,0.0015641474570611135,0.00015695459495149112,0.00015057901470453414,0.2798599082579578,-0.48469927547426733,0.500563294964995,0.4276080670031615,0.7830034594377274,0.3396115556517439,-0.6785663415380969,0.6732925721004597
4143349.367974571,12.798001557605943,0.001936517564498346,6.5488659456850975,0.0015001612947218453,0.0002977426607519668,0.00017293565086319522,0.32131945867852113,-0.5738231522447358,0.2718906458042655,0.14835218473677897,0.5125740205197993,0.6628761721873213,-0.13326648934716445,0.6722901522584681
4087906.3357399604,8.293485606570158,0.004255076481758712,2.9812999868849106,0.0011035392240997467,0.00030795721542427405,0.00014625588361986527,0.2974404286372865,-0.7266163163423645,0.2844033825948329,0.3350864104028174,0.6091844221686472,0.5408254607703604,-0.4420349827678234,0.6720494880588788
2562543.6711225156,17.914341104604382,0.000776537421485244,8.691026162630017,0.001953131806381242,0.00024320254246642744,0.0001847815495592006,0.25751714637226136,-0.7152312319687373,0.7014925959354974,0.29871640854509374,0.2855491775103398,0.029180896954633283,-0.3713852434076661,0.6719425599817135
1645204.4630592675,19.86455868483228,0.0006684318887942619,6.349486046728448,0.0018998078204098667,0.00035424992176706085,0.00019164681418590678,0.28045152049027444,-0.29980693537818054,0.8290126823634922,0.31330044608029095,0.8001156444585462,0.19751514042332158,-0.6462651886227069,0.6717169485987069
755532.3145461553,5.622089630815481,0.003531524782044456,5.8393472428081905,0.0017908364383379658,0.0003188915285878088,0.000144500847087277,0.35285563919247254,-0.6564142396338417,0.1920017010259083,0.606445706361845,0.4531519725025514,0.18804264472944013,-0.8834285542645808,0.671242517148056
3588338.766493538,20.426349844901335,0.0026185940984008926,3.17260689572671,0.0013909346519755442,8.392798263406045e-05,0.0001817357907774281,0.4521061959802052,-0.6117801053067016,0.1348334039498795,0.7049592381862988,0.8109453053087664,0.3527139117269371,-0.9016347019491049,0.670661738495706
1179331.457842293,9.648731720946792,0.0014683732455002708,1.5764019911092026,0.0015091632377495232,0.00030582650258025143,0.0001745275826022384,0.2576004532308512,-0.6769974192248893,0.6813730246853467,0.17376789136397078,0.2789965458145832,0.16530018523869858,-0.7150363073350379,0.6699888112103096
2314329.596328862,8.140684388405438,0.0016717843698217329,3.940848920884848,0.0010736194245999312,0.0001925581481387667,0.0002126509381564431,0.3388396811988285,-0.5469318263773637,0.2226835882535253,0.3767473628508261,0.706159865009132,0.04177639765148944,-0.6041801317885775,0.6684906994421017
2165626.1880556,21.93864590842081,0.0078016615692894885,1.9986143249395678,0.0015126950928108182,0.00020584105935926865,0.00023632214524400846,0.2591075064947414,-0.488413071110083,0.5281938815618533,0.6730768797214693,0.5165973768218375,0.06793683808693088,-0.6993093783761819,0.6674449244841842
4678986.428734785,18.049362734912688,0.006805224462890048,2.213057453526381,0.0017169850530793502,0.00027768380686330743,0.00015957159224103378,0.3630341183960871,-0.5487194930291512,0.19457367592121944,0.43903736608833366,0.25032698120455554,0.9664916279430366,-0.8695070930545843,0.6673013156868832
342153.6104343869,11.972155244268075,0.0031643663927268576,6.29940444704674,0.0018007376150341332,0.000275792507206926,0.00012477100898841746,0.42337446394612416,-0.7195302301023931,0.12241631808592456,0.6570384328558854,0.2915564002172138,0.27507760809581583,-0.5473963728356688,0.6660009042785155
3741853.390190793,15.884040793496293,0.00372996597843701,5.930506266000334,0.0018761411680679042,0.00044364058830827365,0.0001451555079679712,0.2831271624039246,-0.737726288314042,0.8484275787957994,0.3450221228599381,0.26048325067123446,0.8132612263310682,-0.6424870805843181,0.6656257257863739
3245197.391148575,21.95653077521706,0.004380150315139191,4.37018995537651,0.0011191640879814348,0.00031942460152184656,0.0002308338097292742,0.28119797151072506,-0.6244739102568859,0.4874763649130405,0.6274161255012047,0.8242856886553281,0.2443310495179481,-0.9449426563001075,0.6651400692043352
22322.348893124596,4.259647093154848,0.0016974257751775459,4.93996518478679,0.001685305793243792,0.00041689753724331885,0.00019435042421985394,0.27769046971900224,-0.5444530964717691,0.8211282797935014,0.2856399118989022,0.7554835801991453,0.19087994544368103,-0.8119052203593524,0.6647584294568869
1942001.7642086938,14.358785182318034,0.0006828767467857163,4.5873008816198,0.0021699660677991506,0.00024284638850157782,0.00022544375229165652,0.3586720245882241,-0.7123928899138228,0.5872569633774091,0.33313105741863397,0.8423673946922519,0.5909982584211022,-0.17994602857308872,0.6645094148054775
3114515.099718145,11.359239788794836,0.0022084051292926266,7.1125998879561365,0.0008688367223423325,0.00014623216992537872,0.00020494407827005898,0.26382635978391616,-0.635014752737967,0.6850655743524694,0.4737363679375811,0.828014661753077,0.23731351952665403,-0.9874673006124282,0.6633183781733355
3733772.782300832,23.370833801263363,0.0019915837683115636,7.048636244411193,0.0021976410463963353,0.00025768296441664996,0.00016990893467171204,0.422984691943572,-0.7003574072586978,0.46107958980194624,0.39166086983290105,0.5861923589030416,0.17209989921693009,-0.7300949271817674,0.6624231155359813
913742.9573486961,17.28751441189168,0.0006529689381680921,7.273537099725619,0.002091809018441596,0.00030895253921710383,0.000165281892961814,0.390434255364017,-0.695358534803584,0.5759426435223061,0.38103479547651276,0.8509335610389406,0.30567942693699496,-0.13058149420721787,0.6620752313442209
3113736.8190192333,22.100435607105737,0.002065840880260791,4.931299411764533,0.001670156303887288,0.00011000308016136792,0.00017203374656706084,0.2759646403384607,-0.6195249918077939,0.364440638585775,0.7363753140111713,0.5380536351185032,1.3142651471226436,-0.4903573620640378,0.6611640117044584
394242.5537779451,6.962430010222488,0.0044410765245767375,2.5425408037549326,0.000686836121427721,0.0004063366655533299,0.00017338685474698604,0.35028005893441755,-0.687344362903032,0.14637280196261923,0.6201585777260366,0.7149222981989349,0.8423202980497992,-0.8354075046678069,0.6604013927277864
2448203.661389358,23.10531341569989,0.00390047514721789,5.139290138048553,0.002048086413497186,0.00014848101472386915,0.00020566533909278825,0.30277724121899724,-0.3777212084762204,0.13960285024887073,0.3689881982035954,0.3106275691164526,1.102454192189999,-0.234216043631851,0.6590540740573535
3106986.091133985,22.294107503523218,0.0033382484404672454,2.9933452688832762,0.0012091576444839445,0.00039674682451452974,0.00020569670611662915,0.4315239307457815,-0.5882319228545689,0.18032327529345327,0.6883187312431579,0.3113784728147233,0.7908590990760268,-0.2711339608497261,0.6587153546661411
1614350.5811182468,20.03429900450069,0.006431547772737951,3.227264134441277,0.0017108221288993143,0.000134743935218819,0.0002239363252062298,0.3443729929361495,-0.39135811574503554,0.5325908044355865,0.36078050993719646,0.7770309777180429,0.20942363349275292,-0.9073242625642817,0.6586874582798666
866568.1335881052,16.83062343273842,0.0012290272597420384,5.185888461355649,0.0007794937123064097,0.00017746941656477676,0.00018601283718905337,0.2700882766327022,-0.551768921165865,0.6142439055726103,0.10780221314895147,0.34895992540816556,0.256764981162673,-0.6052904670065302,0.658619554788911
2583726.296688852,21.05227191809811,0.0033115842205989005,3.8608092019004365,0.0019022830575587163,0.0002766140234571607,0.00012300427227116453,0.36896858423693,-0.574119697903879,0.843520837692529,0.5057646247516832,0.6044499750642239,0.4124861193269304,-0.10599524724531362,0.6584492868565681
4875733.511587337,19.60788635494759,0.0006153656441502857,2.8309865272266874,0.0005719832574486305,0.0001095533298870569,0.00014247707550593718,0.3212618582062953,-0.5339113439142275,0.5195228289447067,0.1489932184474324,0.6713129908734354,0.6496507450683541,-0.2639549572737052,0.658029980157444
3729044.901112686,9.315978574738054,0.00039998608340237644,2.3767973733396417,0.0012733372711578226,0.00011404526956893272,0.00023710106299730809,0.27764907352276014,-0.43697513465332616,0.48094127424842553,0.0855503926007245,0.7150308101419975,0.24812768042405814,-0.6353575394977427,0.657856139222962
902361.2834696769,4.619426213698589,0.0008609751229773609,5.1165728588558625,0.0019800649298376037,0.0002794610078813505,0.0001357292192595475,0.28552261297687737,-0.6134099474734289,0.6735042802368174,0.37396947802438185,0.8748403601232134,1.0320792656786886,-0.05519938756885101,0.657166394327949
3780750.6769316206,7.217542277213185,0.001154451257493022,5.893059147615665,0.0013623630474502882,0.00041384890005444615,0.00021303429175326846,0.33539935688287537,-0.4246794084048923,0.848003721065609,0.5621595175959659,0.6392948163139386,0.085339271932551,-0.12633124924930583,0.6566915216641136
900529.1944259643,19.49984476224577,0.0010609398704927578,3.9440565814627084,0.0017760447965289713,0.0003795603374521452,0.00013517239338548093,0.32851600340049236,-0.6196479580240727,0.8043938801027668,0.18706089180119725,0.7925668773748301,0.9320038432633986,-0.0573995165926513,0.656682041481963
3912871.5265546557,6.661265060966597,0.0012123189951217187,2.624538834645866,0.0016753752460267157,0.0003623770731874067,0.00023886368826131995,0.3171758907314834,-0.7244502832926751,0.4993149982620329,0.45137847629020544,0.5213119806153748,0.8501209719919743,-0.43494765103963196,0.6553528084157854
2350082.6564713106,23.881822737155183,0.002868880298141238,1.7164637602600197,0.0015344526104097526,0.0004440934734099695,0.00021522048324894915,0.3332485785263434,-0.4758781431219238,0.8425452224337333,0.18443390833899265,0.7349008735237947,0.8807705492068314,-0.5622655182567695,0.6552578192619554
811988.9773903884,23.12527523586524,0.00409746558081398,3.344032767993282,0.001792977001042285,0.0003396711006078927,0.00014005768523440862,0.5319714427523545,-0.6594547197357022,0.14346564516430874,0.08462865952126411,0.8223551142386185,0.7681829037293767,-0.9249414093720982,0.6551919114260379
3593164.8878146177,21.153270635457627,0.005884934714391127,1.6127015694601226,0.0015339701090047527,0.0002592747513190896,0.00016314797436040845,0.3066940058476628,-0.6058774910358817,0.13230705819172364,0.13606127671450394,0.34889302790268173,1.6936853777151764,-0.7540565173652336,0.6539545829501842
1799377.167695723,9.792822558852688,0.005293901398470898,3.922881042291655,0.0013373432030627345,9.573861872554322e-05,0.00018565151485229025,0.2852166392638295,-0.6590247723764059,0.16920236609781675,0.18977453917891995,0.7039606138661231,1.2202681795765467,-0.35191282953260483,0.6538136123434937
2640719.682362942,23.535710397242926,0.0017018400660307861,2.3711395292436848,0.0016921535644744282,0.00018632407136463027,0.00019546448703249255,0.32750542543845634,-0.3738598740039814,0.5228930964432318,0.019188507913125846,0.706726592755985,0.5388161900939693,-0.3259459181938005,0.6534151931174705
2661124.0205391273,7.64164552927594,0.000835956293440744,2.199823957810861,0.0009388843157287325,0.00012382431197627733,0.00016584771510413644,0.33766521261518045,-0.6916168701158077,0.34499813160938486,0.35837025299649783,0.4404903537803926,0.5448426648020886,-0.8560699896735051,0.653410618507364
4377916.937345658,21.457488904240154,0.0013567451188226337,4.1309956926175975,0.00133477216297213,0.00012470809054352928,0.00014184013447114915,0.3047750193775363,-0.3275228313200531,0.1791163762676885,0.07611679775925825,0.4297872850639103,0.9999832393184646,-0.5800251193759309,0.6533709124476719
3089449.2143801753,10.69874320398054,0.0019960001890576605,2.6977913775294846,0.001498512157092739,0.0002854288739344057,0.00019614216375725437,0.3714268647708767,-0.5384753746058552,0.24104008320474085,0.3519046655169943,0.2679512842877486,0.4210252094951926,-0.6277364517111146,0.6530150082444502
1793287.9419991656,22.40708972231603,0.003388138481075292,6.458959593640286,0.0004885505861626097,0.0003274385187408053,0.00011159385710776362,0.3942311249354751,-0.6920795412696914,0.14622385875591407,0.25201451521661555,0.774631082296645,0.44617584338967864,-0.2682265802351098,0.6529396379063689
4893020.046626252,17.310685941942175,0.0010952192655433164,4.779094249144431,0.001358602816871062,0.00011004301877273714,0.00023157143246989106,0.2634734403362238,-0.5291447740393148,0.5459531910740507,0.45659750587936954,0.9858072807485461,1.2257943519507704,-0.9928016913584103,0.6529251250300488
4093989.1180985575,17.785769781391153,0.0010846700843497607,2.577974766066588,0.0009188605597580111,0.00023330828040419807,0.0001145341220430076,0.27110734022732086,-0.2966505677133841,0.32426552000597286,0.11530233546344718,0.4816375749825442,0.3145078427126827,-0.6215970501180803,0.6524317782144945
36531.126199377766,18.27959691071566,0.003115394718959928,3.5184265911999764,0.001974231037352534,0.00027647896244480997,0.00021277616272975109,0.37598165402130806,-0.6754836571777225,0.1900863773129599,0.061279893154966625,0.7415300954378634,1.070808364724536,-0.6401594578068819,0.6516961843769941
200965.32531055386,20.086528486715938,0.0016665348448807835,4.9292311938056095,0.0014213803310543158,0.00032814614958292523,0.00015448461393102197,0.2854672938279826,-0.6688271975645907,0.35250541147998365,0.037936705928654474,0.5109277616477642,0.22747604950346276,-0.19042878112642425,0.6514782289763204
2823031.062159328,17.75964197673389,0.001550704487338159,5.937415548344356,0.0020388474450960307,0.00010001396341930669,0.00016080332039385007,0.47025144505512206,-0.4378893219263068,0.13116953960411315,0.5579088610045874,0.5965475326211419,0.4600176960477725,-0.5888309103304201,0.6509526418460618
4688605.609355747,20.07591512955647,0.005111048350410985,2.069036449633251,0.0020006879607641797,0.00027853310727342194,0.0001565244729248628,0.3660143788454554,-0.46524713863281486,0.21495928022853386,0.26902982816046817,0.4609211727932599,0.18421921985863893,-0.431992143021958,0.6508633181068387
3400848.315930516,15.253770207552522,0.0011574586505157054,2.2005763805531595,0.001442718803646029,0.0002644014340332383,0.00016813518646658607,0.39813589668131205,-0.31262425799912397,0.6740539049403247,0.299036323383294,0.9885911307249886,0.08778140259940774,-0.760600538694951,0.6505568398365622
1787152.5721135887,7.116552903250696,0.0027121751493089626,4.933962031917352,0.001629057303907079,0.00015140425351231585,0.00023638659648826286,0.26496622977844536,-0.3337548731448224,0.725880887309151,0.3125098525390906,0.70137381829365,0.05235163699196781,-0.6029662506070641,0.6501152303537078
3619622.2073933263,23.642676180259464,0.006603859071506428,4.09350174471305,0.0016958057997715154,0.00010730709026601849,0.00022338564948114382,0.25355314386305194,-0.5609524640081267,0.335126475478311,0.1749792511760017,0.5835819761139894,0.8464608500851059,-0.4633176089593538,0.6500452513832757
205214.96271324213,21.07483814000416,0.006681407635394429,3.1653591249919892,0.001789497259196768,0.00012925241749108497,0.000228526785311405,0.26932452747614777,-0.5230781516083142,0.40945304164782326,0.4908085579007628,0.4573667093318904,0.18766564157138624,-0.0641637873540013,0.6486289503789443
859873.4056105322,8.175281766656639,0.0028778054145460366,4.244934036147832,0.00211600580079447,0.00042593806752488304,0.0001881397034746045,0.2618338486150063,-0.745989730516394,0.3752126733337647,0.26112176639248574,0.7220950764887605,0.7517805563823934,-0.28091838871388974,0.648266283557644
368873.31457738945,16.165038058411064,0.0017725865502791122,4.1745445621011275,0.0008738654899653607,0.0003881397746059063,0.0001491845781646165,0.31895482250643364,-0.5275786205280721,0.75963260211017,0.45352750526931507,0.8584977102212054,0.5167681085933815,-0.10434755142477203,0.6478798335417764
3026599.1434690477,5.686257530150515,0.000562417949167359,4.608986963649661,0.0017399830113062802,0.0004151805648876604,0.0002306675828240042,0.2569943933682241,-0.3898217330532797,0.17853519900623913,0.25706616707256785,0.4059571663757881,0.6252458061940109,-0.44061478705699475,0.6478666710527554
1438066.7982930918,3.79764915472556,0.0032102620031300914,7.083272661385918,0.0007179904810845135,9.91843929706588e-05,0.000181384060236349,0.30993607041195326,-0.6677548598045911,0.37965660025679854,0.5634558206197907,0.6803748090560806,0.09768997064916733,-0.7076088325861745,0.6476388913330285
4491239.682595677,8.703497401241084,0.001555384013147128,6.792302982796411,0.0020068617858854665,0.00029061783660256404,0.00022836141484376365,0.31989971079884044,-0.6966673785508453,0.7358380799608342,0.589785128839809,0.6982343447012123,0.8589333182069737,-0.2841712936920393,0.6471131944514913
152638.67444734022,21.75477375052431,0.0038091381904573856,3.181306904861808,0.0015150550725951187,0.00012374822570177213,0.000235772808578798,0.32123214235559283,-0.5169002239011903,0.2332683592217314,0.47640444358552836,0.8590279305267279,1.0543238591357997,-0.7891164197983644,0.6471068635046284
3805801.727337306,15.901453126676415,0.001620403985933372,5.920928539083462,0.001916271370933542,0.00018720266446511647,0.00019904958897176423,0.3480500730221505,-0.2116947033952672,0.690909357612254,0.5319198954990829,0.5013097776622015,0.6127924144281629,-0.5617604263614211,0.6470027511922977
2453545.2117513577,11.007672190033997,0.0031517605793642315,4.231981998983333,0.001461199034461332,0.00017478500096384082,0.0002283196322698304,0.2740869238658829,-0.5765064729522931,0.5960036787289433,0.16032587252320743,0.7655001999107048,0.7525849257427529,-0.929029618500882,0.6469586409897224
995443.2898603019,14.710507388283972,0.001980501437472882,2.4464471458752355,0.0015341873355179943,0.0002902539272282493,0.00017584853695396058,0.41475011384887694,-0.5291302480274258,0.6836225873978133,0.20728432234748453,0.4637355047258253,0.09826752046059331,-0.9342102239653911,0.6463968782154206
3391139.758560023,21.034053901756412,0.0022373150137816014,3.557753394536355,0.0015793552822778866,0.00017393790944671782,0.00011442737565461292,0.41329504866529815,-0.43788575154282994,0.28230256573064183,0.20843894280129954,0.6005173745829924,0.6545161520446074,-0.8713736074457217,0.6461514084625594
3507897.3345998693,12.019500392889384,0.0029342074725698737,1.5878976688829551,0.0015695675753982985,0.0003170572806174774,0.00023917107907394058,0.304273178177035,-0.5861361264593258,0.12230497064876111,0.4292452956396239,0.8541876592343915,1.6147774313434733,-0.06733030906808612,0.6456463599935758
3018575.237834026,12.973608684538139,0.002574492051023639,8.849475269554361,0.0016089656972868406,0.0003033750755511702,0.00021138330036227178,0.28668902748778796,-0.46595885743860305,0.3225640052547478,0.5493630485640022,0.4500669921782483,0.395075162070655,-0.31049329038651474,0.6454164537301714
4762830.301117902,20.38922050386352,0.0029974172199293556,5.755236706595556,0.0010109418252626625,0.00018489882051256988,0.00018937182440531918,0.4196187854913779,-0.3033218740543729,0.1263955163400461,0.422900346589581,0.8133895898945338,0.2147100474325744,-0.8634633772421125,0.6454075117394235
893004.5553410508,7.132625401629788,0.0074661836886293145,4.4514645595173,0.0007613897558824613,0.00028193753599736916,0.00016471843388634783,0.2778757782862097,-0.5395047872447596,0.17149856469769628,0.37650251567809984,0.3672053452588378,0.6792349296043827,-0.33970218656614937,0.6452221067248947
2278892.4198522,3.9507255535574486,0.004004460991728027,2.264828617961356,0.0006181344739734867,0.00029731254537236407,8.4431035408231e-05,0.3494420351056745,-0.38000521849372293,0.2658001040118141,0.04557475353767801,0.7450089819012795,0.340005461627865,-0.3635937494487833,0.6449282213295118
3146314.145278051,22.594243739422257,0.006439089746654033,5.746656966344088,0.002036461565361814,0.0003799536596801198,0.0001441062330432394,0.29724493710653266,-0.6770935837646457,0.8031545842143479,0.1441341207167812,0.9999619451974104,0.8633638716778411,-0.02782068929486159,0.6446957137084098
1203829.1735291777,10.005775841139936,0.0053131379562748405,6.848715515984072,0.0019870701957711867,0.0003174047682142139,0.00017168685852008304,0.3197143793068047,-0.5089152296799546,0.40069131805546987,0.5860521623866837,0.8240807876629344,0.0019064854637395046,-0.14965875081807511,0.6445798771091678
3826886.026198948,7.662932647435698,0.0038903497162897905,6.479483889118403,0.001623661657559478,0.00044342576520152395,0.0001897233977101384,0.35343304287001953,-0.7122118546187595,0.7716211181870459,0.736205614809768,0.6791767674016891,0.14133655493410494,-0.4555507555169973,0.6442994075217847
4160215.9915694683,22.034309717862694,0.005727853564672135,4.041339920109988,0.001109805495128546,0.00031822986179767316,0.00015452128858035543,0.34908888691943574,-0.7085582111073709,0.47554942040889314,0.5665841527829045,0.7475047657898948,0.9496781457030735,-0.5123953977545574,0.6441464394395472
3873727.7182482625,13.685799109559259,0.003706952890912445,3.870230428953694,0.0017025670860478874,0.00014525554145718378,0.00019205256927425275,0.2702558590059602,-0.4036816197972242,0.25440226888681594,0.5874790114358095,0.25132245324526375,0.9594484858248403,-0.2536653713122341,0.644145137099805
1143322.0889243698,12.225878003159236,0.006882710105638401,2.5622001425875434,0.0011159449967215016,0.0003535410513208689,0.00013281070361291015,0.278207977405831,-0.6556160422441648,0.5853514338345921,0.11672433009426741,0.746802528388466,1.1652070895617184,-0.15871331025588176,0.6440386525549731
1957810.4540150953,3.28379161720588,0.004325997932088102,8.568355548194136,0.0013177478181222906,0.00031800301557223016,0.00018302739084585717,0.2829074209195224,-0.6142242386400524,0.3877656005046379,0.5266921746037331,0.9083560929702199,0.10953684075962349,-0.335628063725979,0.6439369861313701
2754087.3014744786,14.624992825243073,0.003257248360683807,4.992365889211417,0.0015145120936598529,0.0001705609230209806,0.00019313930568102435,0.2723973412566229,-0.31154348715337166,0.7381328690036135,0.7099403693610055,0.8358527945564604,0.1675060445343019,-0.15679673406477046,0.643881473989983
1444973.2325498965,3.060157632850543,0.0012407506497523623,4.259481492601348,0.002022861859022927,0.0001692193602714025,0.00019834041146501316,0.30511782997278336,-0.45402208199683103,0.797233700308555,0.17837948416905874,0.5575398552672878,0.3136410529964028,-0.35848166399987846,0.6437287611026625
4198964.876095407,12.288860167255459,0.0023666974378093834,1.5771558284405343,0.0015955004865162068,0.00030645470887535035,0.00016549442571695396,0.27731103121168377,-0.30406411469814926,0.3624326369925995,0.1519728109454706,0.5109614215814056,0.32057261535255555,-0.3391555693456634,0.643621302429723
687148.704203416,6.623310004300095,0.003073830705715799,3.50084814486756,0.002018990762636392,0.00024502176250692576,0.00023408130285818812,0.28174777903732456,-0.21467650580295117,0.728639604231142,0.7046413985489893,0.6658991305123141,0.14728951301640825,-0.9516175528806141,0.6436177790235262
2072586.2188864867,9.029094808950223,0.0016287863653979846,3.475908994229322,0.0014529832892497142,0.0003065088307759814,0.00019273141594761684,0.29715941103024013,-0.7194458789514406,0.3789494203327507,0.07895237335092758,0.26167621211108405,0.48095937847358666,-0.7269978828078578,0.6436143119974318
1569527.128216265,13.866330933000032,0.0032760436577927684,5.5237371416926955,0.0008028941280094474,0.00029401270043869475,0.00023573244301431818,0.3003822743971378,-0.6549576588249401,0.7477869247796775,0.15983740007742625,0.8320534516758504,0.9744843552584415,-0.681392656266735,0.6435819476035366
445351.57537332695,20.41787145076669,0.0054431576258051504,1.646772572253626,0.0005425056112121626,0.0002051130227474381,0.00015078572661063655,0.2675669974822676,-0.6540149204629734,0.428887126990013,0.6510488171092443,0.5393068233898861,0.9582842669551981,-0.6013333625412816,0.6435537445658656
3964127.028901889,18.84612154506741,0.007696236637167912,4.809377829187367,0.0007174206565347049,0.0002469703824342564,0.00023096801041791167,0.3335016686347635,-0.6605470356066017,0.4279307038715923,0.7176990973418156,0.5195468655019673,0.3959185409159958,-0.959279912980648,0.6435375497409586
4420229.618115317,9.117859511392242,0.007540146210504716,7.029024114948435,0.0018892360854959418,0.00019889864317352397,0.00019355743429862098,0.26420011905606944,-0.4258210196583896,0.6832981680697454,0.6238027549704883,0.4352190496585274,0.2799815287869695,-0.07470254161950618,0.6432925117957832
1554193.0698573873,21.004410236610504,0.004104172001586141,4.843559417125652,0.0011854154704447198,0.00035371846470886985,0.00013171249201188276,0.3095521195558888,-0.698858143720321,0.3411073626757323,0.06897184109717991,0.48684671295227167,0.11571768303209398,-0.27391298122935925,0.6432534165359539
4602039.646575802,22.995235426113275,0.00252312914500368,2.452901928666445,0.00181817454179035,0.0003538404551879676,0.0001255276539957806,0.4363356530681364,-0.7220395153841428,0.3794528310806618,0.2995918017132315,0.5494266804718979,0.6794395080250156,-0.3000745638048894,0.6430768944624178
3348599.916663042,9.87612240090628,0.005116533968749392,8.758187513283055,0.0017042464066201633,0.0003816728390127999,0.00018128934089001728,0.32967779209934145,-0.6707591417469548,0.609757730415915,0.5520317898988911,0.6813404244491621,0.04890203183340574,-0.436439427307987,0.6428108366013978
1049400.3621238763,14.481729336748282,0.0018101471089431622,3.85976733913207,0.0007369147627333808,0.00021617865481090957,0.00011459679135295049,0.2569078769043555,-0.624061483735987,0.6586443377926144,0.5857570455089682,0.7958391052810255,1.0200072765297252,-0.13844381278364915,0.6426843522350317
2766112.276506665,12.401717315488167,0.006594841945357177,3.541044620277483,0.0020430757576273915,0.00026392165107696076,0.00019364741814808357,0.29075638640504087,-0.40203972811121896,0.6484182812140201,0.604184508186628,0.7709648186259634,0.7138905608334105,-0.7953891398824928,0.642434959982678
1393821.9336259281,4.641554053087466,0.0036791781972726496,4.837849510926258,0.0009623050889826937,0.00016217921560747456,9.192709844687392e-05,0.33995412730240904,-0.7073290362888683,0.2864614788306137,0.19088402781685804,0.5403409013293243,0.6666215529874965,-0.6819048416735178,0.6420433255865007
402008.03287311795,16.63190862782463,0.0022813890197864698,2.5927140850624215,0.0014902255114295233,0.00017614453512487918,0.0001403193066888036,0.357604425512126,-0.5401744762161624,0.811880952797655,0.490450254118463,0.9013646211942197,0.595014554206574,-0.6285844703533525,0.6420024059077023
3285831.990818681,18.53366751155003,0.003652967315202209,7.979163179405101,0.0010833678229431956,0.00012214097181246716,0.00015336242033753985,0.3704217957429879,-0.6634700031203062,0.20717822444618483,0.40196919388508834,0.4102294670587952,0.05315727904424463,-0.6268805266740571,0.6418711796733401
3716503.830773852,15.967811533208442,0.0044210475822035016,5.679154133474495,0.001424329261540772,0.0002714029251988348,0.0001354596955630035,0.41245216001122414,-0.4278822344506114,0.7325190939936362,0.1473621354376686,0.8224830848857156,0.11597783386963514,-0.031063475251604356,0.641535837250061
3916180.5412535775,12.752413118862023,0.0018117018147506849,4.341744146040808,0.0019306910074841184,0.0003297506094404547,0.00012018111779475452,0.4212492657777148,-0.44670739961955586,0.36887587225050117,0.390965429201298,0.8002311556363038,0.12605137684440335,-0.3908487110548431,0.641497937332441
1111164.5560807246,17.431185405674633,0.0005522922648397531,2.064355320059972,0.0014385056259515693,0.00019573517144946397,0.00019301791063459328,0.4294500885353799,-0.5526709003257066,0.7051197649459167,0.17748389088693628,0.994883186239499,0.2379075589572677,-0.5438910138515947,0.6408939573535359
4361140.416662332,12.379760709608579,0.003505680454552651,6.196097865942604,0.0014271071118223204,0.00029430454757995106,0.00023195538944191196,0.27539986993201,-0.49787370564361205,0.5366299727442607,0.16882177824197186,0.5049909498537754,0.39746639775319376,-0.13304643854188147,0.6408774706153009
2536765.478514883,13.35625182550647,0.002491696375549713,1.6735172720007214,0.0010379261072679976,0.0002271193864213287,0.00023794449568539545,0.25545796331216974,-0.5938559712046658,0.3773715136392541,0.14998646805964705,0.46637539087453417,0.8920240247775759,-0.7421099129386179,0.6406987265246997
3707563.2101517357,7.213274579225165,0.004714139740817345,4.547590387981733,0.0017096562552281328,9.475317492280273e-05,0.0001809082823357731,0.3407447392360774,-0.6660056647185086,0.7783873025515512,0.5911811396104527,0.4299804661982114,0.4780476234907857,-0.6012214877231623,0.6405674347929743
2477022.140767888,17.610055292037416,0.0006619490057417848,3.3631830314630298,0.002161091763713126,0.00012783145752029865,0.00016237446343074033,0.2970149444002587,-0.1606584891199747,0.25749157646839665,0.4187011253673267,0.47824211738624745,0.48144120763826553,-0.482190702934548,0.6404745621619656
613817.3270355863,4.583195778407928,0.0032082612328452366,2.1997889869168183,0.0013011173848266875,0.00015070933125093235,0.00016302097103485663,0.3880103474479236,-0.5726687346105758,0.2432150632946385,0.6932973803796212,0.39515076867892485,0.4657604258949239,-0.8305572424896972,0.6404183062213717
248849.30631446827,12.288094342117258,0.0025050802718067197,5.228530283570626,0.0007647047269024856,0.00011788798168799587,0.00019781510211189078,0.31982476491451495,-0.6582579608187646,0.5132909895850738,0.18029482160121743,0.9599638594440275,0.027108368665985073,-0.14208585008467556,0.6400395447817917
1961096.7404961472,17.48601343645307,0.0022164862513611295,1.634909605147497,0.0010663202672118062,0.00041874271413839257,0.00022162405426410657,0.32068556432056317,-0.33202117749843263,0.26837197365833193,0.57533530288356,0.7300233728858762,0.6854624927110182,-0.08577487264434902,0.6399604355785111
1135035.779589293,7.444733339745981,0.001385987264887166,4.564119558885125,0.0004987720781761686,8.338184193104264e-05,0.0001924513530960823,0.44776389109893533,-0.63872833427838,0.17786573257182084,0.41962156285967006,0.7681447962228889,0.3461130682510511,-0.6744804414500767,0.6396602981605469
3023935.8675866495,12.27834922798982,0.0028688779932205845,5.982880925211081,0.002145435258154522,0.00020748859159175532,0.00021406912762291118,0.34537372117758774,-0.12704030364250174,0.4904862295312675,0.46042474092090147,0.7984664292116249,0.22594775319025617,-0.7425690641639435,0.6395159442064255
1787854.4209218961,8.319467745309703,0.0060107447975896585,4.38294696092037,0.002065024408160603,0.0001986000277927289,0.00020653473033659564,0.3003886098744008,-0.6059642040995904,0.31209293975627944,0.43223774874063503,0.9139069979903501,0.04734025205709358,-0.34861756642745,0.6395030740671717
1542318.6038926113,16.01111086621807,0.001263899392464917,2.1774126572559505,0.0018598686766920654,0.00024193008437018132,0.0002284513737579021,0.3762364202121461,-0.10199853685653815,0.2700698333029553,0.47495976709868293,0.8887388210269204,0.49136416953500966,-0.905625521850326,0.6394925071246016
2218884.4282717234,17.767311160902228,0.00644987122725943,2.830248564821419,0.0006865247303934147,0.00036870650688691135,0.00021257480284382046,0.3075897964774909,-0.745644168745747,0.3371332023231815,0.29924616612052346,0.7589484532424253,0.2444493390936345,-0.6716462114252604,0.6392247254893888
3289667.090420641,2.966096221225419,0.003955265780492697,2.9378428518165505,0.0017567719094834684,0.00025076632405069034,9.788019813499908e-05,0.31504411678043853,-0.7114561633340557,0.7589280798186658,0.017552283508056377,0.9126361647043302,0.49450467233602424,-0.6346728200354104,0.6387490691679791
4539317.087996615,10.402626309130206,0.0031239837741605264,8.326546237480134,0.0015391481878900743,0.0004318576373971123,0.00021236370896963194,0.25474753752590723,-0.711155567650295,0.6805479936362946,0.627698337356174,0.27680735602095696,0.09122766944369441,-0.8428981096801755,0.6386314306307195
4101601.923570678,22.003070270994073,0.0024234509068221917,5.481688431754158,0.0005644165247503564,0.0003967722165018766,0.00023509994851415053,0.3392541270680066,-0.4443293289710851,0.741278992686849,0.605713163244028,0.5995322524525928,0.17030321699742343,-0.5189498901287279,0.6383967461104824
2838602.9120317283,11.777707599996223,0.0024714859814419076,3.1355873073285614,0.0007430537576105462,0.0003997524628771124,0.00017483530860829964,0.3066494918365518,-0.5201613179796829,0.6165836598000511,0.42626433043614675,0.8944172624595079,0.9693101786914147,-0.30958476566807147,0.6383321058986559
4409910.529913617,2.34340407216612,0.0031445060601320665,1.8071886747815602,0.0015461470045474322,0.00025181801043196736,0.00016440105463612348,0.36399190899957473,-0.5070311989819863,0.5965158217042432,0.6084404713010748,0.26207456243192606,0.1595002722717667,-0.7317407881359388,0.6378578775097875
1943685.5943243832,21.765055971746598,0.004820840909623839,3.7587925877953223,0.0009389323981003832,0.0003183161130251498,0.00020800970723302523,0.27465668025799883,-0.5329726409107938,0.7334379939301168,0.4714182006275273,0.5533417679164025,0.0962823302263887,-0.776130182225977,0.6377258958038062
2407199.8464438384,16.500343129406176,0.0016752628029995638,5.981195809757819,0.0006748303828398708,0.00021790929228722938,0.0001549298067114763,0.28659050414714166,-0.7084954124845275,0.4704105021831614,0.019910010722673704,0.6594450640582927,0.2559444205271646,-0.5273605726855355,0.6375407700413578
2186746.4762698547,15.617214913248135,0.0035496173060701234,4.344603921210916,0.0021944092025594024,0.0003785234003716871,0.00022483390162586603,0.28836029860739293,-0.38802328872021535,0.2992858511870289,0.5235837812953337,0.6496128962241547,0.5943051752962057,-0.4757543258760695,0.6373497345862541
2730912.9824553845,21.817814842240846,0.002283469516149457,4.3341329819003835,0.002163422416757668,0.0003391268714948458,0.00017394551850850843,0.28764440268579006,-0.3087299207041223,0.43417558387140764,0.09010434370409207,0.7396785876969758,0.9399409059034012,-0.7729655907240296,0.6372464439221661
1949027.926891116,21.50253557544521,0.0032343202502442235,7.191762730159127,0.0013151848485765038,0.00032585892121784495,0.00021956393382937018,0.28181207638801203,-0.3148837943945274,0.5845159824980373,0.7261109498059855,0.49046362045524167,0.7031953250743469,-0.6351210544020074,0.6366144374659046
1963665.9840940095,13.414741913081402,0.0032699755562401395,2.3524267935517984,0.001850469142663254,0.00026688816416984505,0.00013151478393209898,0.5350841056400911,-0.6406963404871576,0.20173606245375175,0.2987175702987622,0.6011913674302987,0.2666062089817717,-0.1390345941247091,0.6361771102227242
1035962.7334708659,7.476521442170134,0.0007996105887256224,3.2763768702292264,0.0013823766103212597,0.00024637226279851084,0.00022343029261345036,0.38084179515477995,-0.5404850047589027,0.12148048455109672,0.20565341980149207,0.2987350248326982,0.9661644280856894,-0.020402931457754514,0.6360386511021571
2215405.088875296,20.53116139981041,0.003972597915408715,1.837194904482432,0.0006557445182712885,0.0002959560802139566,0.00015847528292756404,0.38872834576754295,-0.5189944099947528,0.4190623813413682,0.29164447244817243,0.8174754161715877,0.5986880535298879,-0.7548267763227252,0.6357266164183606
1596425.9799339306,11.778535029689309,0.003066280678759067,4.479654975853489,0.0015218281781554763,0.0001480126606263479,0.00013166756158568876,0.45057817656828647,-0.4818936423273925,0.15832088332254166,0.44550439021670474,0.26699776692515176,1.1283775168631458,-0.9855553176183547,0.6357220404302837
3687010.6516460986,9.330942997218656,0.0029308401867660697,8.017007703676505,0.0017705795064333636,0.00020724325702559104,0.00021895647947866098,0.2575589044753416,-0.41857677903423796,0.16482414408731783,0.45988659864662207,0.7253912881724958,0.9721753636871772,-0.6166686623898876,0.6354206173496317
3356542.893763278,17.28762385332179,0.0025528821221840387,7.260958631216983,0.0019185870743542548,0.0002866165568696158,0.00019026335499123335,0.33559253758735585,-0.3750045380281256,0.19277861993004786,0.04821062265582565,0.33161900781537684,0.36524348251310057,-0.6364595458115825,0.6352718396771937
4998168.936699788,5.151199259367183,0.006015573249940578,4.153439031835496,0.0012988972755815023,0.0001913683798472572,0.00022349057271890013,0.2643825063772867,-0.6349270596786083,0.7302845649794024,0.5964907283972432,0.41657941928811193,0.0023584212301202448,-0.4595560155924254,0.6352546242670344
1269540.8897780895,2.710967922798,0.0030119785138160095,2.566897035917492,0.0011016233806634447,0.00038339901645420186,0.00022360474450021936,0.37526761146476245,-0.5429845874895018,0.19072959107253787,0.11010567236211521,0.5696105628428373,0.6386743458202997,-0.15070984094547657,0.6351642773216302
1520816.8275014565,10.85713537626534,0.0014699957738956567,5.425033423613003,0.0011648962774462326,0.0002939360109139424,0.00010719811754497709,0.40160295932917417,-0.6074563606343444,0.4901136148170538,0.11226709947525287,0.9455402307109821,0.1421179671294675,-0.05891238537510746,0.6349266897309569
4259477.219226088,20.909638171999617,0.0035462380904159162,7.601564007642584,0.0013783076028123682,0.00039021767520235084,0.00013205276494701582,0.2503910129999413,-0.5724122766138571,0.668267653470435,0.2471441745879287,0.7013009390966471,0.20164886091014808,-0.05346822981999799,0.6344481640633142
279036.8788782676,4.413404524289193,0.0023672784930614315,4.168638221839901,0.0016047374120815505,0.00029907355079088487,0.00023339724737720058,0.2822931126859109,-0.4261701592754926,0.4062512538822785,0.1676100680083329,0.32128226669208737,0.3724931356173364,-0.9467988225767492,0.6343557777745839
1794833.3281586282,5.482771920368356,0.004122126986765271,4.466405846964785,0.001834762009032273,0.0004157239450698446,0.00011687895040450027,0.42567872655859323,-0.6033336483205458,0.14105191156602895,0.6104445198556472,0.5366696676606846,0.5011426628774707,-0.4291363801325012,0.6343056206737981
188429.3843146345,12.79588755884767,0.0036873733269134246,3.3913656094798004,0.0008740064429840745,0.00020513649212866938,0.00013644650439865997,0.38277138672091426,-0.5059431899317296,0.4039569566960309,0.5682643157150585,0.811491925344341,0.5155139855171113,-0.655749555968173,0.6342738896340683
1459263.9029008807,6.211526918111881,0.003168461854303272,2.97274016829158,0.0021533188285009545,0.0003174577721277274,0.00010214645636720596,0.2878902700995138,-0.5441538782809601,0.804866358961405,0.22307814496754572,0.5273430500284738,0.18773905407513466,-0.1042716222514164,0.634236903806818
4162310.699958448,16.33382492250736,0.002042397615376224,6.828640518847214,0.0015401161147538247,0.00030290285308737187,0.00018704349961053303,0.3085463511748923,-0.6896503125964147,0.35892899394803124,0.24208675228222812,0.9417210228316245,1.0933741690945844,-0.3744941203682466,0.6341931347346679
212340.66490086736,13.209044395977035,0.005817430736551136,3.780582957676232,0.001706292892391343,0.00042335191154346276,0.00021423768502629138,0.316176346592528,-0.527434961409712,0.48403944545250865,0.19512413322504402,0.8973272324721936,0.5755767817219805,-0.37767176882168774,0.6338354452154102
1301874.1141294362,3.8203283302588096,0.0008606840154217203,1.603318383035179,0.0006253111907111789,0.00023588550091406806,0.00020016290352217728,0.2958701803893753,-0.5615280893127814,0.49522862100515863,0.4673542826048328,0.3443921137802053,0.6029351936100336,-0.35214412259848427,0.6337503910590627
3534892.430761033,13.861349495435476,0.005674096486777101,4.424574653893228,0.001357355442700168,0.00020489664591539868,0.00014278903178506846,0.4580497930627336,-0.5041182260416974,0.1652381133378742,0.44110445307056184,0.8279284954357535,0.36620709046905087,-0.7316938794442918,0.6337402747736977
2924449.2695570225,21.741032625895915,0.003952519388700624,7.452050144429312,0.0013344724559149548,0.0003435735011396561,0.0001593655705147192,0.41297215875069554,-0.6115100648980376,0.6770956161754195,0.5457492945390656,0.7746112292240853,0.10625774580016989,-0.06388254468250798,0.6335978703042954
3423298.581155511,19.18143718881428,0.0033512410399935207,3.522413111218609,0.0020025295995968998,0.0002727671876437987,0.00018354142804559328,0.33358068255596685,-0.29627580146247423,0.2812387811832181,0.33981063859625127,0.316189315792222,0.5245438224937127,-0.4517287351380379,0.6334514640133246
4085004.2144865873,4.135621491965665,0.0012953692232988564,5.578774960603651,0.0007072665065144849,0.00019840796661860655,0.0002344553938666819,0.3583262612781209,-0.47182938565414767,0.15981919362617625,0.3989697141335513,0.8155027257531069,1.2266214708014207,-0.8653420314769664,0.6326648369588992
3627825.386384389,7.494987968084156,0.0013062367078144357,6.191553269305515,0.0018286552657938663,0.00036736936415429053,0.00019623900896077878,0.30892918674372744,-0.36596041610010444,0.7174780594048155,0.5149447578312696,0.2974054700346768,0.5004020967582206,-0.3487550644057513,0.6324406505821212
3723500.0220581726,2.99226645263305,0.0036472010257299825,6.715229745969595,0.002123268625932817,0.00022411898904432386,0.0002031864590163199,0.3573933296311677,-0.5214508160628166,0.7999764725615409,0.35551633380116177,0.9479104995929244,0.07517668973891826,-0.006386011002583292,0.632335074768364
560075.0796245711,5.333020670944599,0.004933320225251946,6.481904010923151,0.0013747668736277814,0.00041579658436701806,0.00017114167750180342,0.2982365831529768,-0.5413098491861987,0.12641861970082185,0.6340146161496858,0.9302419118187621,0.6033539871456904,-0.2661582181213862,0.6318849615297146
2113897.703893204,8.293167486361899,0.0036423526386713217,3.1707357526974187,0.0008876032426011911,0.00028734847153278514,0.00013254564490165088,0.29113790866350964,-0.3595176848202321,0.5842750374516186,0.36225238281910294,0.8612465812411068,0.061186561900452734,-0.7895770810282636,0.6316282092069347
163293.62323708372,11.523239679937513,0.0044489772818712735,3.7694510273747905,0.001837795741657787,0.00017738563065648592,0.00018421348347811783,0.36617954067004566,-0.7129728487977764,0.7831961440294706,0.32230505961951433,0.7274666423571408,0.5102520587042403,-0.15832912129023824,0.6316223108794079
327970.48433996836,20.58431909005233,0.0032339627456869965,3.7981049874893316,0.0019336290248041102,0.0004046452224960025,0.00014826177948605953,0.29444074621482913,-0.7087637915990836,0.3166584847780994,0.1461389979548612,0.5275507809548124,1.2551644096825703,-0.7714674416632119,0.6314667265286797
4975499.612867815,16.17311223694992,0.006576948431897057,3.84715660668984,0.001720771881888919,0.0001685573663106905,0.00014338287010712893,0.3444776254780637,-0.6951794823869066,0.7327124606709332,0.24165885864733655,0.5322752692130513,0.8423844771574844,-0.1641105154686302,0.6313350574273062
2917471.6904701446,2.9020754817858774,0.000635826310922619,2.0594932451910553,0.001692676849552651,0.0002596306581595748,0.00015887047348366103,0.39737840740474484,-0.7170819832312371,0.3411453942461359,0.12354360933387692,0.5701847456165178,0.7640178932762985,-0.8349802087466145,0.6310019329631362
4752071.310033284,21.228866300708976,0.00524980221434142,2.8392504992136103,0.0009695752455924151,0.0003908200648360356,0.00015348627306413772,0.2801090679808384,-0.4580058867374978,0.7809436276025624,0.361034535390214,0.7871958979013876,0.2236979747293275,-0.20115869197131309,0.6308490823228532
4472155.47728274,8.567888857390082,0.005230208454001038,6.420735693185768,0.001641239721918506,0.00044845967957825354,0.0002088043993607217,0.25294594944656423,-0.3492440124811806,0.37769056246161914,0.5752550852438654,0.8422766716422267,0.02019642279734615,-0.4583184368973243,0.6306914220889313
2916358.114539555,20.732908874640614,0.004840165867327823,4.16859945848139,0.0013030424835024524,0.0002990089282667046,0.00017268758237137138,0.29347706527834516,-0.14894851023987132,0.15074365829226302,0.25375435888209497,0.8478121643468327,0.7932296008828607,-0.4965348584002074,0.630688462442805
248303.45196849608,8.641829645922071,0.0015109716722330046,4.522876528994939,0.0014637503991739792,0.0002390966774582438,0.00014710898902820793,0.35083596480657253,-0.4210294520722403,0.2988780935608377,0.5707666747580213,0.5464853587949213,0.70625534352373,-0.26131977253656147,0.6306719280285233
4324791.770795322,21.3462323642605,0.002435999618684138,3.312686207907022,0.0011208082060948756,0.00013762827487916933,0.00018707837210335347,0.5067125806391422,-0.7477176395319896,0.17302913564917857,0.5637327380317568,0.5690899510345273,0.6798803070308251,-0.9012109339816747,0.6303789872135592
1802326.558294347,13.500328243150136,0.004177426841246595,2.7030140470668815,0.0014904849448942959,0.0001992725177364153,0.00016028339842820023,0.258393907126079,-0.12985931167864773,0.13064639138739215,0.500228497194049,0.590609673709306,0.9580486328871433,-0.8311466668953467,0.6302080902131736
3732629.217767859,6.728029754169935,0.007584308568427953,4.091983574692179,0.00048318375552667474,0.0002664437522264195,0.00016589680952949347,0.3927692000653122,-0.6307447912991871,0.12848897896933478,0.24611584706865453,0.46921633960110415,0.9137512931410684,-0.8411753417823744,0.6300025479674667
4992175.869950661,9.526076561421018,0.006930100119668003,3.2519854605025,0.00171166235063799,0.0003326982216569201,0.00019513637679349552,0.3431543902269823,-0.556322086268272,0.23908469465596005,0.37586299431175607,0.670180919512789,0.9851842727326237,-0.3147039007627954,0.6299643358775274
3641620.037434574,15.416024060463997,0.0019394428253564594,4.269544994395524,0.0017168194380744574,0.0002605500698754012,0.00013889800343345367,0.3106556833338464,-0.2921556392820703,0.3633170953708141,0.6589624025811455,0.5055072816157197,0.7343513514129917,-0.24443691831505765,0.6299115135226403
1457750.0708876592,9.857589398938728,0.005908451898789544,5.343973121728992,0.0008722495431833575,0.00014684813055969463,9.45007789375141e-05,0.3083836187581193,-0.6481799390856158,0.25142953923847117,0.23091354277994736,0.28307006939263923,0.24925986413258294,-0.17427476206565062,0.6296790467269171
1520907.3817972678,10.123926591048455,0.007927766548317014,2.984786609058088,0.0010448225254925583,0.00022273811629602164,0.00012372064157588022,0.32448869341857484,-0.702751388240272,0.5641101312808993,0.4491114695826298,0.9090477264770582,0.7887299873464693,-0.5152774265336659,0.6294836573980093
622776.0270269776,3.4714638495989885,0.0030630377901151125,6.680684105080709,0.0017512127983918893,0.00017791101838056215,0.0002252862148408748,0.2526090191996455,-0.6735198301921423,0.3078213305531067,0.22838949959597904,0.8211566609894512,0.8994309291602436,-0.4061641142130512,0.629372706857848
4450874.701783608,12.380833850099407,0.0031109131013309617,1.562255091579556,0.0017427502747041266,0.00012331530627581727,0.0002302825101747752,0.3942313287988526,-0.1286705729014599,0.13595316874545668,0.5650423739292811,0.45689678617096713,0.10526409375169557,-0.33657761891015325,0.629215990073007
3010408.053835324,6.414515096792662,0.0005703452321563311,2.5034910014290825,0.0007814428235567597,0.00025126251615264984,0.00017942558855420877,0.30060439449765053,-0.7176709304945758,0.7375283711111469,0.2848081926773661,0.380982225789799,0.9996582306865257,-0.0250562018532543,0.6290844596225874
891950.8405582685,8.569388182776782,0.00689323907504302,2.736053009007892,0.0008682216412816493,0.0003109091297858327,0.00020013457893521068,0.3018935450303394,-0.42830286274427026,0.7737087951624902,0.3490684393652975,0.8011092022011727,0.526273629597731,-0.6445940600836402,0.6288371334793172
3116806.691592896,11.116829364738262,0.006289996005891268,6.324006061038108,0.0014869527236275153,0.00012240902893032415,0.00022506155504100215,0.2646809469358633,-0.6109394435887263,0.7253952270173417,0.3122045362196161,0.474684911891444,0.28506504908621894,-0.3208512040175553,0.6287926873490831
4333736.637125749,19.70405628261656,0.007682409426791269,3.7809284330442554,0.0008414918919675754,0.00036479360964949037,0.00014642447834647097,0.3680615065495724,-0.3968988423480936,0.15882276601478815,0.5703811576131493,0.7171925301858142,0.8379509196640086,-0.5527108331481578,0.6286145580321736
