sample_id,family,equation,shape_class,inlet_kind,mean_target_correct,std_target_correct,mean_wall_loss,mean_live_recovery,mean_dead_removal,mean_live_outlet_purity,mean_dead_outlet_purity,length_mm,footprint_mm2,residence_s,flow_uL_min,active_joule_power_mW,steady_substrate_delta_c_proxy,thermal_risk,manufacturable_gap_ok,manufacturable_bend_ok,manufacturable_no_intersection_ok,self_intersects,channel_overlap_flag,min_nonlocal_clearance_um,min_curvature_radius_um,short_channel_score,v11_score
146,short_circular_c_arc,"partial circular spiral arc r(theta)=a+b theta, theta<1.2 turns",short_c_arc,dual_side_electrode_entry,1.0,0.0,0.0,1.0,1.0,1.0,1.0,4.398295690093815,4.969782521322479,1.8735213248713554,0.6596487738902304,15.258477431627577,15.35125266162274,high,True,True,True,False,False,153.51323190437859,1109.1178439956404,0.11368039696060886,2.5241720446826226
150,elliptic_logarithmic_spiral,"x=a exp(k theta) cos(theta), y=e a exp(k theta) sin(theta)",elliptic_logarithmic_spiral,major_axis_prefocus,1.0,0.0,0.0,1.0,1.0,1.0,1.0,4.556703197792613,2.9170219552147323,3.6814182136617504,0.39896511505024757,15.632241406106838,26.79486415616658,high,True,True,True,False,False,119.90810947785812,355.01522538495976,0.10972845460775527,2.463397853491901
141,elliptic_s_bend_prefocus_spiral,"S-bend inlet + x=(a+b theta) cos(theta), y=e(a+b theta) sin(theta)",elliptic_spiral_with_s_bend,s_bend_prefocus,0.95,0.0,0.0,0.9,1.0,1.0,0.9090909090909091,5.101910843357773,3.5079880108440173,5.294310159334675,0.2639493466106955,1.855649987507164,2.6448921458267707,low,True,True,True,False,False,128.8781479872867,378.8102666074455,0.08820224692594526,2.273033703889179
50,logarithmic_spiral_short,r(theta)=a exp(k theta),logarithmic_spiral,tangential,0.8444444444444444,0.0,0.0,0.9555555555555556,0.7333333333333333,0.7818181818181819,0.9428571428571428,4.988705910682615,3.8941341298367926,4.043894756174037,0.3911406374576176,2.2976372689576112,2.950126000223197,low,True,True,True,False,False,163.68570402369656,887.9913043637199,0.06904484862634715,1.8801171738396518
9,monotone_curvature_spiral,r(theta)=r0/(1+k theta)^p,monotone_curvature_spiral,outer_low_curvature_entry,0.9111111111111111,0.0,0.0,0.8222222222222222,1.0,1.0,0.8490566037735849,7.079656095729848,3.6733717016350447,4.456982035941206,0.45788224983173276,4.829765101547951,6.574021762347363,moderate,True,True,True,False,False,238.36101330665636,716.2199236032776,0.05806936178143965,1.7321515378327057
121,short_circular_c_arc,"partial circular spiral arc r(theta)=a+b theta, theta<1.2 turns",short_c_arc,dual_side_electrode_entry,0.7888888888888889,0.0,0.0,0.9555555555555556,0.6222222222222222,0.7166666666666667,0.9333333333333333,3.9267949786840046,4.469302210817996,2.6942910749509177,0.49270327026117255,21.80177139622046,24.390576389586084,high,True,True,True,False,False,150.07215336379505,1176.6213765993466,0.07356862032702935,1.6852111082094474
95,elliptic_s_bend_prefocus_spiral,"S-bend inlet + x=(a+b theta) cos(theta), y=e(a+b theta) sin(theta)",elliptic_spiral_with_s_bend,s_bend_prefocus,0.8111111111111111,0.0,0.0,0.8444444444444444,0.7777777777777778,0.7916666666666666,0.8333333333333334,5.493331605599624,4.183383419249552,4.354485275372754,0.44392507983684365,2.2655893717366373,2.7078433228373036,low,True,True,True,False,False,132.1565306395513,362.6044843699282,0.056634322019442664,1.660625941402751
115,short_circular_c_arc,"partial circular spiral arc r(theta)=a+b theta, theta<1.2 turns",short_c_arc,dual_side_electrode_entry,0.7444444444444445,0.0,0.0,0.4888888888888889,1.0,1.0,0.6617647058823529,3.8070149219329656,3.605499398235963,2.2305157241658846,0.4636049189206174,10.904527884621809,15.122076972134552,high,True,True,True,False,False,128.49963247149776,901.507060006547,0.06420895359147444,1.5439606367780738
133,monotone_curvature_spiral,r(theta)=r0/(1+k theta)^p,monotone_curvature_spiral,outer_low_curvature_entry,1.0,0.0,0.0,1.0,1.0,1.0,1.0,15.683212777820035,8.802428904164003,7.789161560176226,0.5773301225710232,8.517665458481886,4.838247233358847,low,True,True,True,False,False,241.6469927465078,1039.345641306181,0.03188122274966035,1.4782183412449053
48,logarithmic_spiral_short,r(theta)=a exp(k theta),logarithmic_spiral,tangential,0.7777777777777778,0.0,0.0,1.0,0.5555555555555556,0.6923076923076923,1.0,5.966926608826063,3.8112535313207787,6.3353141579510055,0.26144542805418014,6.235284019308044,8.180096086584962,moderate,True,True,True,False,False,122.53078547296613,907.2160324264617,0.04655290671195769,1.426071378457143
157,superellipse_oval_spiral,"x=r sign(cos(theta))|cos(theta)|^q, y=e r sign(sin(theta))|sin(theta)|^q",superellipse_oval,rounded_oval_entry,0.78125,0.0,0.0,0.575,0.9875,0.9787234042553191,0.6991150442477876,6.135430449850878,4.233411211650942,7.113937118501359,0.3797407289641572,6.625485669051832,7.8252328179430855,moderate,True,True,True,False,False,181.23785500475427,617.8345040154496,0.04584030449026373,1.4188545673539559
156,fermat_spiral_short,r(theta)=a sqrt(1+k theta),fermat_spiral,tangential,0.89375,0.0,0.0,0.7875,1.0,1.0,0.8247422680412371,12.865547123882283,7.315861783112551,5.683100022545089,0.6430131837146438,3.9504872780749483,2.6999466332141417,low,True,True,True,False,False,141.9744287451485,901.1753682311124,0.030604994580376833,1.3528249187056525
154,fermat_spiral_short,r(theta)=a sqrt(1+k theta),fermat_spiral,tangential,0.7625,0.0,0.0,0.5875,0.9375,0.9038461538461539,0.6944444444444444,7.081785323407428,3.0781212146613144,6.2596320084630035,0.34174297124028374,1.2816041880970075,2.0817961651292904,low,True,True,True,False,False,133.96788398914507,614.8834733812698,0.0370669242305833,1.3185038634587494
128,monotone_curvature_spiral,r(theta)=r0/(1+k theta)^p,monotone_curvature_spiral,outer_low_curvature_entry,1.0,0.0,0.0,1.0,1.0,1.0,1.0,13.82182879894771,8.183593461949654,11.88894317473746,0.3904605953820284,30.355506252848357,18.54656294572121,high,True,True,True,False,False,136.57803865179133,1128.357550003899,0.03617466308351802,1.301197921241377
151,fermat_spiral_short,r(theta)=a sqrt(1+k theta),fermat_spiral,tangential,0.9,0.0,0.0,1.0,0.8,0.8333333333333334,1.0,9.628820032419759,5.6385502605353475,7.070437819186402,0.38613050471703875,35.55184428289162,31.52569600356473,high,True,True,True,False,False,120.27137298953195,967.1017028440529,0.04154195411828447,1.2609219346427007
2,monotone_curvature_spiral,r(theta)=r0/(1+k theta)^p,monotone_curvature_spiral,outer_low_curvature_entry,0.7333333333333333,0.0,0.0,0.4666666666666667,1.0,1.0,0.6521739130434783,7.57852037998686,6.033103665622161,2.7714033122797153,0.8782045279902215,5.601630220049295,4.642411709223986,low,True,True,True,False,False,194.2733928327878,1035.1542003362156,0.030788771637998532,1.1951649079033113
106,elliptic_s_bend_prefocus_spiral,"S-bend inlet + x=(a+b theta) cos(theta), y=e(a+b theta) sin(theta)",elliptic_spiral_with_s_bend,s_bend_prefocus,0.6555555555555556,0.0,0.0,0.3333333333333333,0.9777777777777777,0.9375,0.5945945945945946,3.049605254169663,1.2819719989563452,2.1218630476400238,0.38824757891786005,0.3745577027867046,1.4608653819725876,low,True,True,False,False,True,62.223242769272666,240.7994577628352,0.05100842325178566,1.1706819043323404
129,monotone_curvature_spiral,r(theta)=r0/(1+k theta)^p,monotone_curvature_spiral,outer_low_curvature_entry,0.925,0.0,0.0,1.0,0.85,0.8695652173913043,1.0,13.850231700581837,8.709371265591708,9.160018296803855,0.44932824103646885,34.72085439271172,19.93304300270452,high,True,True,True,False,False,203.9533988519423,1086.9686892305942,0.030685407232728543,1.1263976909200815
130,monotone_curvature_spiral,r(theta)=r0/(1+k theta)^p,monotone_curvature_spiral,outer_low_curvature_entry,0.725,0.0,0.0,0.45,1.0,1.0,0.6451612903225806,9.402800135097124,7.321068473595588,8.048405194138413,0.3472987888321189,3.368461206190128,2.300525680328584,low,True,True,True,False,False,143.31762721489343,1154.9129700694598,0.023929042069091678,1.083935631036375
76,fermat_spiral_short,r(theta)=a sqrt(1+k theta),fermat_spiral,tangential,0.6222222222222222,0.0,0.0,0.5333333333333333,0.7111111111111111,0.6486486486486487,0.6037735849056604,4.962200743367222,2.0987766991773116,2.8104173014824214,0.6096826072075401,1.7286036383890224,4.1181218541891775,low,True,True,True,False,False,138.419915803027,484.98228391577635,0.024630648485068213,0.9916819494982454
84,fermat_spiral_short,r(theta)=a sqrt(1+k theta),fermat_spiral,tangential,0.7222222222222222,0.0,0.0,0.4444444444444444,1.0,1.0,0.6428571428571429,12.5225385842039,6.257783231443073,4.204798068840308,0.817773631071055,3.375566097351096,2.697094140613653,low,True,True,True,False,False,135.78278198512234,840.3451301157162,0.01774578059615934,0.9884089311646123
153,fermat_spiral_short,r(theta)=a sqrt(1+k theta),fermat_spiral,tangential,0.75625,0.0,0.0,1.0,0.5125,0.6722689075630253,1.0,9.148504727506648,4.968797479302526,4.628778707553307,0.5883199862366476,19.74244822513939,19.866424730909596,high,True,True,True,False,False,145.62854175907933,820.1953026931013,0.02801004181913331,0.9774308343864421
25,elliptic_prefocus_spiral,"straight inlet + x=(a+b theta) cos(theta), y=e(a+b theta) sin(theta)",elliptic_spiral_with_inlet,straight_prefocus,0.6222222222222222,0.0,0.0,0.3111111111111111,0.9333333333333333,0.8235294117647058,0.5753424657534246,5.229878416840477,3.0388410497143545,3.206171151539837,0.4897065548293745,0.3803276592592507,0.6257774806862648,low,True,True,True,False,False,131.6539449546963,325.3602136413257,0.023369993043941596,0.9727721178813462
38,superellipse_oval_spiral,"x=r sign(cos(theta))|cos(theta)|^q, y=e r sign(sin(theta))|sin(theta)|^q",superellipse_oval,rounded_oval_entry,0.6,0.0,0.0,0.5111111111111111,0.6888888888888889,0.6216216216216216,0.5849056603773585,5.836155886888485,3.6225113890191896,2.9921857953872975,0.8165465994233886,3.4118248980574917,4.709198304247785,low,True,True,True,False,False,163.64985498813235,523.5765988424787,0.0171345663032511,0.8570184945487664
109,elliptic_s_bend_prefocus_spiral,"S-bend inlet + x=(a+b theta) cos(theta), y=e(a+b theta) sin(theta)",elliptic_spiral_with_s_bend,s_bend_prefocus,0.6444444444444445,0.0,0.0,0.28888888888888886,1.0,1.0,0.5844155844155844,4.863436416822764,3.230168157486158,5.5943985434935355,0.24272245290067485,2.8678744870634545,4.4392030805222005,low,True,True,False,False,True,97.18197592602158,214.38890555722713,0.0297000787231035,0.8399456252909969
73,elliptic_logarithmic_spiral,"x=a exp(k theta) cos(theta), y=e a exp(k theta) sin(theta)",elliptic_logarithmic_spiral,major_axis_prefocus,0.5777777777777777,0.0,0.0,0.2,0.9555555555555556,0.8181818181818182,0.5443037974683544,4.9824924395961725,3.0533215584775304,3.6266583402866863,0.4654187838887143,0.7169680780257324,1.1740788912898388,low,True,True,True,False,False,161.80965180017955,597.5815102090153,0.01561021491165204,0.8119310014525583
78,fermat_spiral_short,r(theta)=a sqrt(1+k theta),fermat_spiral,tangential,0.6666666666666666,0.0,0.0,0.6888888888888889,0.6444444444444445,0.6595744680851063,0.6744186046511628,8.19381286304786,3.03420587927955,6.007859669376882,0.3906404725496247,10.44449927002168,17.21125672675456,high,True,True,True,False,False,114.24960540230494,501.1799321093521,0.020340550785372887,0.8099969313671731
34,elliptic_prefocus_spiral,"straight inlet + x=(a+b theta) cos(theta), y=e(a+b theta) sin(theta)",elliptic_spiral_with_inlet,straight_prefocus,0.5666666666666667,0.0,0.0,0.6888888888888889,0.4444444444444444,0.5535714285714286,0.5882352941176471,4.21591876561323,2.1149614519610194,1.0158197485369365,1.138079710009117,0.9532154479289977,2.253505488351015,low,True,True,True,False,False,113.03712164251564,364.02375402341926,0.015813081411916056,0.8038628878454075
24,elliptic_prefocus_spiral,"straight inlet + x=(a+b theta) cos(theta), y=e(a+b theta) sin(theta)",elliptic_spiral_with_inlet,straight_prefocus,0.6555555555555556,0.0,0.0,0.3111111111111111,1.0,1.0,0.5921052631578947,4.235447390044217,2.2237302234670517,1.2189850330718355,1.3540010813543373,8.104938343082837,18.223744628622946,high,True,True,False,False,True,111.32843835283899,290.7746156007896,0.036727065934333704,0.7964615445705612
135,monotone_curvature_spiral,r(theta)=r0/(1+k theta)^p,monotone_curvature_spiral,outer_low_curvature_entry,0.60625,0.0,0.0,0.2625,0.95,0.84,0.562962962962963,8.78834799348897,5.584666864632801,7.887036083142123,0.3850891839675787,4.730240520448492,4.235024787606118,low,True,True,True,False,False,199.7296249572926,914.8787673547923,0.012089871734564618,0.7875980760184692
139,short_circular_c_arc,"partial circular spiral arc r(theta)=a+b theta, theta<1.2 turns",short_c_arc,dual_side_electrode_entry,0.55,0.0,0.0,0.1625,0.9375,0.7222222222222222,0.528169014084507,4.939026011928363,4.396830334400404,3.3195389970911697,0.49802846458860983,2.337946509992865,2.6586726484542544,low,True,True,True,False,False,178.0231792463473,1031.390115015652,0.010123453466178111,0.7018518019926717
86,fermat_spiral_short,r(theta)=a sqrt(1+k theta),fermat_spiral,tangential,0.5444444444444444,0.0,0.0,0.26666666666666666,0.8222222222222222,0.6,0.5285714285714286,4.983964597043127,2.1025382305759384,1.6304055269748905,1.0069744972054813,0.6182527430985827,1.4702532731812148,low,True,True,True,False,False,134.16894928007915,460.41289724224623,0.008917487991550396,0.6782067643177003
81,fermat_spiral_short,r(theta)=a sqrt(1+k theta),fermat_spiral,tangential,0.5222222222222223,0.0,0.0,0.6666666666666666,0.37777777777777777,0.5172413793103449,0.53125,6.570722635804834,4.925466581886087,2.513840677473752,0.8896775378256689,0.5020358707187396,0.5096328057173592,low,True,True,True,False,False,165.36159891235738,974.2785712721965,0.0033820058240063428,0.5729523095823174
4,monotone_curvature_spiral,r(theta)=r0/(1+k theta)^p,monotone_curvature_spiral,outer_low_curvature_entry,0.5222222222222223,0.0,0.0,0.044444444444444446,1.0,1.0,0.5113636363636364,10.394867176483,4.655246333618849,3.6888331202457314,0.8273606943434842,2.635247057664464,2.830405599198337,low,True,True,True,False,False,116.65808413315222,884.6164093314295,0.002137807231678445,0.5542893306973989
15,monotone_curvature_spiral,r(theta)=r0/(1+k theta)^p,monotone_curvature_spiral,outer_low_curvature_entry,0.5222222222222223,0.0,0.0,0.2222222222222222,0.8222222222222222,0.5555555555555556,0.5138888888888888,12.304360693057948,9.387683227690578,2.7418967798703893,1.999147836279318,3.6754802449483006,1.9576077269559131,low,True,True,True,False,False,237.18943700078012,1179.6723209422998,0.0018060444403877,0.5493128888280377
18,monotone_curvature_spiral,r(theta)=r0/(1+k theta)^p,monotone_curvature_spiral,outer_low_curvature_entry,0.5666666666666667,0.0,0.0,0.13333333333333333,1.0,1.0,0.5357142857142857,7.257770208773805,3.355164414678619,1.7292267807883208,1.2456722336045913,9.551061442293273,14.233373185093438,high,True,True,True,False,False,214.08594715389404,617.5655250986032,0.009185557650485319,0.5444500314239464
132,monotone_curvature_spiral,r(theta)=r0/(1+k theta)^p,monotone_curvature_spiral,outer_low_curvature_entry,0.51875,0.0,0.0,0.0375,1.0,1.0,0.5095541401273885,8.08953119632063,3.3741266184586087,6.490329638737078,0.3929084486413984,4.400231027352781,6.520548166865955,moderate,True,True,True,False,False,217.71703974808239,570.2857850565908,0.002317810457116245,0.5035171568567437
0,elliptic_archimedean_short,"x=(a+b theta) cos(theta), y=e(a+b theta) sin(theta)",elliptic_spiral,major_axis_prefocus,0.5,0.0,0.0,1.0,0.0,0.5,0.0,6.755268569726466,4.723080191764387,6.177893934149971,0.328481848422714,2.833786333767002,2.9999345963977726,low,True,True,True,False,False,114.59998161868154,832.0219029090412,0.0,0.5
3,monotone_curvature_spiral,r(theta)=r0/(1+k theta)^p,monotone_curvature_spiral,outer_low_curvature_entry,0.5,0.0,0.0,1.0,0.0,0.5,0.0,8.36611476581572,6.085797740267686,5.359808847921086,0.7444653264666506,3.8218635510287924,3.1399856798894263,low,True,True,True,False,False,235.84749731119678,993.810440080822,0.0,0.5
5,monotone_curvature_spiral,r(theta)=r0/(1+k theta)^p,monotone_curvature_spiral,outer_low_curvature_entry,0.5,0.0,0.0,1.0,0.0,0.5,0.0,8.053700862665071,6.382599151316256,1.579809890562617,1.9179183027192752,0.7465739228511383,0.5848510184892118,low,True,True,True,False,False,139.4961785082501,1046.1771549029093,0.0,0.5
6,monotone_curvature_spiral,r(theta)=r0/(1+k theta)^p,monotone_curvature_spiral,outer_low_curvature_entry,0.5,0.0,0.0,1.0,0.0,0.5,0.0,9.236999106076949,8.876776368733756,2.229591442134534,1.4230788637082756,5.145803497061246,2.8984640838683644,low,True,True,True,False,False,206.9814384000513,1276.7991945517979,0.0,0.5
7,monotone_curvature_spiral,r(theta)=r0/(1+k theta)^p,monotone_curvature_spiral,outer_low_curvature_entry,0.5,0.0,0.0,1.0,0.0,0.5,0.0,12.377282901998395,10.011641098347683,6.7305367264204685,0.6037040641197615,3.5289481256360684,1.7624224095580516,low,True,True,True,False,False,217.1710491129119,1344.6970170605764,0.0,0.5
8,monotone_curvature_spiral,r(theta)=r0/(1+k theta)^p,monotone_curvature_spiral,outer_low_curvature_entry,0.5,0.0,0.0,1.0,0.0,0.5,0.0,7.471678123212252,4.443127402511613,1.4874045705589787,2.0703440080583406,1.7874157158302852,2.0114387388710644,low,True,True,True,False,False,195.89082455545338,792.303292737108,0.0,0.5
10,monotone_curvature_spiral,r(theta)=r0/(1+k theta)^p,monotone_curvature_spiral,outer_low_curvature_entry,0.5,0.0,0.0,1.0,0.0,0.5,0.0,6.5697251216278705,4.8188143278959785,2.648659729526875,1.1926385687501644,5.151868897080616,5.345577300267199,low,True,True,True,False,False,202.1042620502688,892.5700669757357,0.0,0.5
11,monotone_curvature_spiral,r(theta)=r0/(1+k theta)^p,monotone_curvature_spiral,outer_low_curvature_entry,0.5,0.0,0.0,1.0,0.0,0.5,0.0,7.045248243876603,4.437390901824666,2.9305864989812664,0.7342995882887826,1.1074841356662444,1.2479001288920075,low,True,True,True,False,False,204.98469951289752,844.6081185906634,0.0,0.5
12,monotone_curvature_spiral,r(theta)=r0/(1+k theta)^p,monotone_curvature_spiral,outer_low_curvature_entry,0.5,0.0,0.0,1.0,0.0,0.5,0.0,8.778236636985675,4.679786035405847,6.092512975933575,0.5695525207168487,4.210214619783444,4.498298199885883,low,True,True,True,False,False,206.00889627349176,809.2507272497651,0.0,0.5
14,monotone_curvature_spiral,r(theta)=r0/(1+k theta)^p,monotone_curvature_spiral,outer_low_curvature_entry,0.5,0.0,0.0,1.0,0.0,0.5,0.0,6.18911125056758,4.2837858145705425,6.564139839361528,0.45253701719602873,2.2666455050697225,2.6456102186063166,low,True,True,True,False,False,222.99883644597318,857.8359541133774,0.0,0.5
16,monotone_curvature_spiral,r(theta)=r0/(1+k theta)^p,monotone_curvature_spiral,outer_low_curvature_entry,0.5,0.0,0.0,1.0,0.0,0.5,0.0,7.489333454444669,5.887238920116648,6.455383165938874,0.4540304239651547,3.6592189302213654,3.107754738573497,low,True,True,True,False,False,172.66197980345012,974.5054784348196,0.0,0.5
17,monotone_curvature_spiral,r(theta)=r0/(1+k theta)^p,monotone_curvature_spiral,outer_low_curvature_entry,0.5,0.0,0.0,1.0,0.0,0.5,0.0,6.6710054935296315,3.6630046401622196,4.024802325710609,0.5633959880404997,1.0332872559593396,1.4104367281303516,low,True,True,True,False,False,140.1338648365189,804.7360198869364,0.0,0.5
22,elliptic_prefocus_spiral,"straight inlet + x=(a+b theta) cos(theta), y=e(a+b theta) sin(theta)",elliptic_spiral_with_inlet,straight_prefocus,0.5,0.0,0.0,1.0,0.0,0.5,0.0,5.685792280821803,3.7328385427256907,2.097498546005002,0.962601229417564,2.878810132561171,3.856060340690607,low,True,True,True,False,False,184.00738015458927,634.7512383444736,0.0,0.5
36,elliptic_prefocus_spiral,"straight inlet + x=(a+b theta) cos(theta), y=e(a+b theta) sin(theta)",elliptic_spiral_with_inlet,straight_prefocus,0.5,0.0,0.0,1.0,0.0,0.5,0.0,5.052978783979189,3.3602424413069305,3.475115439835386,0.6462523991949927,3.8046908078500117,5.661333779193351,low,True,True,True,False,False,168.64444807848264,593.6571863140307,0.0,0.5
43,logarithmic_spiral_short,r(theta)=a exp(k theta),logarithmic_spiral,tangential,0.5,0.0,0.0,1.0,0.0,0.5,0.0,2.906601964125933,1.2905018454901402,0.7897120608666753,1.0664566192836251,0.2902704542726563,1.12464176353971,low,True,True,True,False,False,104.65053218951067,496.3516768412842,0.0,0.5
49,logarithmic_spiral_short,r(theta)=a exp(k theta),logarithmic_spiral,tangential,0.5,0.0,0.0,1.0,0.0,0.5,0.0,5.279612919393288,3.755108396700352,1.220929930078404,1.438320168645705,1.7078016813695962,2.273971215944468,low,True,True,True,False,False,172.68393019367943,872.4224610330459,0.0,0.5
51,logarithmic_spiral_short,r(theta)=a exp(k theta),logarithmic_spiral,tangential,0.5,0.0,0.0,1.0,0.0,0.5,0.0,5.278953679649779,4.507845143497679,4.580280678335295,0.4914571672627318,4.286741814323669,4.754757182050786,low,True,True,True,False,False,199.2655289476133,949.3300661345409,0.0,0.5
54,logarithmic_spiral_short,r(theta)=a exp(k theta),logarithmic_spiral,tangential,0.5,0.0,0.0,1.0,0.0,0.5,0.0,3.8987036598585108,2.2362232202549004,1.0305087964171058,1.1484719119177658,1.2156565404602881,2.71810195299224,low,True,True,True,False,False,141.60460274892193,669.6542979090704,0.0,0.5
55,logarithmic_spiral_short,r(theta)=a exp(k theta),logarithmic_spiral,tangential,0.5,0.0,0.0,0.7777777777777778,0.2222222222222222,0.5,0.5,4.465607384967651,2.490163804951231,0.8597649062590185,1.5746744912897002,1.4215144811477287,2.854258981520231,low,True,True,True,False,False,167.6411628649405,718.028276014053,0.0,0.5
60,elliptic_logarithmic_spiral,"x=a exp(k theta) cos(theta), y=e a exp(k theta) sin(theta)",elliptic_logarithmic_spiral,major_axis_prefocus,0.5,0.0,0.0,1.0,0.0,0.5,0.0,4.524849892377975,3.4280238204288733,0.9547151238369747,1.7637557281580696,2.6903191830999873,3.924008880958428,low,True,True,True,False,False,156.62927434332798,608.9380434108086,0.0,0.5
71,elliptic_logarithmic_spiral,"x=a exp(k theta) cos(theta), y=e a exp(k theta) sin(theta)",elliptic_logarithmic_spiral,major_axis_prefocus,0.5,0.0,0.0,1.0,0.0,0.5,0.0,4.728869644122412,3.2328085162364895,2.65891822661444,0.6349292281432785,3.734224984024491,5.775512167314708,low,True,True,True,False,False,130.42650598319685,397.56665861757165,0.0,0.5
74,fermat_spiral_short,r(theta)=a sqrt(1+k theta),fermat_spiral,tangential,0.5,0.0,0.0,1.0,0.0,0.5,0.0,6.83017662783533,3.4208861736089444,7.3436526024297475,0.2539566039402406,3.93300745695185,5.748521373341445,low,True,True,True,False,False,130.70998892952952,657.5795058574117,0.0,0.5
77,fermat_spiral_short,r(theta)=a sqrt(1+k theta),fermat_spiral,tangential,0.5,0.0,0.0,1.0,0.0,0.5,0.0,5.02700843047451,2.144087097993826,3.612402774479175,0.4804297632124283,2.494818751403603,5.817904397955542,low,True,True,True,False,False,130.2847309266912,480.7829629257883,0.0,0.5
80,fermat_spiral_short,r(theta)=a sqrt(1+k theta),fermat_spiral,tangential,0.5,0.0,0.0,1.0,0.0,0.5,0.0,6.707068923387995,4.657724639261315,1.5697381806887836,1.1992522187958483,4.19504122123375,4.503316046071647,low,True,True,True,False,False,169.91636370317804,822.9782879214413,0.0,0.5
82,fermat_spiral_short,r(theta)=a sqrt(1+k theta),fermat_spiral,tangential,0.5,0.0,0.0,1.0,0.0,0.5,0.0,6.369249960977587,4.964856379005139,2.4299702775152174,0.8680657793578481,3.3182899953488447,3.3417784342975954,low,True,True,True,False,False,172.4706443290659,959.7140212240212,0.0,0.5
83,fermat_spiral_short,r(theta)=a sqrt(1+k theta),fermat_spiral,tangential,0.5,0.0,0.0,1.0,0.0,0.5,0.0,5.417141268729812,2.5041364214667543,1.1572702025365065,1.6357045295666797,0.909193992152134,1.8153843064580113,low,True,True,True,False,False,130.67469836899434,531.6445234542374,0.0,0.5
85,fermat_spiral_short,r(theta)=a sqrt(1+k theta),fermat_spiral,tangential,0.5,0.0,0.0,1.0,0.0,0.5,0.0,14.14274383913032,8.354885942875203,2.7603972765122853,1.7671187396422894,9.069254119130518,5.427515217526402,low,True,True,True,False,False,157.59134460383189,994.5162844692406,0.0,0.5
87,fermat_spiral_short,r(theta)=a sqrt(1+k theta),fermat_spiral,tangential,0.5,0.0,0.0,1.0,0.0,0.5,0.0,9.635894898235891,4.553304726142247,2.8380749932017415,0.9726249322386138,1.430100066022419,1.5703979329690727,low,True,True,True,False,False,120.28573126188365,682.8596683108409,0.0,0.5
89,fermat_spiral_short,r(theta)=a sqrt(1+k theta),fermat_spiral,tangential,0.5,0.0,0.0,1.0,0.0,0.5,0.0,7.032619011060505,4.049263582145003,3.295869173078089,0.7016388729291175,1.776748383824636,2.1939154463284467,low,True,True,True,False,False,131.02455850463477,801.1252452931799,0.0,0.5
90,fermat_spiral_short,r(theta)=a sqrt(1+k theta),fermat_spiral,tangential,0.5,0.0,0.0,1.0,0.0,0.5,0.0,4.567127159916263,2.504661461212008,1.0502807007658497,1.2564835464587587,2.4503016334048993,4.891482684089361,low,True,True,True,False,False,154.00320812652186,667.1657413128632,0.0,0.5
98,elliptic_s_bend_prefocus_spiral,"S-bend inlet + x=(a+b theta) cos(theta), y=e(a+b theta) sin(theta)",elliptic_spiral_with_s_bend,s_bend_prefocus,0.5,0.0,0.0,1.0,0.0,0.5,0.0,4.8266619356120195,3.307973437518731,3.3786106521738946,0.41149315180126206,0.6278871397773232,0.9490510604708685,low,True,True,True,False,False,106.47500250449671,286.69682354891734,0.0,0.5
100,elliptic_s_bend_prefocus_spiral,"S-bend inlet + x=(a+b theta) cos(theta), y=e(a+b theta) sin(theta)",elliptic_spiral_with_s_bend,s_bend_prefocus,0.5,0.0,0.0,1.0,0.0,0.5,0.0,4.990580501788548,2.973959608199084,1.5203061345927507,0.9250634111361695,1.5614159010339521,2.625146449079525,low,True,True,True,False,False,104.93582624540879,384.01928592349464,0.0,0.5
110,short_circular_c_arc,"partial circular spiral arc r(theta)=a+b theta, theta<1.2 turns",short_c_arc,dual_side_electrode_entry,0.5,0.0,0.0,1.0,0.0,0.5,0.0,6.354044854593548,5.908308311777497,1.3633331445867836,1.652428159340611,6.037600911381855,5.109415921429344,low,True,True,True,False,False,239.82063447285333,1123.2881717018543,0.0,0.5
113,short_circular_c_arc,"partial circular spiral arc r(theta)=a+b theta, theta<1.2 turns",short_c_arc,dual_side_electrode_entry,0.5,0.0,0.0,1.0,0.0,0.5,0.0,3.860845657025622,2.683210850768124,1.0089301268402646,1.1449635946158174,2.993865576786286,5.578886161572488,low,True,True,True,False,False,136.74059118553112,782.7074259303109,0.0,0.5
125,short_circular_c_arc,"partial circular spiral arc r(theta)=a+b theta, theta<1.2 turns",short_c_arc,dual_side_electrode_entry,0.5,0.0,0.0,1.0,0.0,0.5,0.0,6.352110092325092,4.910991684353346,2.7184809757500807,0.6804132846486879,1.9341195162484668,1.9691740900424084,low,True,True,True,False,False,236.76921764824584,1010.6333081114198,0.0,0.5
127,short_circular_c_arc,"partial circular spiral arc r(theta)=a+b theta, theta<1.2 turns",short_c_arc,dual_side_electrode_entry,0.5,0.0,0.0,1.0,0.0,0.5,0.0,4.599065666901461,4.718315602224358,0.9967669331202055,2.0271208534952425,5.473247131049934,5.800001094108329,low,True,True,True,False,False,170.3759059021417,1101.5513697719796,0.0,0.5
131,fermat_spiral_short,r(theta)=a sqrt(1+k theta),fermat_spiral,tangential,0.5,0.0,0.0,1.0,0.0,0.5,0.0,6.498156470272485,4.955998673706383,4.453931509112735,0.4611531734466723,3.6947016695820913,3.7275046996925236,low,True,True,True,False,False,217.12958301643974,971.9404877075574,0.0,0.5
134,short_circular_c_arc,"partial circular spiral arc r(theta)=a+b theta, theta<1.2 turns",short_c_arc,dual_side_electrode_entry,0.5,0.0,0.0,1.0,0.0,0.5,0.0,6.48613975859047,5.30363814516001,6.653289864513795,0.3313258088699079,1.7529688857137635,1.652609810223843,low,True,True,True,False,False,123.01585705425718,1074.077038957032,0.0,0.5
136,monotone_curvature_spiral,r(theta)=r0/(1+k theta)^p,monotone_curvature_spiral,outer_low_curvature_entry,0.5,0.0,0.0,1.0,0.0,0.5,0.0,9.936047104981766,9.084972524787203,7.007637514140545,0.40982833236679556,1.7355601845266828,0.955181856517136,low,True,True,True,False,False,167.80261844541857,1317.083022995766,0.0,0.5
137,elliptic_logarithmic_spiral,"x=a exp(k theta) cos(theta), y=e a exp(k theta) sin(theta)",elliptic_logarithmic_spiral,major_axis_prefocus,0.5,0.0,0.0,1.0,0.0,0.5,0.0,4.26699694185904,2.96328138931871,3.8483946880749103,0.3365250211665835,0.2687969324466194,0.4535460814074405,low,True,True,True,False,False,125.66508196784433,481.46392008215014,0.0,0.5
138,elliptic_prefocus_spiral,"straight inlet + x=(a+b theta) cos(theta), y=e(a+b theta) sin(theta)",elliptic_spiral_with_inlet,straight_prefocus,0.5,0.0,0.0,1.0,0.0,0.5,0.0,5.460538155232193,2.9816682467744555,3.443966297830423,0.4621884155273461,1.107741739939454,1.8575871764704206,low,True,True,True,False,False,117.07833805174285,540.9974456617356,0.0,0.5
140,elliptic_logarithmic_spiral,"x=a exp(k theta) cos(theta), y=e a exp(k theta) sin(theta)",elliptic_logarithmic_spiral,major_axis_prefocus,0.5,0.0,0.0,1.0,0.0,0.5,0.0,5.29693834571552,3.5787211585464425,5.548555735237489,0.35848149404111046,1.6460261460027095,2.2997407077550442,low,True,True,True,False,False,179.36700809858363,649.1749687560506,0.0,0.5
144,elliptic_s_bend_prefocus_spiral,"S-bend inlet + x=(a+b theta) cos(theta), y=e(a+b theta) sin(theta)",elliptic_spiral_with_s_bend,s_bend_prefocus,0.5,0.0,0.0,1.0,0.0,0.5,0.0,5.223782875347121,2.919046550056605,6.1447506955856035,0.25107887420375646,2.997193299672734,5.133856634822445,low,True,True,True,False,False,127.82584482461483,295.04506092854297,0.0,0.5
145,short_circular_c_arc,"partial circular spiral arc r(theta)=a+b theta, theta<1.2 turns",short_c_arc,dual_side_electrode_entry,0.5,0.0,0.0,1.0,0.0,0.5,0.0,4.886738060588786,4.70186138233917,5.344496712843206,0.32318691566942215,0.8171276325082953,0.868940581253137,low,True,True,True,False,False,188.756973876379,1168.3160879168793,0.0,0.5
147,short_circular_c_arc,"partial circular spiral arc r(theta)=a+b theta, theta<1.2 turns",short_c_arc,dual_side_electrode_entry,0.5,0.0,0.0,1.0,0.0,0.5,0.0,4.606634868396101,4.503654236433001,5.2945585166867675,0.289539281970337,4.14306381708506,4.599669068252521,low,True,True,True,False,False,172.8646236412623,1116.6372566193086,0.0,0.5
155,fermat_spiral_short,r(theta)=a sqrt(1+k theta),fermat_spiral,tangential,0.5,0.0,0.0,1.0,0.0,0.5,0.0,14.870267702030281,8.379746922032425,7.632243384036053,0.5917058827989916,3.5288041872971,2.1055553467963346,low,True,True,True,False,False,182.1693378970441,1004.8588356752741,0.0,0.5
1,monotone_curvature_spiral,r(theta)=r0/(1+k theta)^p,monotone_curvature_spiral,outer_low_curvature_entry,0.5111111111111111,0.0,0.0,0.022222222222222223,1.0,1.0,0.5056179775280899,8.542401440624545,4.397628403011518,5.456453659424847,0.44996497264026486,9.437639061936771,10.730373507086034,moderate,True,True,True,False,False,139.07986480201123,874.5052815329852,0.0013007011188060867,0.48062162789320234
19,elliptic_prefocus_spiral,"straight inlet + x=(a+b theta) cos(theta), y=e(a+b theta) sin(theta)",elliptic_spiral_with_inlet,straight_prefocus,0.5,0.0,0.0,1.0,0.0,0.5,0.0,4.984137944687743,2.8571317862348704,1.1552030984849295,1.5476668087447014,4.7099342869065275,8.24241693995026,moderate,True,True,True,False,False,134.2897017312755,376.2493538041763,0.0,0.45
37,superellipse_oval_spiral,"x=r sign(cos(theta))|cos(theta)|^q, y=e r sign(sin(theta))|sin(theta)|^q",superellipse_oval,rounded_oval_entry,0.5,0.0,0.0,1.0,0.0,0.5,0.0,5.76409630235792,3.5020512317166097,3.4048582245088435,0.6127144290289253,6.888973795193326,9.83562680751609,moderate,True,True,True,False,False,166.70146242189807,556.9644620085423,0.0,0.45
42,logarithmic_spiral_short,r(theta)=a exp(k theta),logarithmic_spiral,tangential,0.5,0.0,0.0,1.0,0.0,0.5,0.0,3.9922931089878215,2.374051249598047,3.24622627893648,0.45502552709266997,3.0825441065601638,6.492159988294424,moderate,True,True,True,False,False,146.65025681769137,693.046148934791,0.0,0.45
47,logarithmic_spiral_short,r(theta)=a exp(k theta),logarithmic_spiral,tangential,0.5,0.0,0.0,1.0,0.0,0.5,0.0,5.617386287115049,3.6456335121089953,2.650993956853213,0.6389925603213711,8.362230827780243,11.468830863010556,moderate,True,True,True,False,False,216.64813088300195,885.8842928130191,0.0,0.45
58,elliptic_logarithmic_spiral,"x=a exp(k theta) cos(theta), y=e a exp(k theta) sin(theta)",elliptic_logarithmic_spiral,major_axis_prefocus,0.5,0.0,0.0,1.0,0.0,0.5,0.0,3.975565618522832,2.2162109156581793,0.9531636517222357,1.2561551781330498,2.7135398341789716,6.12202524364224,moderate,True,True,True,False,False,122.49717541094779,412.6760730543804,0.0,0.45
91,fermat_spiral_short,r(theta)=a sqrt(1+k theta),fermat_spiral,tangential,0.5,0.0,0.0,1.0,0.0,0.5,0.0,10.996242695037253,6.055392192490727,5.088923817920378,0.937123677239015,9.162113373538977,7.565251830344602,moderate,True,True,True,False,False,173.6353110258027,826.0435047348954,0.0,0.45
104,elliptic_s_bend_prefocus_spiral,"S-bend inlet + x=(a+b theta) cos(theta), y=e(a+b theta) sin(theta)",elliptic_spiral_with_s_bend,s_bend_prefocus,0.5,0.0,0.0,1.0,0.0,0.5,0.0,4.234211011375819,2.4880143649975834,0.8171412290431245,1.4048393285521554,3.775857497676468,7.58809424655419,moderate,True,True,True,False,False,100.15187436490487,263.6433405496335,0.0,0.45
112,short_circular_c_arc,"partial circular spiral arc r(theta)=a+b theta, theta<1.2 turns",short_c_arc,dual_side_electrode_entry,0.5,0.0,0.0,1.0,0.0,0.5,0.0,4.677390941914517,2.667667412497132,1.911045496973585,0.8007749481919465,5.853994387807038,10.972121862686159,moderate,True,True,True,False,False,171.59169405715306,740.413139576662,0.0,0.45
120,short_circular_c_arc,"partial circular spiral arc r(theta)=a+b theta, theta<1.2 turns",short_c_arc,dual_side_electrode_entry,0.5,0.0,0.0,1.0,0.0,0.5,0.0,6.9648082958151605,5.728735632481367,1.5584281594483531,1.4925755590916803,7.738157388840053,6.753809117116054,moderate,True,True,True,False,False,249.36197601949306,1098.578503619544,0.0,0.45
142,elliptic_s_bend_prefocus_spiral,"S-bend inlet + x=(a+b theta) cos(theta), y=e(a+b theta) sin(theta)",elliptic_spiral_with_s_bend,s_bend_prefocus,0.5,0.0,0.0,1.0,0.0,0.5,0.0,5.474401271134148,3.620488060163635,4.733005854122147,0.38028622927450345,5.588032053497062,7.717235854168927,moderate,True,True,True,False,False,134.1674270386483,361.6580101674501,0.0,0.45
152,fermat_spiral_short,r(theta)=a sqrt(1+k theta),fermat_spiral,tangential,0.5,0.0,0.0,1.0,0.0,0.5,0.0,3.7802323492296974,1.7572103514325088,3.4838772756802245,0.3398908782823717,3.087320145041564,8.78471989003686,moderate,True,True,True,False,False,121.44382362941293,497.2360160032061,0.0,0.45
148,short_circular_c_arc,"partial circular spiral arc r(theta)=a+b theta, theta<1.2 turns",short_c_arc,dual_side_electrode_entry,0.5,0.0,0.0,1.0,0.0,0.5,0.0,5.466342190091399,5.298011366629309,2.1619826040185215,0.6835736898210282,10.837633987035959,10.228020701596813,moderate,True,True,True,False,False,205.15885273498822,1137.5149538486935,0.0,0.4466494640518562
75,fermat_spiral_short,r(theta)=a sqrt(1+k theta),fermat_spiral,tangential,0.5,0.0,0.0,1.0,0.0,0.5,0.0,11.652041004544415,6.387634454946852,6.681534955834849,0.6320261209271646,12.342309914233606,9.661095982625621,moderate,True,True,True,False,False,144.48634008415405,871.5428261275235,0.0,0.4406307603430656
67,elliptic_logarithmic_spiral,"x=a exp(k theta) cos(theta), y=e a exp(k theta) sin(theta)",elliptic_logarithmic_spiral,major_axis_prefocus,0.5444444444444444,0.0,0.0,0.6444444444444445,0.4444444444444444,0.5370370370370371,0.5555555555555556,4.566944102579388,3.0523407167276897,1.1398875211832211,1.7400766365301121,0.6484261483977348,1.062178519003754,low,True,True,False,False,True,121.0471725013709,335.6750607492442,0.0097317688691093,0.4404209774810839
52,logarithmic_spiral_short,r(theta)=a exp(k theta),logarithmic_spiral,tangential,0.5333333333333333,0.0,0.0,0.6888888888888889,0.37777777777777777,0.5254237288135594,0.5483870967741935,3.649631667172699,1.8508941890765236,1.5989940696632725,0.930671576413132,0.8085683737277314,2.1842641748504126,low,True,True,False,False,True,131.14387981863862,589.7223665241677,0.009133341765185864,0.42033345981112125
41,logarithmic_spiral_short,r(theta)=a exp(k theta),logarithmic_spiral,tangential,0.5333333333333333,0.0,0.0,0.6,0.4666666666666667,0.5294117647058824,0.5384615384615384,3.7438805406961473,1.8101435794020158,0.7207772548717215,1.9355312415294663,1.8949360295135158,5.234214708370016,low,True,True,False,False,True,129.3530141652912,566.0342825271504,0.008903417983292607,0.41688460308272246
117,short_circular_c_arc,"partial circular spiral arc r(theta)=a+b theta, theta<1.2 turns",short_c_arc,dual_side_electrode_entry,0.5444444444444444,0.0,0.0,0.26666666666666666,0.8222222222222222,0.6,0.5285714285714286,4.172467636769043,3.5637856766183376,2.4664957208646365,0.7770441330908625,6.051533385284697,8.490316105410374,moderate,True,True,False,False,True,160.2103817632074,937.7041086453803,0.010651836829790255,0.4042219968912981
149,elliptic_s_bend_prefocus_spiral,"S-bend inlet + x=(a+b theta) cos(theta), y=e(a+b theta) sin(theta)",elliptic_spiral_with_s_bend,s_bend_prefocus,0.525,0.0,0.0125,0.0875,0.9625,0.7,0.5202702702702703,5.539557936592139,3.97337935859902,3.803197659618598,0.4050133343351959,21.521801236133935,27.082489857855332,high,True,True,True,False,False,136.04690362231656,373.00597617912854,0.0045129954928099705,0.3716077274476137
44,logarithmic_spiral_short,r(theta)=a exp(k theta),logarithmic_spiral,tangential,0.5222222222222223,0.0,0.0,0.9111111111111111,0.13333333333333333,0.5125,0.6,3.46888246949372,1.8985180482221506,0.7078441992417404,1.997295747603887,0.6568107134328142,1.7297984447603183,low,True,True,False,False,True,121.84776581665768,572.8317478899605,0.0064061617589095095,0.36831464860586494
97,elliptic_s_bend_prefocus_spiral,"S-bend inlet + x=(a+b theta) cos(theta), y=e(a+b theta) sin(theta)",elliptic_spiral_with_s_bend,s_bend_prefocus,0.5666666666666667,0.0,0.0,0.4888888888888889,0.6444444444444445,0.5789473684210527,0.5576923076923077,4.68467453297544,3.1650395147095685,1.2837525468090212,1.2075891027686245,11.221768777814242,17.727691432699185,high,True,True,False,False,True,116.90500959945446,433.816065133727,0.014230800068905482,0.3652415925889919
143,short_circular_c_arc,"partial circular spiral arc r(theta)=a+b theta, theta<1.2 turns",short_c_arc,dual_side_electrode_entry,0.51875,0.0,0.0,0.0375,1.0,1.0,0.5095541401273885,3.685710900612572,3.410942231629823,2.0559824922394188,0.5367605652849506,30.52211965000588,44.74147842049753,high,True,True,True,False,False,135.9071499904373,1037.1323876324789,0.0050872139746185084,0.3529697310192541
32,elliptic_prefocus_spiral,"straight inlet + x=(a+b theta) cos(theta), y=e(a+b theta) sin(theta)",elliptic_spiral_with_inlet,straight_prefocus,0.5,0.0,0.0,1.0,0.0,0.5,0.0,3.9102895194068283,2.0225502999552196,0.7850733167747203,1.553793088183767,5.57312893321418,13.777479188867572,high,True,True,True,False,False,113.10468990574452,390.6605123986461,0.0,0.33999999999999997
39,superellipse_oval_spiral,"x=r sign(cos(theta))|cos(theta)|^q, y=e r sign(sin(theta))|sin(theta)|^q",superellipse_oval,rounded_oval_entry,0.5,0.0,0.0,1.0,0.0,0.5,0.0,5.664697970528118,3.222136357911545,2.3201513470886543,0.8846414068852548,8.504772868307859,13.197413026027705,high,True,True,True,False,False,130.96217339061837,359.2293051546723,0.0,0.33999999999999997
111,short_circular_c_arc,"partial circular spiral arc r(theta)=a+b theta, theta<1.2 turns",short_c_arc,dual_side_electrode_entry,0.5,0.0,0.0,1.0,0.0,0.5,0.0,3.7449892592486607,1.7548492435770398,0.7265639153270378,1.5838350251820594,7.001274039672945,19.94836327194046,high,True,True,True,False,False,133.68966276877967,591.6881637808168,0.0,0.33999999999999997
116,short_circular_c_arc,"partial circular spiral arc r(theta)=a+b theta, theta<1.2 turns",short_c_arc,dual_side_electrode_entry,0.5,0.0,0.0,1.0,0.0,0.5,0.0,5.642545522399191,5.144589423279442,1.365219710466052,1.5950246146430964,16.52692654870942,16.06243490872616,high,True,True,True,False,False,208.47236000443397,1043.4911442242974,0.0,0.31389229380516237
103,elliptic_s_bend_prefocus_spiral,"S-bend inlet + x=(a+b theta) cos(theta), y=e(a+b theta) sin(theta)",elliptic_spiral_with_s_bend,s_bend_prefocus,0.5666666666666667,0.0,0.0,0.13333333333333333,1.0,1.0,0.5357142857142857,4.9120597663529235,3.7481250372461914,1.3509902480817657,1.4948575410128457,22.731948312473065,30.32442632860322,high,True,True,False,False,True,125.20768639844408,450.3984039714546,0.013572038989290417,0.3093194582561306
79,fermat_spiral_short,r(theta)=a sqrt(1+k theta),fermat_spiral,tangential,0.5,0.0,0.0,1.0,0.0,0.5,0.0,13.826935411202548,8.349197578737549,2.9180521276983,1.6931725440188006,20.500501885381087,12.276929424684244,high,True,True,True,False,False,186.59247897585695,1001.9529570161553,0.0,0.2979979924584757
13,monotone_curvature_spiral,r(theta)=r0/(1+k theta)^p,monotone_curvature_spiral,outer_low_curvature_entry,0.5,0.0,0.0,1.0,0.0,0.5,0.0,8.758343369712133,4.772612095585873,2.491254161054218,1.6289091135921399,27.845546490829204,29.172228889692484,high,True,True,True,False,False,195.01287337481682,821.6665791272771,0.0,0.26861781403668317
88,fermat_spiral_short,r(theta)=a sqrt(1+k theta),fermat_spiral,tangential,0.5,0.0,0.0,1.0,0.0,0.5,0.0,6.358266306870001,3.15616076236108,4.815123612918889,0.37529653300607735,29.94040744455899,47.43168947794818,high,True,True,True,False,False,147.81648888199817,579.947374056297,0.0,0.260238370221764
61,elliptic_logarithmic_spiral,"x=a exp(k theta) cos(theta), y=e a exp(k theta) sin(theta)",elliptic_logarithmic_spiral,major_axis_prefocus,0.5111111111111111,0.0,0.0,0.4666666666666667,0.5555555555555556,0.5121951219512195,0.5102040816326531,3.923734113980063,1.6691655888750139,1.0525293559478686,1.2916841397523247,2.379961915625223,7.129196562305339,moderate,True,True,False,False,True,110.06375789232195,292.91330460535806,0.0028317696327900387,0.2535876556029616
123,short_circular_c_arc,"partial circular spiral arc r(theta)=a+b theta, theta<1.2 turns",short_c_arc,dual_side_electrode_entry,0.5,0.0,0.0,1.0,0.0,0.5,0.0,5.75034430792277,4.512304762308587,4.322779628586365,0.44700882172394135,32.307157015727356,35.79895277197362,high,True,True,True,False,False,221.54223708640288,986.3737437932477,0.0,0.25077137193709054
26,elliptic_prefocus_spiral,"straight inlet + x=(a+b theta) cos(theta), y=e(a+b theta) sin(theta)",elliptic_spiral_with_inlet,straight_prefocus,0.5,0.0,0.0,1.0,0.0,0.5,0.0,3.9582833603052117,2.0470334205821605,1.8967424899410974,0.6889299468152852,0.45286764657891704,1.1061559670338088,low,True,True,False,False,True,100.06535436277025,337.11104495419636,0.0,0.25
27,elliptic_prefocus_spiral,"straight inlet + x=(a+b theta) cos(theta), y=e(a+b theta) sin(theta)",elliptic_spiral_with_inlet,straight_prefocus,0.5,0.0,0.0,1.0,0.0,0.5,0.0,3.514601370988442,1.714036206972682,0.7957286084280197,2.075994487701052,1.0877049661235387,3.172934625589488,low,True,True,False,False,True,103.05365895033168,376.64659275270304,0.0,0.25
29,elliptic_prefocus_spiral,"straight inlet + x=(a+b theta) cos(theta), y=e(a+b theta) sin(theta)",elliptic_spiral_with_inlet,straight_prefocus,0.5,0.0,0.0,1.0,0.0,0.5,0.0,5.573497673922233,4.445560332991373,1.1429053311239779,1.7685461109734113,1.3921298157836868,1.5657529214623622,low,True,True,False,False,True,116.59896543338932,272.03472189586176,0.0,0.25
31,elliptic_prefocus_spiral,"straight inlet + x=(a+b theta) cos(theta), y=e(a+b theta) sin(theta)",elliptic_spiral_with_inlet,straight_prefocus,0.5,0.0,0.0,1.0,0.0,0.5,0.0,5.502752369505794,3.3754992858042296,2.167186862042965,0.8772384352022988,1.9213897792849235,2.8460823371602975,low,True,True,False,False,True,117.60611944166176,525.3267350630302,0.0,0.25
33,elliptic_prefocus_spiral,"straight inlet + x=(a+b theta) cos(theta), y=e(a+b theta) sin(theta)",elliptic_spiral_with_inlet,straight_prefocus,0.5,0.0,0.0,1.0,0.0,0.5,0.0,4.910495825708423,3.1851802260928315,2.3579494435333905,0.8740036148407808,3.2295822029455983,5.069700886136721,low,True,True,False,False,True,120.40271560618832,301.457439366914,0.0,0.25
35,elliptic_prefocus_spiral,"straight inlet + x=(a+b theta) cos(theta), y=e(a+b theta) sin(theta)",elliptic_spiral_with_inlet,straight_prefocus,0.5,0.0,0.0,1.0,0.0,0.5,0.0,3.7038518594065777,2.0137419721511276,1.8742845576938008,0.6320096526810339,0.678086327708841,1.6836475007383713,low,True,True,False,False,True,74.77814569755272,199.67267650156253,0.0,0.25
40,logarithmic_spiral_short,r(theta)=a exp(k theta),logarithmic_spiral,tangential,0.5,0.0,0.0,1.0,0.0,0.5,0.0,3.4610529447735683,1.4543766965294527,0.7614983490329257,1.6291859670472257,1.2960319392836255,4.455626738163222,low,True,True,False,False,True,120.96886090918743,514.8014857396307,0.0,0.25
46,logarithmic_spiral_short,r(theta)=a exp(k theta),logarithmic_spiral,tangential,0.5,0.0,0.0,0.8444444444444444,0.15555555555555556,0.5,0.5,3.266971043292973,1.6359232973959086,0.9225268724397598,1.6621512485096976,0.779570118125109,2.382660970004041,low,True,True,False,False,True,110.22988394320032,514.8869067906052,0.0,0.25
53,logarithmic_spiral_short,r(theta)=a exp(k theta),logarithmic_spiral,tangential,0.5,0.0,0.0,1.0,0.0,0.5,0.0,3.813180349331518,1.9790596756565855,1.862058916276522,0.9354028815610086,1.497172286891114,3.7825344665122405,low,True,True,False,False,True,141.33238395716015,603.0792610588272,0.0,0.25
59,elliptic_logarithmic_spiral,"x=a exp(k theta) cos(theta), y=e a exp(k theta) sin(theta)",elliptic_logarithmic_spiral,major_axis_prefocus,0.5,0.0,0.0,1.0,0.0,0.5,0.0,4.152590160332047,2.5648864319553852,2.372427741475817,0.7165190734334003,1.7839535544295508,3.4776462852382966,low,True,True,False,False,True,113.62386074208983,337.93834136915615,0.0,0.25
64,elliptic_logarithmic_spiral,"x=a exp(k theta) cos(theta), y=e a exp(k theta) sin(theta)",elliptic_logarithmic_spiral,major_axis_prefocus,0.5,0.0,0.0,1.0,0.0,0.5,0.0,3.3658970287879573,1.4028265112179281,0.8899991952381624,1.3767190272487353,1.256109059061677,4.47706487230245,low,True,True,False,False,True,98.74217971886729,345.4486887113762,0.0,0.25
65,elliptic_logarithmic_spiral,"x=a exp(k theta) cos(theta), y=e a exp(k theta) sin(theta)",elliptic_logarithmic_spiral,major_axis_prefocus,0.5,0.0,0.0,1.0,0.0,0.5,0.0,3.356965531283713,1.3998210960828514,1.0355124445038109,1.0871582589481132,1.192724589485682,4.260275090950222,low,True,True,False,False,True,100.88855702684269,358.4275290837146,0.0,0.25
66,elliptic_logarithmic_spiral,"x=a exp(k theta) cos(theta), y=e a exp(k theta) sin(theta)",elliptic_logarithmic_spiral,major_axis_prefocus,0.5,0.0,0.0,1.0,0.0,0.5,0.0,4.222101196399153,2.187951200549123,0.9759817257854478,1.558664644461649,1.8513863662691812,4.230867593857961,low,True,True,False,False,True,107.75230892251234,292.023490255023,0.0,0.25
70,elliptic_logarithmic_spiral,"x=a exp(k theta) cos(theta), y=e a exp(k theta) sin(theta)",elliptic_logarithmic_spiral,major_axis_prefocus,0.5,0.0,0.0,1.0,0.0,0.5,0.0,3.69196595574466,1.7194137196083694,1.126316848010841,1.2886847408711344,1.5374297694192762,4.470796504315018,low,True,True,False,False,True,108.24068823460895,333.3302241527123,0.0,0.25
72,elliptic_logarithmic_spiral,"x=a exp(k theta) cos(theta), y=e a exp(k theta) sin(theta)",elliptic_logarithmic_spiral,major_axis_prefocus,0.5,0.0,0.0,1.0,0.0,0.5,0.0,3.115568942490896,1.2069199038116756,1.0024931270914246,0.9235393803976767,0.8506498846062951,3.5240527640640686,low,True,True,False,False,True,77.90695915734292,233.28713096902297,0.0,0.25
92,elliptic_s_bend_prefocus_spiral,"S-bend inlet + x=(a+b theta) cos(theta), y=e(a+b theta) sin(theta)",elliptic_spiral_with_s_bend,s_bend_prefocus,0.5,0.0,0.0,1.0,0.0,0.5,0.0,4.434730632982832,3.243822350298445,2.0315860260864946,0.9202345701320869,1.5455393976390928,2.382281195973782,low,True,True,False,False,True,131.482131227266,535.7999802392728,0.0,0.25
96,elliptic_s_bend_prefocus_spiral,"S-bend inlet + x=(a+b theta) cos(theta), y=e(a+b theta) sin(theta)",elliptic_spiral_with_s_bend,s_bend_prefocus,0.5,0.0,0.0,1.0,0.0,0.5,0.0,3.8319724106422113,1.9186889017809667,1.2353075175686297,1.4633351850734244,0.7171247765666685,1.8687885667682198,low,True,True,False,False,True,113.53098327157747,321.96764454023446,0.0,0.25
99,elliptic_s_bend_prefocus_spiral,"S-bend inlet + x=(a+b theta) cos(theta), y=e(a+b theta) sin(theta)",elliptic_spiral_with_s_bend,s_bend_prefocus,0.5,0.0,0.0,1.0,0.0,0.5,0.0,4.418855470920264,3.1732925860239223,1.2458855003251506,1.0179669970202554,2.5950567875703574,4.088902484125986,low,True,True,False,False,True,94.44229054261257,238.68843495636307,0.0,0.25
102,elliptic_s_bend_prefocus_spiral,"S-bend inlet + x=(a+b theta) cos(theta), y=e(a+b theta) sin(theta)",elliptic_spiral_with_s_bend,s_bend_prefocus,0.5,0.0,0.0,1.0,0.0,0.5,0.0,4.063245687604121,2.4689038237336436,0.9815941016557463,1.5819477094380583,1.607321110329793,3.2551310724998044,low,True,True,False,False,True,113.50469145998434,422.63692780631544,0.0,0.25
107,elliptic_s_bend_prefocus_spiral,"S-bend inlet + x=(a+b theta) cos(theta), y=e(a+b theta) sin(theta)",elliptic_spiral_with_s_bend,s_bend_prefocus,0.5,0.0,0.0,1.0,0.0,0.5,0.0,4.8329437956339625,3.097043160154176,2.3539358383482334,0.807119302696645,1.641808865505767,2.650607015473486,low,True,True,False,False,True,132.95415964271987,436.90101715022087,0.0,0.25
118,short_circular_c_arc,"partial circular spiral arc r(theta)=a+b theta, theta<1.2 turns",short_c_arc,dual_side_electrode_entry,0.5,0.0,0.0,1.0,0.0,0.5,0.0,3.4190602021505416,1.7828436414469686,2.268509804652429,0.6473441848307239,1.8890668054483317,5.297903757603644,low,True,True,False,False,True,116.14402415299595,559.0133791630782,0.0,0.25
20,elliptic_prefocus_spiral,"straight inlet + x=(a+b theta) cos(theta), y=e(a+b theta) sin(theta)",elliptic_spiral_with_inlet,straight_prefocus,0.5,0.0,0.0,1.0,0.0,0.5,0.0,4.684889332998026,2.8882571596588957,1.2235237456046668,1.6506572680062794,3.7362006875862153,6.467915564740541,moderate,True,True,False,False,True,119.75760757884132,321.9724027192928,0.0,0.2
28,elliptic_prefocus_spiral,"straight inlet + x=(a+b theta) cos(theta), y=e(a+b theta) sin(theta)",elliptic_spiral_with_inlet,straight_prefocus,0.5,0.0,0.0,1.0,0.0,0.5,0.0,5.144179084976287,3.3747041458854268,1.30424829570153,1.5618686287626147,7.6387085384931765,11.317597348209906,moderate,True,True,False,False,True,116.1573297973075,276.36585234359706,0.0,0.2
56,elliptic_logarithmic_spiral,"x=a exp(k theta) cos(theta), y=e a exp(k theta) sin(theta)",elliptic_logarithmic_spiral,major_axis_prefocus,0.5,0.0,0.0,1.0,0.0,0.5,0.0,2.920992926382248,1.0396475559760454,2.1435368086074496,0.4577905578850605,1.437877974981073,6.915218367589773,moderate,True,True,False,False,True,75.85623899739704,236.1147764410273,0.0,0.2
69,elliptic_logarithmic_spiral,"x=a exp(k theta) cos(theta), y=e a exp(k theta) sin(theta)",elliptic_logarithmic_spiral,major_axis_prefocus,0.5,0.0,0.0,1.0,0.0,0.5,0.0,3.3917328083090115,1.4401635601884717,1.3177096084200204,0.7608109296933151,2.510978027578417,8.717683522175111,moderate,True,True,False,False,True,90.61586560961767,251.8297847801988,0.0,0.2
93,elliptic_s_bend_prefocus_spiral,"S-bend inlet + x=(a+b theta) cos(theta), y=e(a+b theta) sin(theta)",elliptic_spiral_with_s_bend,s_bend_prefocus,0.5,0.0,0.0,1.0,0.0,0.5,0.0,5.0042936352371425,4.1531703754103555,3.06829383224448,0.7812419241574992,7.165740767398199,8.626832178405618,moderate,True,True,False,False,True,116.75735090553408,351.0334088305242,0.0,0.2
119,short_circular_c_arc,"partial circular spiral arc r(theta)=a+b theta, theta<1.2 turns",short_c_arc,dual_side_electrode_entry,0.5,0.0,0.0,1.0,0.0,0.5,0.0,3.679026494233275,3.469046707843735,1.8150788797434911,0.8095561041170394,5.547172432961986,7.995240335651113,moderate,True,True,False,False,True,126.35376420790827,876.5416546408983,0.0,0.2
126,short_circular_c_arc,"partial circular spiral arc r(theta)=a+b theta, theta<1.2 turns",short_c_arc,dual_side_electrode_entry,0.5,0.0,0.0,1.0,0.0,0.5,0.0,3.9821546659915987,2.948073863175587,1.0038355317353478,1.7723181896894862,5.617515005456833,9.527432598662562,moderate,True,True,False,False,True,131.49194634374734,725.8212627882074,0.0,0.2
105,elliptic_s_bend_prefocus_spiral,"S-bend inlet + x=(a+b theta) cos(theta), y=e(a+b theta) sin(theta)",elliptic_spiral_with_s_bend,s_bend_prefocus,0.5,0.0,0.0,1.0,0.0,0.5,0.0,3.2920326520975567,1.5810239913085644,0.8672491514767642,1.5846880140199806,2.5484116946163176,8.059370726269233,moderate,True,False,False,False,True,85.78302820402365,237.1767326830344,0.0,0.12
30,elliptic_prefocus_spiral,"straight inlet + x=(a+b theta) cos(theta), y=e(a+b theta) sin(theta)",elliptic_spiral_with_inlet,straight_prefocus,0.5,0.0,0.0,1.0,0.0,0.5,0.0,4.572974757147383,2.4974797756860028,1.8637855464653168,0.8847674624651034,7.354779595846918,14.724402710782156,high,True,True,False,False,True,106.49697028206629,248.17225946273325,0.0,0.08999999999999997
45,logarithmic_spiral_short,r(theta)=a exp(k theta),logarithmic_spiral,tangential,0.5,0.0,0.0,1.0,0.0,0.5,0.0,3.641524333807245,1.855420352350754,3.742161774658325,0.4490274360988521,8.354536045609075,22.51386332758548,high,True,True,False,False,True,132.24487195421162,578.9659386222096,0.0,0.08999999999999997
57,elliptic_logarithmic_spiral,"x=a exp(k theta) cos(theta), y=e a exp(k theta) sin(theta)",elliptic_logarithmic_spiral,major_axis_prefocus,0.5,0.0,0.0,1.0,0.0,0.5,0.0,3.878015577324051,2.0484247256587906,0.9874941696950906,1.9148979075941501,8.395805225555284,20.493321332213277,high,True,True,False,False,True,106.89322715368456,303.96084623586387,0.0,0.08999999999999997
62,elliptic_logarithmic_spiral,"x=a exp(k theta) cos(theta), y=e a exp(k theta) sin(theta)",elliptic_logarithmic_spiral,major_axis_prefocus,0.5,0.0,0.0,1.0,0.0,0.5,0.0,3.7166262933154792,1.7024817165348274,0.9584177226602418,1.1602254756282802,4.372307851383853,12.840983280228988,high,True,True,False,False,True,105.60421368755773,349.08071503566237,0.0,0.08999999999999997
94,elliptic_s_bend_prefocus_spiral,"S-bend inlet + x=(a+b theta) cos(theta), y=e(a+b theta) sin(theta)",elliptic_spiral_with_s_bend,s_bend_prefocus,0.5,0.0,0.0,1.0,0.0,0.5,0.0,3.0667900401522683,1.7119875967189921,0.7070097405955382,1.6085392823699367,5.939173534355861,17.345842767021885,high,True,True,False,False,True,79.04340282947854,264.98197554499194,0.0,0.08999999999999997
122,short_circular_c_arc,"partial circular spiral arc r(theta)=a+b theta, theta<1.2 turns",short_c_arc,dual_side_electrode_entry,0.5,0.0,0.0,1.0,0.0,0.5,0.0,2.9957094506771513,2.1769649545378917,2.5877914518114884,0.40851045682776094,6.026608147473055,13.841766572563715,high,True,True,False,False,True,105.57350681425177,702.9528589548648,0.0,0.08999999999999997
124,short_circular_c_arc,"partial circular spiral arc r(theta)=a+b theta, theta<1.2 turns",short_c_arc,dual_side_electrode_entry,0.5,0.0,0.0,1.0,0.0,0.5,0.0,3.8378071708355783,2.3734594493225862,1.1453623768064856,1.6305867586585125,10.63429617132225,22.402523401774157,high,True,True,False,False,True,140.77646233334318,663.7325737553502,0.0,0.087462815314711
21,elliptic_prefocus_spiral,"straight inlet + x=(a+b theta) cos(theta), y=e(a+b theta) sin(theta)",elliptic_spiral_with_inlet,straight_prefocus,0.5,0.0,0.0,1.0,0.0,0.5,0.0,5.981854765870514,4.110587237952028,1.2270523603910601,2.2372605254385736,12.125732866496998,14.749392440261486,high,True,True,False,False,True,164.54523016651427,443.1092204082722,0.0,0.08149706853401195
23,elliptic_prefocus_spiral,"straight inlet + x=(a+b theta) cos(theta), y=e(a+b theta) sin(theta)",elliptic_spiral_with_inlet,straight_prefocus,0.5,0.0,0.0,1.0,0.0,0.5,0.0,3.9662295742730196,2.168737292266816,2.2263728940288616,0.6114458753960974,20.08011042143331,46.294473961954836,high,True,True,False,False,True,88.2534208774451,258.3790087695062,0.0,0.049679558314266736
108,elliptic_s_bend_prefocus_spiral,"S-bend inlet + x=(a+b theta) cos(theta), y=e(a+b theta) sin(theta)",elliptic_spiral_with_s_bend,s_bend_prefocus,0.5,0.0,0.0,1.0,0.0,0.5,0.0,3.400304959237584,1.6830008249030968,2.454831488385342,0.48428205236150534,21.789331508367205,64.73357346578182,high,True,True,False,False,True,88.0804173929415,318.25298791662914,0.0,0.042842673966531186
101,elliptic_s_bend_prefocus_spiral,"S-bend inlet + x=(a+b theta) cos(theta), y=e(a+b theta) sin(theta)",elliptic_spiral_with_s_bend,s_bend_prefocus,0.5,0.0,0.0,1.0,0.0,0.5,0.0,4.555841029333996,3.727126761477628,2.0858748715264164,1.003839618837686,25.77407183963613,34.57632848180611,high,True,True,False,False,True,109.07881232880385,412.0875691521874,0.0,0.026903712641455524
68,elliptic_logarithmic_spiral,"x=a exp(k theta) cos(theta), y=e a exp(k theta) sin(theta)",elliptic_logarithmic_spiral,major_axis_prefocus,0.5,0.0,0.0,1.0,0.0,0.5,0.0,4.284095934336891,2.9181709645993714,1.0693531454790193,1.7568650554788467,47.730307122765524,81.78120422310195,high,True,True,False,False,True,105.420025985964,278.75425360800443,0.0,-0.0609212284910621
114,short_circular_c_arc,"partial circular spiral arc r(theta)=a+b theta, theta<1.2 turns",short_c_arc,dual_side_electrode_entry,0.5,0.0,0.0,1.0,0.0,0.5,0.0,3.4952485051288207,1.9667428807601464,2.315125558931551,0.6831372769739426,58.35110011788574,148.3445057529153,high,True,True,False,False,True,121.44697822034134,596.6748182499613,0.0,-0.10340440047154295
63,elliptic_logarithmic_spiral,"x=a exp(k theta) cos(theta), y=e a exp(k theta) sin(theta)",elliptic_logarithmic_spiral,major_axis_prefocus,0.5,0.0,0.0,1.0,0.0,0.5,0.0,4.76849327009137,2.931762649217189,1.0548591307676414,2.1302133327858663,79.64146524915512,135.8252266267534,high,True,True,False,False,True,147.87794036095494,492.2353408505486,0.0,-0.18856586099662045
