sample_id,family,equation,shape_class,inlet_kind,mean_target_correct,std_target_correct,mean_wall_loss,mean_live_recovery,mean_dead_removal,mean_live_outlet_purity,mean_dead_outlet_purity,length_mm,footprint_mm2,residence_s,flow_uL_min,active_joule_power_mW,steady_substrate_delta_c_proxy,thermal_risk,manufacturable_gap_ok,manufacturable_bend_ok,min_curvature_radius_um,short_channel_score,v10_score
225,elliptic_archimedean_short,"x=(a+b theta) cos(theta), y=e(a+b theta) sin(theta)",elliptic_spiral,major_axis_prefocus,1.0,0.0,0.0,1.0,1.0,1.0,1.0,7.091182330309521,3.152881317980364,7.4647603730298755,0.2888401902355424,4.920396567976167,7.8030158317662535,moderate,True,True,341.4164070528366,0.07051010349330217,1.9371414489062302
209,monotone_curvature_spiral,r(theta)=r0/(1+k theta)^p,monotone_curvature_spiral,outer_low_curvature_entry,1.0,0.0,0.0,1.0,1.0,1.0,1.0,7.78371151846239,4.065238616442081,8.746666530020589,0.25803024345105724,4.01428408670377,4.937328980478263,low,True,True,759.3603142950432,0.06423670749025537,1.8993139048635752
223,elliptic_archimedean_short,"x=(a+b theta) cos(theta), y=e(a+b theta) sin(theta)",elliptic_spiral,major_axis_prefocus,0.9944444444444445,0.0,0.0,0.9888888888888889,1.0,1.0,0.989010989010989,7.847711943360043,2.9159040664672653,7.5036636290604015,0.31071423775522977,2.037544365204567,3.493846708875326,low,True,True,402.1618527977845,0.06300491761331714,1.8765132910308844
218,elliptic_archimedean_short,"x=(a+b theta) cos(theta), y=e(a+b theta) sin(theta)",elliptic_spiral,major_axis_prefocus,1.0,0.0,0.0,1.0,1.0,1.0,1.0,7.917081471306615,2.7584275085032086,7.6646632072313645,0.3335688835519588,4.559801262157957,8.265218585773564,moderate,True,True,406.4675953444731,0.06315458566545246,1.8341641993163342
230,elliptic_prefocus_spiral,"straight inlet + x=(a+b theta) cos(theta), y=e(a+b theta) sin(theta)",elliptic_spiral_with_inlet,straight_prefocus,1.0,0.0,0.0,1.0,1.0,1.0,1.0,6.73468980226091,2.3157907108756066,7.074975134590408,0.2697650023120442,23.58874792894756,50.93022400117623,high,True,True,357.040675404623,0.07424246916794067,1.8250395766353793
232,elliptic_prefocus_spiral,"straight inlet + x=(a+b theta) cos(theta), y=e(a+b theta) sin(theta)",elliptic_spiral_with_inlet,straight_prefocus,1.0,0.0,0.0,1.0,1.0,1.0,1.0,9.779036788210572,3.9978932249553543,10.335724989281918,0.26893854799247807,1.7144658957294867,2.1442117125934907,low,True,True,461.299055130303,0.05112978004160807,1.7158169205825131
79,monotone_curvature_spiral,r(theta)=r0/(1+k theta)^p,monotone_curvature_spiral,outer_low_curvature_entry,0.9727272727272728,0.0,0.0,0.9454545454545454,1.0,1.0,0.9482758620689655,9.146843855674827,3.8966740880164608,7.7762351644933,0.3680889091536438,8.220444042904402,10.548026159263536,moderate,True,True,588.5811214142406,0.05168200968402738,1.6462754083036562
221,elliptic_prefocus_spiral,"straight inlet + x=(a+b theta) cos(theta), y=e(a+b theta) sin(theta)",elliptic_spiral_with_inlet,straight_prefocus,1.0,0.0,0.0,1.0,1.0,1.0,1.0,8.977484829335147,2.877555244564377,9.75569045779092,0.26250531945268657,8.833847213002489,15.34957014237934,high,True,True,322.7441976507767,0.055694886653128314,1.6197284131437966
226,superellipse_oval_spiral,"x=r sign(cos(theta))|cos(theta)|^q, y=e r sign(sin(theta))|sin(theta)|^q",superellipse_oval,rounded_oval_entry,0.9388888888888889,0.0,0.0,1.0,0.8777777777777778,0.8910891089108911,1.0,7.60143349336644,2.6773109871752276,8.69039377835552,0.29700399284010187,6.526599841993902,12.188721955083698,high,True,True,317.9210976350479,0.0577376476781511,1.5872159563830044
224,superellipse_oval_spiral,"x=r sign(cos(theta))|cos(theta)|^q, y=e r sign(sin(theta))|sin(theta)|^q",superellipse_oval,rounded_oval_entry,0.9944444444444445,0.0,0.0,0.9888888888888889,1.0,1.0,0.989010989010989,11.709951480617804,5.107186648864823,12.743541710445825,0.2787384884104482,2.221035098081394,2.1744213113643154,low,True,True,539.2665923734012,0.04222429488822768,1.578149155775174
212,monotone_curvature_spiral,r(theta)=r0/(1+k theta)^p,monotone_curvature_spiral,outer_low_curvature_entry,0.9944444444444445,0.0,0.0,0.9888888888888889,1.0,1.0,0.989010989010989,13.116553713227493,7.227895616010805,14.484836384362527,0.26798117411706,2.45636563084293,1.6992259997513897,low,True,True,979.871895566743,0.03769621619021908,1.4973431072638863
17,circular_archimedean_short,r(theta)=a+b theta,circular_spiral,tangential,1.0,0.0,0.0,1.0,1.0,1.0,1.0,10.14488691077034,3.565817678332263,9.921436154050014,0.2989696890111976,21.433260205599304,30.053780281362656,high,True,True,764.0780779517999,0.049285911651629544,1.4842697223004164
219,circular_archimedean_short,r(theta)=a+b theta,circular_spiral,tangential,0.9944444444444445,0.0,0.005555555555555556,1.0,0.9888888888888889,1.0,1.0,12.55883082253528,4.8629109056487145,12.603331661866768,0.31308525641746576,7.002442137280561,7.199846216744982,moderate,True,True,833.824872531604,0.03937026076959526,1.4829281119334436
161,superellipse_oval_spiral,"x=r sign(cos(theta))|cos(theta)|^q, y=e r sign(sin(theta))|sin(theta)|^q",superellipse_oval,rounded_oval_entry,0.8636363636363636,0.0,0.0,1.0,0.7272727272727273,0.7857142857142857,1.0,8.883044250829846,2.7860151528872277,8.504708210774888,0.3103510242687336,2.3066946550219183,4.139774065175891,low,True,True,411.4381466472266,0.04093600722549514,1.4367404647932958
227,elliptic_archimedean_short,"x=(a+b theta) cos(theta), y=e(a+b theta) sin(theta)",elliptic_spiral,major_axis_prefocus,0.9722222222222222,0.0,0.005555555555555556,0.9555555555555556,0.9888888888888889,1.0,0.956989247311828,14.011373234410742,5.757121576679937,14.614472637910708,0.3393834007510234,6.354447322516966,5.518771175735271,low,True,True,682.5684263027052,0.03370277947221365,1.4112497417874397
204,monotone_curvature_spiral,r(theta)=r0/(1+k theta)^p,monotone_curvature_spiral,outer_low_curvature_entry,0.9888888888888889,0.0,0.011111111111111112,1.0,0.9777777777777777,1.0,1.0,14.47118489272555,9.891472060930344,16.52495087991907,0.2619977543032754,5.700089581621808,2.881315109879452,low,True,True,1314.060034946581,0.03378361153651255,1.4032766082675405
208,superellipse_oval_spiral,"x=r sign(cos(theta))|cos(theta)|^q, y=e r sign(sin(theta))|sin(theta)|^q",superellipse_oval,rounded_oval_entry,0.8333333333333334,0.0,0.0,0.6666666666666666,1.0,1.0,0.75,8.300715768971134,2.6519072839139026,8.483071322904937,0.28891687544232003,2.893818209776726,5.456107435071772,low,True,True,327.47762203712165,0.04015717952653735,1.3955338467048564
127,elliptic_prefocus_spiral,"straight inlet + x=(a+b theta) cos(theta), y=e(a+b theta) sin(theta)",elliptic_spiral_with_inlet,straight_prefocus,0.8818181818181818,0.0,0.0,0.8,0.9636363636363636,0.9565217391304348,0.828125,10.832190660164645,4.621416157110763,12.397711589502771,0.3041489691224406,4.073561762847345,4.407265678270004,low,True,True,662.0369439668809,0.03524847316640366,1.3713196902528053
52,elliptic_archimedean_short,"x=(a+b theta) cos(theta), y=e(a+b theta) sin(theta)",elliptic_spiral,major_axis_prefocus,0.7181818181818181,0.0,0.0,0.8727272727272727,0.5636363636363636,0.6666666666666666,0.8157894736842105,4.832816953827407,1.8935491904119737,0.9529540735010982,1.4806811767136658,1.994153481170212,5.265650058809273,low,True,True,468.3188117486547,0.04514588908835591,1.3502242654188008
214,monotone_curvature_spiral,r(theta)=r0/(1+k theta)^p,monotone_curvature_spiral,outer_low_curvature_entry,0.7833333333333333,0.0,0.0,0.7222222222222222,0.8444444444444444,0.8227848101265823,0.7524752475247525,7.658610007744934,3.018542197007645,7.472644562913874,0.33783254405686036,1.4338565281837217,2.37508113950691,low,True,True,600.5670986820847,0.036995399040662263,1.301268919902605
207,circular_archimedean_short,r(theta)=a+b theta,circular_spiral,tangential,0.8222222222222222,0.0,0.0,0.6444444444444445,1.0,1.0,0.7377049180327869,9.049475070907373,3.3115713158382896,8.866983584449233,0.31823360681122514,5.294862823493572,7.9944870855864885,moderate,True,True,694.749220164638,0.035606730743766066,1.270716452634947
216,superellipse_oval_spiral,"x=r sign(cos(theta))|cos(theta)|^q, y=e r sign(sin(theta))|sin(theta)|^q",superellipse_oval,rounded_oval_entry,0.75,0.0,0.0,0.5,1.0,1.0,0.6666666666666666,7.043263756296295,1.9027325170943725,6.573369987671067,0.3201899072794843,0.8922145826437687,2.344561241866652,low,True,True,320.15927345834496,0.0354949081349557,1.2469287138893796
220,superellipse_oval_spiral,"x=r sign(cos(theta))|cos(theta)|^q, y=e r sign(sin(theta))|sin(theta)|^q",superellipse_oval,rounded_oval_entry,0.9722222222222222,0.0,0.0,0.9444444444444444,1.0,1.0,0.9473684210526315,13.760980402078063,5.237530178575148,14.74543063666619,0.27936341940147486,14.765890451631606,14.096234244180158,high,True,True,574.9877364976461,0.03431603042984578,1.2461287800668748
84,monotone_curvature_spiral,r(theta)=r0/(1+k theta)^p,monotone_curvature_spiral,outer_low_curvature_entry,0.9636363636363636,0.0,0.0,1.0,0.9272727272727272,0.9322033898305084,1.0,13.198286698801516,7.50999512977843,11.358607069845998,0.33158201054621705,22.959805596740424,15.286165436846172,high,True,True,1011.5179446648732,0.03512852646839871,1.243596511806984
70,monotone_curvature_spiral,r(theta)=r0/(1+k theta)^p,monotone_curvature_spiral,outer_low_curvature_entry,0.8636363636363636,0.0,0.0,0.9818181818181818,0.7454545454545455,0.7941176470588235,0.9761904761904762,13.803931707377291,8.083625761892552,4.466672831344559,1.0620612119973387,7.721504217513295,4.776015395166886,low,True,True,1122.5472717725108,0.026342955858150472,1.2324377456504703
206,monotone_curvature_spiral,r(theta)=r0/(1+k theta)^p,monotone_curvature_spiral,outer_low_curvature_entry,0.8388888888888889,0.0,0.0,1.0,0.6777777777777778,0.7563025210084033,1.0,10.915141244560145,5.899222601666635,9.356551130093429,0.3478609467581494,10.628308923279187,9.008228406465372,moderate,True,True,839.5278979231377,0.031047595381121004,1.221041988531466
205,monotone_curvature_spiral,r(theta)=r0/(1+k theta)^p,monotone_curvature_spiral,outer_low_curvature_entry,0.8611111111111112,0.0,0.0,1.0,0.7222222222222222,0.782608695652174,1.0,13.702617863613813,8.495957705228959,13.85838788844446,0.2938335953302001,2.7701746243507155,1.6302897921948059,low,True,True,1116.1167734426801,0.026353439518299077,1.2114753854828537
13,circular_archimedean_short,r(theta)=a+b theta,circular_spiral,tangential,0.8,0.0,0.0,0.6,1.0,1.0,0.7142857142857143,10.285706183556968,4.413291267139923,10.335565693975756,0.35082908485244757,5.86490191702288,6.644589674707431,moderate,True,True,901.5482219838741,0.02916668964155216,1.1583336549817302
31,circular_archimedean_short,r(theta)=a+b theta,circular_spiral,tangential,0.7636363636363637,0.0,0.0,0.5272727272727272,1.0,1.0,0.6790123456790124,10.82793011949916,4.475634048128091,3.4462264642105147,0.901823742065785,2.812541372921975,3.1420591391942603,low,True,True,837.0589651028364,0.024347808004560528,1.104505675700211
86,monotone_curvature_spiral,r(theta)=r0/(1+k theta)^p,monotone_curvature_spiral,outer_low_curvature_entry,0.8636363636363636,0.0,0.0,0.7272727272727273,1.0,1.0,0.7857142857142857,10.871667531502034,8.77836584274988,3.7086465524964147,0.857289485193378,27.841096708358407,15.857790166806835,high,True,True,1215.9333055352834,0.03344807616519556,1.1005450431156678
171,concentric_electrode_spiral,r(theta)=a+b theta with constant electrode gap g,circular_spiral,dual_side_electrode_entry,0.8818181818181818,0.0,0.0,1.0,0.7636363636363637,0.8088235294117647,1.0,12.585859993546944,3.813830751168265,9.87833649659813,0.3663256167399877,26.58098889376687,34.84814957457734,high,True,True,763.8163984319119,0.030337075258579763,1.0802132798632311
15,circular_archimedean_short,r(theta)=a+b theta,circular_spiral,tangential,0.7272727272727273,0.0,0.0,0.45454545454545453,1.0,1.0,0.6470588235294118,11.292504226126274,4.708727346827765,11.99625603404753,0.33939152108738113,4.014034918964022,4.2623352588765275,low,True,True,838.4518909324058,0.02012598115720961,1.0090364634736617
100,monotone_curvature_spiral,r(theta)=r0/(1+k theta)^p,monotone_curvature_spiral,outer_low_curvature_entry,0.7363636363636363,0.0,0.0,0.8181818181818182,0.6545454545454545,0.703125,0.782608695652174,13.247690953285689,7.193885308985358,4.60180527899576,0.8799057493603261,1.7189050166357986,1.1946986522629428,low,True,True,999.6330801471602,0.017841874270550784,0.9861498761513473
211,monotone_curvature_spiral,r(theta)=r0/(1+k theta)^p,monotone_curvature_spiral,outer_low_curvature_entry,0.9444444444444444,0.0,0.05555555555555555,0.8888888888888888,1.0,1.0,1.0,14.767993101993651,8.54818591761722,13.193064082487316,0.32361641415032866,56.10956949937376,32.81957718288264,high,True,True,1138.4676643885673,0.030095114574806056,0.9427404630026942
115,elliptic_prefocus_spiral,"straight inlet + x=(a+b theta) cos(theta), y=e(a+b theta) sin(theta)",elliptic_spiral_with_inlet,straight_prefocus,0.7727272727272727,0.0,0.0,0.5454545454545454,1.0,1.0,0.6875,9.592874808988745,4.249503995507865,3.3164528514766602,0.9942194713026691,29.488204326628278,34.696054360462,high,True,True,531.4767180998074,0.028430192007897464,0.9327971435313239
228,elliptic_archimedean_short,"x=(a+b theta) cos(theta), y=e(a+b theta) sin(theta)",elliptic_spiral,major_axis_prefocus,0.65,0.0,0.0,0.3,1.0,1.0,0.5882352941176471,7.457572665434997,3.2181391897393707,6.777523552606322,0.3174279500643273,0.8979944629863571,1.3952076185043498,low,True,True,592.7598761042739,0.02011378322805127,0.9315929651927177
107,elliptic_prefocus_spiral,"straight inlet + x=(a+b theta) cos(theta), y=e(a+b theta) sin(theta)",elliptic_spiral_with_inlet,straight_prefocus,0.6454545454545455,0.0,0.0,1.0,0.2909090909090909,0.5851063829787234,1.0,6.939552822658249,3.717997175976466,1.6416536764829313,1.4821958420473165,5.67860280654621,7.636642172885494,moderate,True,True,488.4417569983855,0.020960218788107447,0.8888976084880498
81,monotone_curvature_spiral,r(theta)=r0/(1+k theta)^p,monotone_curvature_spiral,outer_low_curvature_entry,0.8272727272727273,0.0,0.0,0.9636363636363636,0.6909090909090909,0.7571428571428571,0.95,9.07681271790486,4.025099321466797,3.546493412210439,1.0188637241570841,81.27835082657798,100.96440402489137,high,True,True,717.3538865057579,0.03605590832860871,0.8869420405669374
22,circular_archimedean_short,r(theta)=a+b theta,circular_spiral,tangential,0.6,0.0,0.0,0.23636363636363636,0.9636363636363636,0.8666666666666667,0.5578947368421052,5.530602268745851,2.0129009405262686,3.0068505345829495,0.702862805003091,2.0222399026426303,5.023197768773262,low,True,True,540.1827306165784,0.0180812134268112,0.8531369879753568
130,elliptic_prefocus_spiral,"straight inlet + x=(a+b theta) cos(theta), y=e(a+b theta) sin(theta)",elliptic_spiral_with_inlet,straight_prefocus,0.6545454545454545,0.0,0.0,0.3090909090909091,1.0,1.0,0.5913978494623656,6.184327762909168,2.3071566070126592,2.547951841766622,0.6599083112240836,6.696601681863053,14.512672571746034,high,True,True,202.30943041996844,0.024989855077272756,0.8444034256272731
215,circular_archimedean_short,r(theta)=a+b theta,circular_spiral,tangential,0.6666666666666666,0.0,0.0,0.3333333333333333,1.0,1.0,0.6,10.926014341736145,4.305440373054973,10.054089290638867,0.3375009364910563,5.825881527628383,6.765720835537392,moderate,True,True,821.9350130809606,0.015254113847354082,0.8302242605296237
58,elliptic_archimedean_short,"x=(a+b theta) cos(theta), y=e(a+b theta) sin(theta)",elliptic_spiral,major_axis_prefocus,0.6272727272727273,0.0,0.0,0.2909090909090909,0.9636363636363636,0.8888888888888888,0.5760869565217391,8.942783230301021,3.2448126376511075,5.875381938281298,0.5418572969027395,1.421336760966882,2.1901676917712196,low,True,True,469.34563276515945,0.01423189224149887,0.8265192186537115
54,elliptic_archimedean_short,"x=(a+b theta) cos(theta), y=e(a+b theta) sin(theta)",elliptic_spiral,major_axis_prefocus,0.6,0.0,0.0,0.2,1.0,1.0,0.5555555555555556,6.257250815316922,4.21084983920042,3.847393110535757,0.6734442628353197,2.137296164162435,2.5378441950904103,low,True,True,754.9829692958143,0.015981459422277466,0.8237404319118845
90,monotone_curvature_spiral,r(theta)=r0/(1+k theta)^p,monotone_curvature_spiral,outer_low_curvature_entry,0.6272727272727273,0.0,0.0,0.3090909090909091,0.9454545454545454,0.85,0.5777777777777777,9.882971315219423,4.508357110639121,5.392579490848493,0.5784142749485418,0.5431147835365219,0.6023422393213299,low,True,True,709.7872810076113,0.012877982057555085,0.8075644760784986
48,elliptic_archimedean_short,"x=(a+b theta) cos(theta), y=e(a+b theta) sin(theta)",elliptic_spiral,major_axis_prefocus,0.5727272727272728,0.0,0.0,0.2727272727272727,0.8727272727272727,0.6818181818181818,0.5454545454545454,4.883032188453429,1.822308356871742,1.3407140262529849,1.0920144236171654,1.7685766392111848,4.852572377616719,low,True,True,395.1156490811839,0.014893875346397663,0.7812415275768401
28,circular_archimedean_short,r(theta)=a+b theta,circular_spiral,tangential,0.5636363636363636,0.0,0.0,0.32727272727272727,0.8,0.6206896551724138,0.5432098765432098,6.486043639693573,2.432620907495274,3.569680172210949,0.7572894425075228,0.713145651936539,1.4657969306668972,low,True,True,548.7999785271907,0.009811275898132878,0.7009942262102239
192,concentric_electrode_spiral,r(theta)=a+b theta with constant electrode gap g,circular_spiral,dual_side_electrode_entry,0.5818181818181818,0.0,0.0,0.16363636363636364,1.0,1.0,0.5445544554455446,7.887877261003994,2.6542695263083305,1.8614492354023024,1.2191020800423022,3.984303846221525,7.505462061652538,moderate,True,True,678.6691347672866,0.010372648953689185,0.6770352671698303
76,monotone_curvature_spiral,r(theta)=r0/(1+k theta)^p,monotone_curvature_spiral,outer_low_curvature_entry,0.5818181818181818,0.0,0.0,0.6363636363636364,0.5272727272727272,0.5737704918032787,0.5918367346938775,12.10517778060339,6.784050389325349,5.570749273280764,0.8161673288412729,2.5224607859995767,1.8591111808136398,low,True,True,976.3136582879285,0.006758940950812167,0.6764433551295521
185,concentric_electrode_spiral,r(theta)=a+b theta with constant electrode gap g,circular_spiral,dual_side_electrode_entry,0.6363636363636364,0.0,0.0,0.2727272727272727,1.0,1.0,0.5789473684210527,10.18220201981032,3.650817270031888,5.603124171241398,0.5624401203184436,10.06385854357499,13.783021443150844,high,True,True,752.3346966851399,0.013392352272949364,0.6636011340106275
44,elliptic_archimedean_short,"x=(a+b theta) cos(theta), y=e(a+b theta) sin(theta)",elliptic_spiral,major_axis_prefocus,0.5545454545454546,0.0,0.0,0.10909090909090909,1.0,1.0,0.5288461538461539,8.196317047225822,3.9741882827642088,4.132389135580329,0.5946770690082144,4.531357480768056,5.700984903533953,low,True,True,418.8567040695169,0.006654873674501936,0.6477136859884817
173,concentric_electrode_spiral,r(theta)=a+b theta with constant electrode gap g,circular_spiral,dual_side_electrode_entry,0.5545454545454546,0.0,0.0,0.9636363636363636,0.14545454545454545,0.53,0.8,8.704285194082487,4.881691395935194,1.675475081222687,2.3126023502174733,1.7613245698655335,1.8040105641787638,low,True,True,953.6702299573183,0.006266505902464764,0.6422765371799612
148,superellipse_oval_spiral,"x=r sign(cos(theta))|cos(theta)|^q, y=e r sign(sin(theta))|sin(theta)|^q",superellipse_oval,rounded_oval_entry,0.5363636363636364,0.0,0.0,0.6909090909090909,0.38181818181818183,0.5277777777777778,0.5526315789473685,4.981210304916755,1.6250898009006631,1.3660861969971971,1.2347006086853343,1.2711728527773436,3.911084950729583,low,True,True,214.78855780155376,0.007300160831945456,0.6385658880108728
217,circular_archimedean_short,r(theta)=a+b theta,circular_spiral,tangential,0.5444444444444444,0.0,0.0,0.08888888888888889,1.0,1.0,0.5232558139534884,9.289506647898724,2.8208353374928627,7.823374188803993,0.35193795596311234,2.7837086755411704,4.934192078746628,low,True,True,601.0423278584122,0.004784370809885548,0.611425635782842
170,concentric_electrode_spiral,r(theta)=a+b theta with constant electrode gap g,circular_spiral,dual_side_electrode_entry,0.5363636363636364,0.0,0.0,0.07272727272727272,1.0,1.0,0.5188679245283019,10.969333065781436,4.466505625872257,2.1663836323117898,1.7623816994384143,3.4663857403360487,3.8804224495509327,low,True,True,871.0350944061687,0.0033150270983266835,0.5827740157402099
32,circular_archimedean_short,r(theta)=a+b theta,circular_spiral,tangential,0.5363636363636364,0.0,0.0,0.18181818181818182,0.8909090909090909,0.625,0.5212765957446809,11.701466564090993,4.201603823471605,10.181618305946966,0.5426862499234584,2.6044939938170146,3.0994045407939406,low,True,True,784.0694750770606,0.0031076135768509303,0.5798702264395494
37,elliptic_archimedean_short,"x=(a+b theta) cos(theta), y=e(a+b theta) sin(theta)",elliptic_spiral,major_axis_prefocus,0.5909090909090909,0.0,0.0,0.18181818181818182,1.0,1.0,0.55,8.315000477626011,3.635037677301997,9.294365841860852,0.4362295143133349,11.309261941164833,15.555907455626171,high,True,True,554.2244906385013,0.010933143197490964,0.578736047909305
125,elliptic_prefocus_spiral,"straight inlet + x=(a+b theta) cos(theta), y=e(a+b theta) sin(theta)",elliptic_spiral_with_inlet,straight_prefocus,0.5272727272727272,0.0,0.0,0.18181818181818182,0.8727272727272727,0.5882352941176471,0.5161290322580645,7.679149051069907,4.063313743968695,1.8108434157271553,1.5131244484122068,2.2666745775822217,2.7891946332555766,low,True,True,590.1859238827086,0.003551529875426421,0.5769941455286971
5,circular_archimedean_short,r(theta)=a+b theta,circular_spiral,tangential,0.5181818181818182,0.0,0.0,1.0,0.03636363636363636,0.5092592592592593,1.0,4.622872330908171,1.7470440887289929,1.3675956666744291,1.3828223364061918,0.4187016816313022,1.1983145827072845,low,True,True,496.57432769971996,0.003933013261096557,0.57324400383717
1,circular_archimedean_short,r(theta)=a+b theta,circular_spiral,tangential,0.5272727272727272,0.0,0.0,0.14545454545454545,0.9090909090909091,0.6153846153846154,0.5154639175257731,11.589075839311727,4.276771528885445,2.4955758659685334,1.497251580679698,4.43699339299239,5.187316370566912,low,True,True,869.6332904160043,0.0023533133832996773,0.5602191146389227
23,circular_archimedean_short,r(theta)=a+b theta,circular_spiral,tangential,0.5181818181818182,0.0,0.0,0.38181818181818183,0.6545454545454545,0.525,0.5142857142857142,7.21393695780067,4.126589875056346,1.4163924543758633,2.2495928381994705,3.451232272849994,4.181700117221934,low,True,True,847.4282522154035,0.0025203738663334982,0.5534670523104872
30,circular_archimedean_short,r(theta)=a+b theta,circular_spiral,tangential,0.5181818181818182,0.0,0.0,0.05454545454545454,0.9818181818181818,0.75,0.5094339622641509,8.65192233615852,4.348655844650388,1.8846463257466752,1.3511228494057639,2.424161416730623,2.7872536978440916,low,True,True,870.7065128862859,0.0021014772758456094,0.5476025000436567
97,monotone_curvature_spiral,r(theta)=r0/(1+k theta)^p,monotone_curvature_spiral,outer_low_curvature_entry,0.5181818181818182,0.0,0.0,0.05454545454545454,0.9818181818181818,0.75,0.5094339622641509,15.006684253935394,9.38202653430278,10.288846847424308,0.571893288498746,4.376054108365179,2.3321475868594863,low,True,True,1152.3477339210276,0.0012115813109781488,0.5351439565355123
231,superellipse_oval_spiral,"x=r sign(cos(theta))|cos(theta)|^q, y=e r sign(sin(theta))|sin(theta)|^q",superellipse_oval,rounded_oval_entry,0.5111111111111111,0.0,0.0,0.022222222222222223,1.0,1.0,0.5056179775280899,8.971824825598988,2.83142990254142,10.216296250198127,0.25180405207944023,2.733555243656317,4.827163902596965,low,True,True,427.19436190180886,0.001238444945938772,0.5284493403542538
21,circular_archimedean_short,r(theta)=a+b theta,circular_spiral,tangential,0.5818181818181818,0.0,0.0,0.16363636363636364,1.0,1.0,0.5445544554455446,10.18067788105771,3.195435839908906,4.971773792953584,0.6893493679600913,11.81203887138234,18.482672572951852,high,True,True,619.0343004724896,0.008036614336891424,0.5270826270491323
92,monotone_curvature_spiral,r(theta)=r0/(1+k theta)^p,monotone_curvature_spiral,outer_low_curvature_entry,0.509090909090909,0.0,0.0,0.03636363636363636,0.9818181818181818,0.6666666666666666,0.5046728971962616,8.746663744543131,6.360345524305495,2.7347792305604584,1.05063267745249,0.6328795589285989,0.4975197939405226,low,True,True,1057.8493309180628,0.00103935733171184,0.5236419117348748
183,concentric_electrode_spiral,r(theta)=a+b theta with constant electrode gap g,circular_spiral,dual_side_electrode_entry,0.5272727272727272,0.0,0.0,0.05454545454545454,1.0,1.0,0.514018691588785,11.425054918663708,4.775135339034723,3.552724715725062,1.39286776691936,11.096934422410907,11.619497285970239,moderate,True,True,913.8046168860043,0.0023870981336094168,0.5063043634536154
43,elliptic_archimedean_short,"x=(a+b theta) cos(theta), y=e(a+b theta) sin(theta)",elliptic_spiral,major_axis_prefocus,0.5272727272727272,0.0,0.03636363636363636,0.4909090909090909,0.5636363636363636,0.5625,0.5344827586206896,5.645958234489412,1.7788750851429072,2.134856943961642,0.8082596520959573,2.3121604130221085,6.4989397859725475,moderate,True,True,335.2417543560237,0.004830486897002988,0.5012631801944054
2,circular_archimedean_short,r(theta)=a+b theta,circular_spiral,tangential,0.5,0.0,0.0,1.0,0.0,0.5,0.0,11.743603375715539,4.946101868246293,5.953283409043577,0.5769164599866696,1.0435996182305038,1.0549718202635059,low,True,True,871.1913128668467,0.0,0.5
6,circular_archimedean_short,r(theta)=a+b theta,circular_spiral,tangential,0.5,0.0,0.0,1.0,0.0,0.5,0.0,10.357584749899969,3.656805772923259,6.347849986089851,0.5514486669284638,3.463971883718749,4.736335614770212,low,True,True,700.6502798103025,0.0,0.5
8,circular_archimedean_short,r(theta)=a+b theta,circular_spiral,tangential,0.5,0.0,0.0,1.0,0.0,0.5,0.0,6.0528853931649405,2.3710904738274587,1.2508534706386816,2.0666248248640655,1.1875305483134235,2.5041864944033314,low,True,True,619.8226459260313,0.0,0.5
10,circular_archimedean_short,r(theta)=a+b theta,circular_spiral,tangential,0.5,0.0,0.0,1.0,0.0,0.5,0.0,4.413771659245234,1.8586111540273607,0.9150118908613571,1.705763455935192,0.5904028343921092,1.5882903562501107,low,True,True,564.9385874906703,0.0,0.5
12,circular_archimedean_short,r(theta)=a+b theta,circular_spiral,tangential,0.5,0.0,0.0,1.0,0.0,0.5,0.0,8.928780595520701,3.386418639517539,3.8099603183414867,0.7060669630550843,3.1877172232220463,4.706620123724866,low,True,True,706.9619132793725,0.0,0.5
14,circular_archimedean_short,r(theta)=a+b theta,circular_spiral,tangential,0.5,0.0,0.0,1.0,0.0,0.5,0.0,5.941637142433601,3.961348318051944,2.29268234420493,1.1414462352792454,2.1263306681870815,2.6838471367152317,low,True,True,872.0194148773219,0.0,0.5
20,circular_archimedean_short,r(theta)=a+b theta,circular_spiral,tangential,0.5,0.0,0.0,1.0,0.0,0.5,0.0,6.244567207997416,2.8264535448374395,2.2308697348376745,1.1347713766422267,0.6519452318646697,1.1532919638029389,low,True,True,700.4382039563978,0.0,0.5
24,circular_archimedean_short,r(theta)=a+b theta,circular_spiral,tangential,0.5,0.0,0.0,1.0,0.0,0.5,0.0,6.340761276244486,1.8941823805330391,1.864968389717174,1.491158862715205,0.7963202645306341,2.1020158162028273,low,True,True,493.8078741571869,0.0,0.5
25,circular_archimedean_short,r(theta)=a+b theta,circular_spiral,tangential,0.5,0.0,0.0,1.0,0.0,0.5,0.0,4.000829510440937,1.7491514948252544,1.5454516783340917,1.2281895654973263,1.4802329330994997,4.231288534694302,low,True,True,531.1040596135158,0.0,0.5
26,circular_archimedean_short,r(theta)=a+b theta,circular_spiral,tangential,0.5,0.0,0.0,1.0,0.0,0.5,0.0,8.278298204913753,2.617621959393275,2.2192242595354794,1.6130689288319728,2.019918201405721,3.8583077173487412,low,True,True,564.5704729467225,0.0,0.5
33,circular_archimedean_short,r(theta)=a+b theta,circular_spiral,tangential,0.5,0.0,0.0,1.0,0.0,0.5,0.0,8.54150080828042,4.38697001021537,6.236091295240726,0.4102775607055617,1.8583330813559857,2.1180143436457572,low,True,True,912.4572629993885,0.0,0.5
36,elliptic_archimedean_short,"x=(a+b theta) cos(theta), y=e(a+b theta) sin(theta)",elliptic_spiral,major_axis_prefocus,0.5,0.0,0.0,1.0,0.0,0.5,0.0,9.971358019452703,3.5624172259788955,3.007345851774877,1.442046681732717,1.9610102225954047,2.7523589998032167,low,True,True,497.89991177819536,0.0,0.5
38,elliptic_archimedean_short,"x=(a+b theta) cos(theta), y=e(a+b theta) sin(theta)",elliptic_spiral,major_axis_prefocus,0.5,0.0,0.0,1.0,0.0,0.5,0.0,4.605848556889645,2.3226346080297655,1.2418793427584316,1.8581062952641314,0.8828446721586221,1.9005242346481652,low,True,True,487.29855628797276,0.0,0.5
45,elliptic_archimedean_short,"x=(a+b theta) cos(theta), y=e(a+b theta) sin(theta)",elliptic_spiral,major_axis_prefocus,0.5,0.0,0.0,1.0,0.0,0.5,0.0,7.696330834713451,3.6159516475526146,1.8246732007899193,1.648782652659532,3.7925713297666,5.244222959028679,low,True,True,558.7197162410871,0.0,0.5
50,elliptic_archimedean_short,"x=(a+b theta) cos(theta), y=e(a+b theta) sin(theta)",elliptic_spiral,major_axis_prefocus,0.5,0.0,0.0,1.0,0.0,0.5,0.0,11.213755341046788,3.657234511269808,3.9913116944963782,0.9504709147706076,3.4493488822045855,4.7157884893289985,low,True,True,515.8676773715122,0.0,0.5
51,elliptic_archimedean_short,"x=(a+b theta) cos(theta), y=e(a+b theta) sin(theta)",elliptic_spiral,major_axis_prefocus,0.5,0.0,0.0,1.0,0.0,0.5,0.0,8.534489038335536,5.141410386016232,3.163549450503607,1.4018850882726348,2.2814940748360932,2.218743402628754,low,True,True,773.7055688435199,0.0,0.5
63,elliptic_archimedean_short,"x=(a+b theta) cos(theta), y=e(a+b theta) sin(theta)",elliptic_spiral,major_axis_prefocus,0.5,0.0,0.0,1.0,0.0,0.5,0.0,5.495070474686132,2.73289776615142,2.009314464440917,0.8197916224959243,2.941075484773258,5.380873593590372,low,True,True,348.21727894584154,0.0,0.5
67,elliptic_archimedean_short,"x=(a+b theta) cos(theta), y=e(a+b theta) sin(theta)",elliptic_spiral,major_axis_prefocus,0.5,0.0,0.0,1.0,0.0,0.5,0.0,6.045042761280782,3.2985489521880575,1.440425312324678,1.4577193515606321,2.6713022694443325,4.049208164202554,low,True,True,406.18707575449935,0.0,0.5
68,monotone_curvature_spiral,r(theta)=r0/(1+k theta)^p,monotone_curvature_spiral,outer_low_curvature_entry,0.5,0.0,0.0,1.0,0.0,0.5,0.0,7.368969051469979,5.609412727343153,5.617234557249281,0.5527076067152206,3.055649533765894,2.723680429923699,low,True,True,986.4663729854544,0.0,0.5
69,monotone_curvature_spiral,r(theta)=r0/(1+k theta)^p,monotone_curvature_spiral,outer_low_curvature_entry,0.5,0.0,0.0,1.0,0.0,0.5,0.0,10.814279445576085,5.4197551585507835,5.359709648762111,0.9007973097779494,0.6718826262271633,0.6198459216069288,low,True,True,845.2241203850858,0.0,0.5
77,monotone_curvature_spiral,r(theta)=r0/(1+k theta)^p,monotone_curvature_spiral,outer_low_curvature_entry,0.5,0.0,0.0,1.0,0.0,0.5,0.0,8.074351724397618,3.917846941487026,7.614501900969249,0.37987534797082734,4.376444895163793,5.585267827617974,low,True,True,712.3217951201409,0.0,0.5
80,monotone_curvature_spiral,r(theta)=r0/(1+k theta)^p,monotone_curvature_spiral,outer_low_curvature_entry,0.5,0.0,0.0,1.0,0.0,0.5,0.0,8.070311134866714,8.13578999215873,2.9889061147882647,1.3567503683400897,6.999711405331473,4.3018019221721495,low,True,True,1159.6793668572802,0.0,0.5
82,monotone_curvature_spiral,r(theta)=r0/(1+k theta)^p,monotone_curvature_spiral,outer_low_curvature_entry,0.5,0.0,0.0,1.0,0.0,0.5,0.0,12.994951513323802,8.202072928287446,3.3826302829384356,1.786966512649026,9.124667428250596,5.56241544547921,low,True,True,1086.437601963547,0.0,0.5
83,monotone_curvature_spiral,r(theta)=r0/(1+k theta)^p,monotone_curvature_spiral,outer_low_curvature_entry,0.5,0.0,0.0,1.0,0.0,0.5,0.0,7.088281234606185,2.7026484235421044,3.1054572696472977,0.7507406737479445,2.6695163842563288,4.938704496305974,low,True,True,565.5879243697984,0.0,0.5
85,monotone_curvature_spiral,r(theta)=r0/(1+k theta)^p,monotone_curvature_spiral,outer_low_curvature_entry,0.5,0.0,0.0,1.0,0.0,0.5,0.0,7.364581037242392,2.9794305085384467,1.5356130430901698,1.9843734791654513,1.326647245424472,2.226343661351672,low,True,True,649.3020316325917,0.0,0.5
88,monotone_curvature_spiral,r(theta)=r0/(1+k theta)^p,monotone_curvature_spiral,outer_low_curvature_entry,0.5,0.0,0.0,1.0,0.0,0.5,0.0,6.681655933073424,5.325491970629224,2.0178955827121405,1.2638269457650677,1.4768717060140812,1.3866058893330602,low,True,True,988.2066723130242,0.0,0.5
89,monotone_curvature_spiral,r(theta)=r0/(1+k theta)^p,monotone_curvature_spiral,outer_low_curvature_entry,0.5,0.0,0.0,1.0,0.0,0.5,0.0,13.002909331981842,8.352270421210006,2.777093929924248,1.5872733851706848,3.3624234942959936,2.012879926491218,low,True,True,1217.2394001315683,0.0,0.5
96,monotone_curvature_spiral,r(theta)=r0/(1+k theta)^p,monotone_curvature_spiral,outer_low_curvature_entry,0.5,0.0,0.0,1.0,0.0,0.5,0.0,10.443738582355783,8.895715237080422,2.15655707157997,1.8261294237828865,8.63410830150783,4.852959020944081,low,True,True,1161.9361409195267,0.0,0.5
101,monotone_curvature_spiral,r(theta)=r0/(1+k theta)^p,monotone_curvature_spiral,outer_low_curvature_entry,0.5,0.0,0.0,1.0,0.0,0.5,0.0,11.242213144216494,4.918728665500628,3.0835685098713785,1.3734671814603654,1.2861045573455492,1.3073546487389434,low,True,True,890.3802357379849,0.0,0.5
102,elliptic_prefocus_spiral,"straight inlet + x=(a+b theta) cos(theta), y=e(a+b theta) sin(theta)",elliptic_spiral_with_inlet,straight_prefocus,0.5,0.0,0.0,1.0,0.0,0.5,0.0,5.269839416502561,3.164897755070818,2.2459932348949367,0.8056068828985654,1.668503322100473,2.6359513817266085,low,True,True,323.38243117221134,0.0,0.5
103,elliptic_prefocus_spiral,"straight inlet + x=(a+b theta) cos(theta), y=e(a+b theta) sin(theta)",elliptic_spiral_with_inlet,straight_prefocus,0.5,0.0,0.0,1.0,0.0,0.5,0.0,6.232100846411586,3.166536594041089,1.2475306944085933,2.4509865233063817,1.1643424674725829,1.838510992836286,low,True,True,335.7934030386023,0.0,0.5
105,elliptic_prefocus_spiral,"straight inlet + x=(a+b theta) cos(theta), y=e(a+b theta) sin(theta)",elliptic_spiral_with_inlet,straight_prefocus,0.5,0.0,0.0,1.0,0.0,0.5,0.0,8.702679099299651,4.098171278641165,3.532616804762195,0.8328469639744112,3.819677282480003,4.6602216242002665,low,True,True,418.1986388612944,0.0,0.5
108,elliptic_prefocus_spiral,"straight inlet + x=(a+b theta) cos(theta), y=e(a+b theta) sin(theta)",elliptic_spiral_with_inlet,straight_prefocus,0.5,0.0,0.0,1.0,0.0,0.5,0.0,4.596607636469619,2.5420464013148933,2.2810305195385325,0.5997807704926104,1.0240034892498489,2.014132174613679,low,True,True,405.3056415611927,0.0,0.5
110,elliptic_prefocus_spiral,"straight inlet + x=(a+b theta) cos(theta), y=e(a+b theta) sin(theta)",elliptic_spiral_with_inlet,straight_prefocus,0.5,0.0,0.0,1.0,0.0,0.5,0.0,10.279655081762533,3.650249321991611,7.133797148485559,0.4061761195077345,2.9774003400151843,4.078352021158223,low,True,True,522.5172599458365,0.0,0.5
116,elliptic_prefocus_spiral,"straight inlet + x=(a+b theta) cos(theta), y=e(a+b theta) sin(theta)",elliptic_spiral_with_inlet,straight_prefocus,0.5,0.0,0.0,1.0,0.0,0.5,0.0,4.798459372846548,2.230955951325164,2.5173128794978834,0.6099301646440205,2.5533484393187997,5.722543373844153,low,True,True,370.17219351968765,0.0,0.5
118,elliptic_prefocus_spiral,"straight inlet + x=(a+b theta) cos(theta), y=e(a+b theta) sin(theta)",elliptic_spiral_with_inlet,straight_prefocus,0.5,0.0,0.0,1.0,0.0,0.5,0.0,7.213437355015859,2.346294127580164,2.039639195833547,1.0563318445999947,1.7534163554627182,3.73656553722677,low,True,True,321.13355631150904,0.0,0.5
120,elliptic_prefocus_spiral,"straight inlet + x=(a+b theta) cos(theta), y=e(a+b theta) sin(theta)",elliptic_spiral_with_inlet,straight_prefocus,0.5,0.0,0.0,1.0,0.0,0.5,0.0,6.664534564017631,3.3387453677252137,2.8326174926742906,0.7167436321854316,3.164446640009873,4.738975710157112,low,True,True,522.6169088087718,0.0,0.5
121,elliptic_prefocus_spiral,"straight inlet + x=(a+b theta) cos(theta), y=e(a+b theta) sin(theta)",elliptic_spiral_with_inlet,straight_prefocus,0.5,0.0,0.0,1.0,0.0,0.5,0.0,7.172431328306712,3.3874102201199747,2.242344313525166,0.917738185294572,3.0552074665838136,4.50965083655502,low,True,True,295.99476212047307,0.0,0.5
123,elliptic_prefocus_spiral,"straight inlet + x=(a+b theta) cos(theta), y=e(a+b theta) sin(theta)",elliptic_spiral_with_inlet,straight_prefocus,0.5,0.0,0.0,1.0,0.0,0.5,0.0,8.103377722724545,2.866974592139001,4.893803991761644,0.7740089826319578,1.505511738439325,2.6256105348252987,low,True,True,291.39246500022915,0.0,0.5
126,elliptic_prefocus_spiral,"straight inlet + x=(a+b theta) cos(theta), y=e(a+b theta) sin(theta)",elliptic_spiral_with_inlet,straight_prefocus,0.5,0.0,0.0,1.0,0.0,0.5,0.0,5.844116706498725,3.0182916779918183,1.561998025593439,1.0779549891335156,3.47498058757886,5.75653541524339,low,True,True,374.5955699906397,0.0,0.5
129,elliptic_prefocus_spiral,"straight inlet + x=(a+b theta) cos(theta), y=e(a+b theta) sin(theta)",elliptic_spiral_with_inlet,straight_prefocus,0.5,0.0,0.0,1.0,0.0,0.5,0.0,9.981000674135675,3.782735873730047,2.48491913829246,1.419144207612744,1.6635769246937517,2.198907061218295,low,True,True,371.77366015244814,0.0,0.5
131,elliptic_prefocus_spiral,"straight inlet + x=(a+b theta) cos(theta), y=e(a+b theta) sin(theta)",elliptic_spiral_with_inlet,straight_prefocus,0.5,0.0,0.0,1.0,0.0,0.5,0.0,4.9236805110805655,2.7784949913081722,2.9272483530802673,0.5617561469514948,1.6269975261385028,2.927839588029056,low,True,True,365.0757926371775,0.0,0.5
132,elliptic_prefocus_spiral,"straight inlet + x=(a+b theta) cos(theta), y=e(a+b theta) sin(theta)",elliptic_spiral_with_inlet,straight_prefocus,0.5,0.0,0.0,1.0,0.0,0.5,0.0,7.564927863326146,3.3371375826768737,1.4957560600897915,1.565033645455513,2.8127720536482763,4.214348350888219,low,True,True,331.19769386451577,0.0,0.5
138,superellipse_oval_spiral,"x=r sign(cos(theta))|cos(theta)|^q, y=e r sign(sin(theta))|sin(theta)|^q",superellipse_oval,rounded_oval_entry,0.5,0.0,0.0,1.0,0.0,0.5,0.0,4.032381803866687,1.8474974624326022,0.9274826629025101,2.126228069895196,1.6527609390704894,4.472972149294042,low,True,True,321.18769508648467,0.0,0.5
142,superellipse_oval_spiral,"x=r sign(cos(theta))|cos(theta)|^q, y=e r sign(sin(theta))|sin(theta)|^q",superellipse_oval,rounded_oval_entry,0.5,0.0,0.0,1.0,0.0,0.5,0.0,7.337228544926218,2.8009988763760343,2.0646733530841685,1.1819614246335328,2.6652795016614337,4.757730401359182,low,True,True,424.0312991157515,0.0,0.5
143,superellipse_oval_spiral,"x=r sign(cos(theta))|cos(theta)|^q, y=e r sign(sin(theta))|sin(theta)|^q",superellipse_oval,rounded_oval_entry,0.5,0.0,0.0,1.0,0.0,0.5,0.0,5.302183243420115,2.6572243060673775,2.9577033959862473,0.731693999266583,1.8996724149569992,3.57454282391475,low,True,True,477.25255816698296,0.0,0.5
144,superellipse_oval_spiral,"x=r sign(cos(theta))|cos(theta)|^q, y=e r sign(sin(theta))|sin(theta)|^q",superellipse_oval,rounded_oval_entry,0.5,0.0,0.0,1.0,0.0,0.5,0.0,3.888985156768728,1.4667175939865364,1.5501068120866044,1.0610638537078427,0.8102399395345906,2.76208570367101,low,True,True,324.230033399534,0.0,0.5
147,superellipse_oval_spiral,"x=r sign(cos(theta))|cos(theta)|^q, y=e r sign(sin(theta))|sin(theta)|^q",superellipse_oval,rounded_oval_entry,0.5,0.0,0.0,1.0,0.0,0.5,0.0,7.05397797551441,2.4920619462059186,2.3296436051037555,0.9574041387820654,2.569871312701954,5.156114430892253,low,True,True,441.78453769335135,0.0,0.5
149,superellipse_oval_spiral,"x=r sign(cos(theta))|cos(theta)|^q, y=e r sign(sin(theta))|sin(theta)|^q",superellipse_oval,rounded_oval_entry,0.5,0.0,0.0,1.0,0.0,0.5,0.0,13.199296756214384,5.835221474989673,7.614380734982815,0.6362069695698359,5.230909870343943,4.482186231288847,low,True,True,665.7987022002656,0.0,0.5
151,superellipse_oval_spiral,"x=r sign(cos(theta))|cos(theta)|^q, y=e r sign(sin(theta))|sin(theta)|^q",superellipse_oval,rounded_oval_entry,0.5,0.0,0.0,1.0,0.0,0.5,0.0,11.080286854224935,5.107400196849864,4.77240084420719,0.6858932426270009,5.954465811114962,5.829253222400264,low,True,True,667.9541230587262,0.0,0.5
152,superellipse_oval_spiral,"x=r sign(cos(theta))|cos(theta)|^q, y=e r sign(sin(theta))|sin(theta)|^q",superellipse_oval,rounded_oval_entry,0.5,0.0,0.0,1.0,0.0,0.5,0.0,8.351119372070874,3.2735810539200143,6.36333047528868,0.4513187399698401,1.3533463825912497,2.0670732758711723,low,True,True,431.94011717879306,0.0,0.5
154,superellipse_oval_spiral,"x=r sign(cos(theta))|cos(theta)|^q, y=e r sign(sin(theta))|sin(theta)|^q",superellipse_oval,rounded_oval_entry,0.5,0.0,0.0,1.0,0.0,0.5,0.0,7.467161152903102,4.483472958489224,2.302394414763889,1.269440665592863,1.359194806974147,1.5157834334659943,low,True,True,609.4234387742093,0.0,0.5
156,superellipse_oval_spiral,"x=r sign(cos(theta))|cos(theta)|^q, y=e r sign(sin(theta))|sin(theta)|^q",superellipse_oval,rounded_oval_entry,0.5,0.0,0.0,1.0,0.0,0.5,0.0,9.642958045714012,4.3333260606833734,7.246549930795033,0.5793644817547761,3.0589030636870493,3.529509458612785,low,True,True,660.9764121512111,0.0,0.5
163,superellipse_oval_spiral,"x=r sign(cos(theta))|cos(theta)|^q, y=e r sign(sin(theta))|sin(theta)|^q",superellipse_oval,rounded_oval_entry,0.5,0.0,0.0,1.0,0.0,0.5,0.0,6.359090477253689,2.685929861355178,2.9708913528792005,0.9826832746420904,1.9546546419617257,3.638692636924462,low,True,True,464.1908879186008,0.0,0.5
169,superellipse_oval_spiral,"x=r sign(cos(theta))|cos(theta)|^q, y=e r sign(sin(theta))|sin(theta)|^q",superellipse_oval,rounded_oval_entry,0.5,0.0,0.0,1.0,0.0,0.5,0.0,7.990086270969081,3.5696107038108216,1.6972048869251077,1.4994951028369548,1.5980251422282792,2.238374538324683,low,True,True,534.7070390708766,0.0,0.5
190,concentric_electrode_spiral,r(theta)=a+b theta with constant electrode gap g,circular_spiral,dual_side_electrode_entry,0.5,0.0,0.0,0.9272727272727272,0.07272727272727272,0.5,0.5,9.709874557333714,3.1288751127913397,5.095627900731774,0.8271128843616931,2.8544413144716803,4.5614497408386,low,True,True,654.2489463456143,0.0,0.5
191,concentric_electrode_spiral,r(theta)=a+b theta with constant electrode gap g,circular_spiral,dual_side_electrode_entry,0.5,0.0,0.0,1.0,0.0,0.5,0.0,7.561197520186216,3.5580152159430716,2.052287376599531,1.107657386140657,1.7853450494762724,2.508905866220497,low,True,True,817.7355957274651,0.0,0.5
194,concentric_electrode_spiral,r(theta)=a+b theta with constant electrode gap g,circular_spiral,dual_side_electrode_entry,0.5,0.0,0.0,1.0,0.0,0.5,0.0,14.205796470692265,5.1378852927768515,3.8754083261770282,1.2179316178956152,4.570882187379284,4.448213542063021,low,True,True,864.566703592365,0.0,0.5
197,concentric_electrode_spiral,r(theta)=a+b theta with constant electrode gap g,circular_spiral,dual_side_electrode_entry,0.5,0.0,0.0,1.0,0.0,0.5,0.0,15.089342706690452,6.128084031520991,6.636942561212694,0.7134351237022412,4.040605582342578,3.2967935504465493,low,True,True,980.2331630916956,0.0,0.5
210,circular_archimedean_short,r(theta)=a+b theta,circular_spiral,tangential,0.5,0.0,0.0,1.0,0.0,0.5,0.0,11.71490892547905,4.726806213191917,11.815118982402268,0.309475624370482,1.1687805028212923,1.2363321554830977,low,True,True,824.6482797564045,0.0,0.5
213,circular_archimedean_short,r(theta)=a+b theta,circular_spiral,tangential,0.5,0.0,0.0,1.0,0.0,0.5,0.0,10.10540973240725,3.634675971952736,11.052706851665366,0.2781989534234043,0.8779499973340161,1.2077417686043908,low,True,True,772.7254453899221,0.0,0.5
222,circular_archimedean_short,r(theta)=a+b theta,circular_spiral,tangential,0.5,0.0,0.0,1.0,0.0,0.5,0.0,6.895267466069547,2.0110516269488308,3.7702887654824515,0.5273821958843125,1.267632617516907,3.1516660252033417,low,True,True,490.6898830821688,0.0,0.5
229,elliptic_archimedean_short,"x=(a+b theta) cos(theta), y=e(a+b theta) sin(theta)",elliptic_spiral,major_axis_prefocus,0.5,0.0,0.0,1.0,0.0,0.5,0.0,10.724345016092421,3.524610008221426,11.175187299890245,0.3037024876000826,0.8098603903120606,1.1488652481026247,low,True,True,586.8840796065525,0.0,0.5
233,superellipse_oval_spiral,"x=r sign(cos(theta))|cos(theta)|^q, y=e r sign(sin(theta))|sin(theta)|^q",superellipse_oval,rounded_oval_entry,0.5,0.0,0.0,1.0,0.0,0.5,0.0,8.620548909750646,2.7784020703990353,8.599921273093246,0.33023589740959536,0.6676966647729398,1.2015839461943765,low,True,True,377.8219274344097,0.0,0.5
174,concentric_electrode_spiral,r(theta)=a+b theta with constant electrode gap g,circular_spiral,dual_side_electrode_entry,0.5818181818181818,0.0,0.0,0.16363636363636364,1.0,1.0,0.5445544554455446,13.146774595268074,4.9962689861770615,3.280280614383334,1.1836502691508033,14.209817060424712,14.220428383398026,high,True,True,845.6610305852076,0.006223441439973471,0.4921070937361115
135,elliptic_prefocus_spiral,"straight inlet + x=(a+b theta) cos(theta), y=e(a+b theta) sin(theta)",elliptic_spiral_with_inlet,straight_prefocus,0.5,0.0,0.00909090909090909,0.01818181818181818,0.9818181818181818,0.5,0.5046728971962616,4.804141589291692,3.001030380557817,1.9545870259902105,0.7099818535910247,1.0100117918760882,1.6827750202388025,low,True,True,320.0360776178702,0.0,0.4890909090909091
196,concentric_electrode_spiral,r(theta)=a+b theta with constant electrode gap g,circular_spiral,dual_side_electrode_entry,0.509090909090909,0.0,0.0,1.0,0.01818181818181818,0.5045871559633027,1.0,6.014313540250211,2.347201704580628,1.1850830341348721,1.7229088427588946,3.7534797583266237,7.995648075326475,moderate,True,True,590.5246255175421,0.001511545587051458,0.48025254730962946
71,monotone_curvature_spiral,r(theta)=r0/(1+k theta)^p,monotone_curvature_spiral,outer_low_curvature_entry,0.5363636363636364,0.0,0.0,0.07272727272727272,1.0,1.0,0.5188679245283019,6.512188514787219,3.277314681201778,3.9166302331108094,0.5975795961177275,8.665953517616025,13.221119057200594,high,True,True,671.2906954762803,0.005583934844801484,0.45453872419085706
98,monotone_curvature_spiral,r(theta)=r0/(1+k theta)^p,monotone_curvature_spiral,outer_low_curvature_entry,0.509090909090909,0.0,0.0,0.05454545454545454,0.9636363636363636,0.6,0.5047619047619047,10.492140805520595,6.844614595689044,2.580451784238809,2.0698833022180927,14.757364569370857,10.780274304024008,moderate,True,True,918.822791743753,0.0008664493985942051,0.45219174239374443
0,circular_archimedean_short,r(theta)=a+b theta,circular_spiral,tangential,0.5,0.0,0.0,1.0,0.0,0.5,0.0,11.60334311966989,4.293638488840702,3.0351763405992345,1.225434514084185,8.620217469946889,10.038359648059679,moderate,True,True,873.6533574992735,0.0,0.45
4,circular_archimedean_short,r(theta)=a+b theta,circular_spiral,tangential,0.5,0.0,0.0,1.0,0.0,0.5,0.0,5.995415358663454,2.1349121927352446,1.7847389069359418,1.1259422828409689,3.630342833189595,8.502323527738179,moderate,True,True,572.7498966832592,0.0,0.45
18,circular_archimedean_short,r(theta)=a+b theta,circular_spiral,tangential,0.5,0.0,0.0,1.0,0.0,0.5,0.0,5.016682339458802,2.5640411639289997,2.2949605528402803,0.9092633371407912,3.577400141643619,6.9760973263038455,moderate,True,True,691.6611027864983,0.0,0.45
19,circular_archimedean_short,r(theta)=a+b theta,circular_spiral,tangential,0.5,0.0,0.0,0.9818181818181818,0.01818181818181818,0.5,0.5,6.091043229873963,2.736212646469483,1.1846290413191902,2.3749768065881707,4.4375054653261925,8.108846129067995,moderate,True,True,682.1731369529208,0.0,0.45
27,circular_archimedean_short,r(theta)=a+b theta,circular_spiral,tangential,0.5,0.0,0.0,1.0,0.0,0.5,0.0,5.997966211128993,1.933921366555184,1.5980783169064705,1.52575191789102,3.177210696954767,8.214425756653705,moderate,True,True,563.1468702865467,0.0,0.45
39,elliptic_archimedean_short,"x=(a+b theta) cos(theta), y=e(a+b theta) sin(theta)",elliptic_spiral,major_axis_prefocus,0.5,0.0,0.0,1.0,0.0,0.5,0.0,4.752885301051851,2.3203618256841105,1.422035927366955,1.4757227117897924,3.4106555678957053,7.349404584541775,moderate,True,True,379.7847539948212,0.0,0.45
47,elliptic_archimedean_short,"x=(a+b theta) cos(theta), y=e(a+b theta) sin(theta)",elliptic_spiral,major_axis_prefocus,0.5,0.0,0.0,1.0,0.0,0.5,0.0,5.479088737732258,3.084909350467639,1.086678047839721,2.396240020271098,4.496408268032415,7.287747802623125,moderate,True,True,585.8781346484691,0.0,0.45
59,elliptic_archimedean_short,"x=(a+b theta) cos(theta), y=e(a+b theta) sin(theta)",elliptic_spiral,major_axis_prefocus,0.5,0.0,0.0,1.0,0.0,0.5,0.0,5.926251993881932,1.7596745545813475,1.2893296613939391,1.7057094801718728,2.512410088486803,7.138848720479856,moderate,True,True,320.281824284272,0.0,0.45
74,monotone_curvature_spiral,r(theta)=r0/(1+k theta)^p,monotone_curvature_spiral,outer_low_curvature_entry,0.5,0.0,0.0,1.0,0.0,0.5,0.0,6.285964498148214,2.984677258132688,1.7085560293602904,1.8080841925528204,6.494284946716457,10.879375532179807,moderate,True,True,604.9548126138192,0.0,0.45
78,monotone_curvature_spiral,r(theta)=r0/(1+k theta)^p,monotone_curvature_spiral,outer_low_curvature_entry,0.5,0.0,0.0,1.0,0.0,0.5,0.0,7.747719609482035,5.8204145020314835,4.526199759463302,0.5710940806332168,9.55287880209759,8.206356092648877,moderate,True,True,969.2704120439755,0.0,0.45
93,monotone_curvature_spiral,r(theta)=r0/(1+k theta)^p,monotone_curvature_spiral,outer_low_curvature_entry,0.5,0.0,0.0,1.0,0.0,0.5,0.0,8.51915679362339,3.280463203162096,6.5007391103194525,0.48237492587166814,5.323805245468505,8.114410855663301,moderate,True,True,638.615732316333,0.0,0.45
104,elliptic_prefocus_spiral,"straight inlet + x=(a+b theta) cos(theta), y=e(a+b theta) sin(theta)",elliptic_spiral_with_inlet,straight_prefocus,0.5,0.0,0.0,1.0,0.0,0.5,0.0,8.436374389026659,2.4346718537034264,2.153395234778144,1.2017665373959274,3.049306225784747,6.262253003718731,moderate,True,True,264.7098815240562,0.0,0.45
109,elliptic_prefocus_spiral,"straight inlet + x=(a+b theta) cos(theta), y=e(a+b theta) sin(theta)",elliptic_spiral_with_inlet,straight_prefocus,0.5,0.0,0.0,1.0,0.0,0.5,0.0,4.2425879063325285,1.9272588390411045,1.4561593677673177,1.1134439779534973,3.5221168058568693,9.137633032232651,moderate,True,True,255.8242735733688,0.0,0.45
111,elliptic_prefocus_spiral,"straight inlet + x=(a+b theta) cos(theta), y=e(a+b theta) sin(theta)",elliptic_spiral_with_inlet,straight_prefocus,0.5,0.0,0.0,1.0,0.0,0.5,0.0,7.482079080014561,2.7457723364554374,3.104545760531709,1.0339556988006577,4.966505082965739,9.04391274000721,moderate,True,True,336.1704407257065,0.0,0.45
117,elliptic_prefocus_spiral,"straight inlet + x=(a+b theta) cos(theta), y=e(a+b theta) sin(theta)",elliptic_spiral_with_inlet,straight_prefocus,0.5,0.0,0.0,1.0,0.0,0.5,0.0,6.234660059628351,2.6529462588572352,2.3270627479276897,0.9543763348584194,4.965821232808742,9.359068650994432,moderate,True,True,471.4717891507214,0.0,0.45
122,elliptic_prefocus_spiral,"straight inlet + x=(a+b theta) cos(theta), y=e(a+b theta) sin(theta)",elliptic_spiral_with_inlet,straight_prefocus,0.5,0.0,0.0,1.0,0.0,0.5,0.0,6.264118942968449,2.901039684789088,2.3203168458898253,1.1333570174805376,5.786574161439942,9.973276463228801,moderate,True,True,273.1517069567265,0.0,0.45
124,elliptic_prefocus_spiral,"straight inlet + x=(a+b theta) cos(theta), y=e(a+b theta) sin(theta)",elliptic_spiral_with_inlet,straight_prefocus,0.5,0.0,0.0,1.0,0.0,0.5,0.0,9.068853178958559,3.9359003778152006,2.1120987907592537,1.4520114092441452,6.6917139523236076,8.50086804793335,moderate,True,True,365.2491208581294,0.0,0.45
137,superellipse_oval_spiral,"x=r sign(cos(theta))|cos(theta)|^q, y=e r sign(sin(theta))|sin(theta)|^q",superellipse_oval,rounded_oval_entry,0.5,0.0,0.0,1.0,0.0,0.5,0.0,5.399136172189241,2.341531200709059,5.476769062911594,0.5154849853046083,3.1990274798144305,6.831058836298457,moderate,True,True,353.66689197152994,0.0,0.45
146,superellipse_oval_spiral,"x=r sign(cos(theta))|cos(theta)|^q, y=e r sign(sin(theta))|sin(theta)|^q",superellipse_oval,rounded_oval_entry,0.5,0.0,0.0,1.0,0.0,0.5,0.0,9.706462260100134,3.0377009759189666,6.068717027835168,0.6501282941997657,7.24952876260673,11.93259116034882,moderate,True,True,475.029154192931,0.0,0.45
153,superellipse_oval_spiral,"x=r sign(cos(theta))|cos(theta)|^q, y=e r sign(sin(theta))|sin(theta)|^q",superellipse_oval,rounded_oval_entry,0.5,0.0,0.0,1.0,0.0,0.5,0.0,6.8193776421053025,1.6919380276938896,2.145680438686356,1.239928960326608,2.904314347124072,8.582803564864165,moderate,True,True,254.06551204834793,0.0,0.45
157,superellipse_oval_spiral,"x=r sign(cos(theta))|cos(theta)|^q, y=e r sign(sin(theta))|sin(theta)|^q",superellipse_oval,rounded_oval_entry,0.5,0.0,0.0,1.0,0.0,0.5,0.0,7.243545783890159,4.092906610061504,2.4258638883575663,1.309264907172536,7.327972260778931,8.952039417128082,moderate,True,True,539.7172926403397,0.0,0.45
165,superellipse_oval_spiral,"x=r sign(cos(theta))|cos(theta)|^q, y=e r sign(sin(theta))|sin(theta)|^q",superellipse_oval,rounded_oval_entry,0.5,0.0,0.0,1.0,0.0,0.5,0.0,6.13708328047598,3.7915813667965588,1.7322990555906157,1.7557578637966522,8.015855620155698,10.570596862765145,moderate,True,True,604.6157979454277,0.0,0.45
167,superellipse_oval_spiral,"x=r sign(cos(theta))|cos(theta)|^q, y=e r sign(sin(theta))|sin(theta)|^q",superellipse_oval,rounded_oval_entry,0.5,0.0,0.0,1.0,0.0,0.5,0.0,6.396111253528452,2.1952666393362192,2.392159676787135,1.214511781766039,5.246636400529285,11.949884142811246,moderate,True,True,452.66346578942404,0.0,0.45
178,concentric_electrode_spiral,r(theta)=a+b theta with constant electrode gap g,circular_spiral,dual_side_electrode_entry,0.5,0.0,0.0,1.0,0.0,0.5,0.0,5.854292620278073,2.389439669888419,3.2107868169237865,0.7004653010254619,3.483369573364605,7.289092956105626,moderate,True,True,602.9645438031298,0.0,0.45
187,concentric_electrode_spiral,r(theta)=a+b theta with constant electrode gap g,circular_spiral,dual_side_electrode_entry,0.5,0.0,0.0,1.0,0.0,0.5,0.0,9.70324956121591,2.5649128900580704,10.921420475201389,0.314513046560291,4.3235877990058915,8.428332626352866,moderate,True,True,594.9110372423228,0.0,0.45
189,concentric_electrode_spiral,r(theta)=a+b theta with constant electrode gap g,circular_spiral,dual_side_electrode_entry,0.5,0.0,0.0,1.0,0.0,0.5,0.0,8.289085604665955,2.0981822051780172,2.1471012576473223,1.1727848738804674,4.656854483461579,11.097354824497891,moderate,True,True,578.8456176589549,0.0,0.45
199,concentric_electrode_spiral,r(theta)=a+b theta with constant electrode gap g,circular_spiral,dual_side_electrode_entry,0.5,0.0,0.0,1.0,0.0,0.5,0.0,8.69544510301301,3.3055699326336856,5.419330047347908,0.6380276245996398,6.763547793571162,10.230531998127113,moderate,True,True,762.017220974634,0.0,0.45
200,concentric_electrode_spiral,r(theta)=a+b theta with constant electrode gap g,circular_spiral,dual_side_electrode_entry,0.5,0.0,0.0,1.0,0.0,0.5,0.0,8.448148551193034,4.703469467211593,8.97623288058638,0.4248355750872178,6.163018960642336,6.551566884408864,moderate,True,True,922.8175472754729,0.0,0.45
87,monotone_curvature_spiral,r(theta)=r0/(1+k theta)^p,monotone_curvature_spiral,outer_low_curvature_entry,0.5,0.0,0.0,1.0,0.0,0.5,0.0,9.29561821737103,5.661362402463185,2.3437771999991917,1.7725404909254503,10.296750384642598,9.093880282388048,moderate,True,True,891.0074202794601,0.0,0.44881299846142964
9,circular_archimedean_short,r(theta)=a+b theta,circular_spiral,tangential,0.5,0.0,0.0,1.0,0.0,0.5,0.0,6.836670707876752,4.446067594125638,2.051072083281007,1.059320647744688,10.648756956959584,11.975478028077264,moderate,True,True,922.969434273276,0.0,0.4474049721721617
72,monotone_curvature_spiral,r(theta)=r0/(1+k theta)^p,monotone_curvature_spiral,outer_low_curvature_entry,0.5,0.0,0.0,1.0,0.0,0.5,0.0,11.119040702410079,5.398206516896392,2.7473423226933207,1.8560932603011433,11.558937737391439,10.706275965185801,moderate,True,True,822.552952531196,0.0,0.44376424905043427
73,monotone_curvature_spiral,r(theta)=r0/(1+k theta)^p,monotone_curvature_spiral,outer_low_curvature_entry,0.5,0.0,0.0,1.0,0.0,0.5,0.0,13.781344802849818,8.874323624478786,3.4924956670379528,1.5927199831275414,12.643027448036937,7.123375246966777,moderate,True,True,1174.8532611591615,0.0,0.4394278902078523
91,monotone_curvature_spiral,r(theta)=r0/(1+k theta)^p,monotone_curvature_spiral,outer_low_curvature_entry,0.5545454545454546,0.0,0.0,0.7454545454545455,0.36363636363636365,0.5394736842105263,0.5882352941176471,9.23353877830397,3.4405158614879903,2.713618936716256,1.3685490520144692,19.942494527805028,28.981837797980806,high,True,True,711.6292170594293,0.005907318510820567,0.43747793558572234
57,elliptic_archimedean_short,"x=(a+b theta) cos(theta), y=e(a+b theta) sin(theta)",elliptic_spiral,major_axis_prefocus,0.6545454545454545,0.0,0.0,0.3090909090909091,1.0,1.0,0.5913978494623656,8.71048676436773,4.8175686683208285,5.25671983700663,0.8696724240194168,89.71027742903742,93.10741953607281,high,True,True,696.1124666473071,0.017742459029690353,0.42409877124496986
128,elliptic_prefocus_spiral,"straight inlet + x=(a+b theta) cos(theta), y=e(a+b theta) sin(theta)",elliptic_spiral_with_inlet,straight_prefocus,0.5,0.0,0.0,1.0,0.0,0.5,0.0,5.822241090784075,2.217147543577433,1.8492988406353053,1.1727521318621406,0.89307491806685,2.0140177875258747,low,True,False,215.32238851102088,0.0,0.42
166,superellipse_oval_spiral,"x=r sign(cos(theta))|cos(theta)|^q, y=e r sign(sin(theta))|sin(theta)|^q",superellipse_oval,rounded_oval_entry,0.5,0.0,0.0,1.0,0.0,0.5,0.0,6.5334605591779775,1.370561897043638,6.128916609818071,0.41321436938432865,0.8369056072217966,3.0531477966337697,low,True,False,207.16295797978884,0.0,0.42
40,elliptic_archimedean_short,"x=(a+b theta) cos(theta), y=e(a+b theta) sin(theta)",elliptic_spiral,major_axis_prefocus,0.5,0.0,0.0,1.0,0.0,0.5,0.0,3.7922767364562313,1.646684116754252,4.018582222985693,0.3379491401969859,2.0700391760041907,6.28547744811071,moderate,True,False,166.02217333925083,0.0,0.37
136,superellipse_oval_spiral,"x=r sign(cos(theta))|cos(theta)|^q, y=e r sign(sin(theta))|sin(theta)|^q",superellipse_oval,rounded_oval_entry,0.5,0.0,0.0,1.0,0.0,0.5,0.0,6.6400898542301645,2.119373142581949,1.8118269013160362,1.5666852898562718,2.627213467856761,6.198090876663961,moderate,True,False,248.6256449496895,0.0,0.37
145,superellipse_oval_spiral,"x=r sign(cos(theta))|cos(theta)|^q, y=e r sign(sin(theta))|sin(theta)|^q",superellipse_oval,rounded_oval_entry,0.5,0.0,0.0,1.0,0.0,0.5,0.0,7.541849584425515,2.6517323558159296,4.786015866818849,0.7788590627218938,5.72150046674524,10.788231425763088,moderate,True,False,287.05577858999004,0.0,0.37
94,monotone_curvature_spiral,r(theta)=r0/(1+k theta)^p,monotone_curvature_spiral,outer_low_curvature_entry,0.509090909090909,0.0,0.0,0.6545454545454545,0.36363636363636365,0.5070422535211268,0.5128205128205128,6.8626511642673735,4.259239545384751,1.5695445653649605,1.8572570663953194,11.952088930548436,14.030778033486687,high,True,True,827.6913460226856,0.0013246934564070246,0.35982826175841365
16,circular_archimedean_short,r(theta)=a+b theta,circular_spiral,tangential,0.5,0.0,0.0,1.0,0.0,0.5,0.0,8.281422613036069,2.378151473728797,6.420293389924056,0.5234219570098482,6.792357192227554,14.28074970678287,high,True,True,520.2497212906967,0.0,0.33999999999999997
35,elliptic_archimedean_short,"x=(a+b theta) cos(theta), y=e(a+b theta) sin(theta)",elliptic_spiral,major_axis_prefocus,0.5,0.0,0.0,1.0,0.0,0.5,0.0,7.179102290814258,2.6731294679881215,1.9746028634483608,1.6247110184152678,6.953859884854779,13.006964249450414,high,True,True,343.50075888028255,0.0,0.33999999999999997
56,elliptic_archimedean_short,"x=(a+b theta) cos(theta), y=e(a+b theta) sin(theta)",elliptic_spiral,major_axis_prefocus,0.5,0.0,0.0,1.0,0.0,0.5,0.0,4.375814886441763,1.9528817639897464,1.222716938402187,1.24944937874756,6.040990991161859,15.46686313159094,high,True,True,371.4577813081767,0.0,0.33999999999999997
66,elliptic_archimedean_short,"x=(a+b theta) cos(theta), y=e(a+b theta) sin(theta)",elliptic_spiral,major_axis_prefocus,0.5,0.0,0.0,1.0,0.0,0.5,0.0,5.524857488371891,2.3057623431327237,2.562014246723447,1.050416214918935,8.194742094109733,17.770136021425238,high,True,True,439.0086874640727,0.0,0.33999999999999997
106,elliptic_prefocus_spiral,"straight inlet + x=(a+b theta) cos(theta), y=e(a+b theta) sin(theta)",elliptic_spiral_with_inlet,straight_prefocus,0.5,0.0,0.0,1.0,0.0,0.5,0.0,6.523008379793444,2.0795428695476144,1.603594982185227,1.753619510996714,6.845931826781672,16.460184416085017,high,True,True,305.38364440964904,0.0,0.33999999999999997
119,elliptic_prefocus_spiral,"straight inlet + x=(a+b theta) cos(theta), y=e(a+b theta) sin(theta)",elliptic_spiral_with_inlet,straight_prefocus,0.5,0.0,0.0,1.0,0.0,0.5,0.0,4.590706006073264,1.921499297787991,0.998363255032806,1.711464807231569,4.825650248275994,12.556991964116847,high,True,True,336.46290095636476,0.0,0.33999999999999997
139,superellipse_oval_spiral,"x=r sign(cos(theta))|cos(theta)|^q, y=e r sign(sin(theta))|sin(theta)|^q",superellipse_oval,rounded_oval_entry,0.5,0.0,0.0,1.0,0.0,0.5,0.0,5.971154000379361,2.9122977634506055,3.408910751751741,0.9016876105567772,9.403586518453025,16.144617209936808,high,True,True,398.38114152755105,0.0,0.33999999999999997
168,superellipse_oval_spiral,"x=r sign(cos(theta))|cos(theta)|^q, y=e r sign(sin(theta))|sin(theta)|^q",superellipse_oval,rounded_oval_entry,0.5,0.0,0.0,1.0,0.0,0.5,0.0,4.739474865888715,1.5065995623811728,1.377700910308743,1.0837225062918656,4.362416283508489,14.47768999950363,high,True,True,251.43921220867642,0.0,0.33999999999999997
188,concentric_electrode_spiral,r(theta)=a+b theta with constant electrode gap g,circular_spiral,dual_side_electrode_entry,0.5,0.0,0.0,1.0,0.0,0.5,0.0,10.262076393635436,3.266775517659349,5.163995671645231,0.6837231630393729,9.999873307353727,15.30541852860256,high,True,True,694.1091297741813,0.0,0.33999999999999997
195,concentric_electrode_spiral,r(theta)=a+b theta with constant electrode gap g,circular_spiral,dual_side_electrode_entry,0.5,0.0,0.0,1.0,0.0,0.5,0.0,5.936020996061894,2.242096289365139,1.5143091610858177,1.1317343542509994,7.135795198647292,15.913221997855919,high,True,True,592.5547747673095,0.0,0.33999999999999997
198,concentric_electrode_spiral,r(theta)=a+b theta with constant electrode gap g,circular_spiral,dual_side_electrode_entry,0.5,0.0,0.0,1.0,0.0,0.5,0.0,6.2018157982728415,1.9492661196265364,3.231028934050535,0.5649283378417166,5.349229194432265,13.721136228072167,high,True,True,581.3213571418815,0.0,0.33999999999999997
140,superellipse_oval_spiral,"x=r sign(cos(theta))|cos(theta)|^q, y=e r sign(sin(theta))|sin(theta)|^q",superellipse_oval,rounded_oval_entry,0.5,0.0,0.0,1.0,0.0,0.5,0.0,5.099112556497143,1.83299377300107,1.7830023985802177,1.2802504001407633,10.219428664404061,27.876332191986382,high,True,True,369.7094644166014,0.0,0.33912228534238376
114,elliptic_prefocus_spiral,"straight inlet + x=(a+b theta) cos(theta), y=e(a+b theta) sin(theta)",elliptic_spiral_with_inlet,straight_prefocus,0.5,0.0,0.0,1.0,0.0,0.5,0.0,7.111737581658426,2.139650852215094,1.8763945116119263,1.6442776586163617,10.240578783465322,23.93049027803687,high,True,True,264.77891636816304,0.0,0.3390376848661387
61,elliptic_archimedean_short,"x=(a+b theta) cos(theta), y=e(a+b theta) sin(theta)",elliptic_spiral,major_axis_prefocus,0.5,0.0,0.0,1.0,0.0,0.5,0.0,10.63567246010687,3.837329280227771,2.971324003217797,1.7346382341774467,10.487383399578393,13.664951107552458,high,True,True,620.6056906231225,0.0,0.33805046640168646
150,superellipse_oval_spiral,"x=r sign(cos(theta))|cos(theta)|^q, y=e r sign(sin(theta))|sin(theta)|^q",superellipse_oval,rounded_oval_entry,0.5,0.0,0.0,1.0,0.0,0.5,0.0,4.584248171739437,1.4683725561174419,0.8890488493662057,1.5462140785636258,10.639471566006243,36.22878785659927,high,True,True,279.3353428879057,0.0,0.337442113735975
182,concentric_electrode_spiral,r(theta)=a+b theta with constant electrode gap g,circular_spiral,dual_side_electrode_entry,0.5,0.0,0.0,1.0,0.0,0.5,0.0,10.84504763911124,3.489016875520051,2.6582377791080507,1.2360690693569374,11.441478841386203,16.396422329830102,high,True,True,763.6633608364368,0.0,0.33423408463445514
46,elliptic_archimedean_short,"x=(a+b theta) cos(theta), y=e(a+b theta) sin(theta)",elliptic_spiral,major_axis_prefocus,0.5,0.0,0.0,1.0,0.0,0.5,0.0,7.444562077290925,3.170532473892664,1.587848149901183,2.1326495984874128,11.809684553398167,18.62413435384036,high,True,True,598.4273261025253,0.0,0.3327612617864073
64,elliptic_archimedean_short,"x=(a+b theta) cos(theta), y=e(a+b theta) sin(theta)",elliptic_spiral,major_axis_prefocus,0.5,0.0,0.0,1.0,0.0,0.5,0.0,4.9088033114388985,1.8039490846354214,1.5487532834359476,0.9456370214640722,12.481560506915086,34.59510197162137,high,True,True,182.72498781821534,0.0,0.3300737579723396
184,concentric_electrode_spiral,r(theta)=a+b theta with constant electrode gap g,circular_spiral,dual_side_electrode_entry,0.5,0.0,0.0,1.0,0.0,0.5,0.0,10.027062448361654,3.7006140338941496,3.103387229622298,1.1255004806791058,12.593269734836085,17.015108329987346,high,True,True,770.9265392888026,0.0,0.3296269210606556
113,elliptic_prefocus_spiral,"straight inlet + x=(a+b theta) cos(theta), y=e(a+b theta) sin(theta)",elliptic_spiral_with_inlet,straight_prefocus,0.5,0.0,0.0,1.0,0.0,0.5,0.0,5.371720507780826,2.2201312714871464,2.2910078255850777,0.7319998454434571,12.635096593156842,28.45574213432269,high,True,True,291.3309388960514,0.0,0.32945961362737264
186,concentric_electrode_spiral,r(theta)=a+b theta with constant electrode gap g,circular_spiral,dual_side_electrode_entry,0.5,0.0,0.0,1.0,0.0,0.5,0.0,9.231113218054764,2.594393285620735,3.980487733621221,0.756720829542888,12.668377048782025,24.414912571266136,high,True,True,660.2684804993726,0.0,0.32932649180487195
53,elliptic_archimedean_short,"x=(a+b theta) cos(theta), y=e(a+b theta) sin(theta)",elliptic_spiral,major_axis_prefocus,0.5,0.0,0.0,1.0,0.0,0.5,0.0,5.144164043978942,2.4436878184003725,1.1069760594360378,1.9099966002551259,13.120039727500819,26.844754122662724,high,True,True,265.2767017248032,0.0,0.32751984108999677
202,concentric_electrode_spiral,r(theta)=a+b theta with constant electrode gap g,circular_spiral,dual_side_electrode_entry,0.5,0.0,0.0,1.0,0.0,0.5,0.0,8.276888005496833,2.4704883476411537,1.7888312909633357,1.770287494732224,14.427851124669546,29.20040310743703,high,True,True,593.2884140657172,0.0,0.32228859550132183
162,superellipse_oval_spiral,"x=r sign(cos(theta))|cos(theta)|^q, y=e r sign(sin(theta))|sin(theta)|^q",superellipse_oval,rounded_oval_entry,0.5,0.0,0.0,1.0,0.0,0.5,0.0,9.49206225735378,2.753666548170271,1.8444103632983702,1.7923004491798296,15.278888535048637,27.742808121050462,high,True,True,354.7948672641966,0.0,0.31888444585980547
60,elliptic_archimedean_short,"x=(a+b theta) cos(theta), y=e(a+b theta) sin(theta)",elliptic_spiral,major_axis_prefocus,0.5,0.0,0.0,1.0,0.0,0.5,0.0,9.272878558095094,4.186165073833663,2.220065240006353,1.872356109254131,15.441507113481054,18.44350000672551,high,True,True,523.5245934780964,0.0,0.3182339715460758
41,elliptic_archimedean_short,"x=(a+b theta) cos(theta), y=e(a+b theta) sin(theta)",elliptic_spiral,major_axis_prefocus,0.5,0.0,0.0,1.0,0.0,0.5,0.0,11.098563482195338,5.105697190882419,2.4635357855793156,2.0452001257133254,15.464082331617114,15.143947783695776,high,True,True,781.4926008518424,0.0,0.31814367067353155
62,elliptic_archimedean_short,"x=(a+b theta) cos(theta), y=e(a+b theta) sin(theta)",elliptic_spiral,major_axis_prefocus,0.5,0.0,0.0,1.0,0.0,0.5,0.0,7.712515452006663,2.2713198599652555,4.357881688274069,0.7756822474639343,15.629772892733666,34.40680717900462,high,True,True,408.58020490529265,0.0,0.3174809084290653
42,elliptic_archimedean_short,"x=(a+b theta) cos(theta), y=e(a+b theta) sin(theta)",elliptic_spiral,major_axis_prefocus,0.5,0.0,0.0,1.0,0.0,0.5,0.0,10.825764603957921,5.89999108875538,4.462253551484054,1.245593135435708,15.75570352824123,13.35231129269802,high,True,True,817.7286153629697,0.0,0.31697718588703505
99,monotone_curvature_spiral,r(theta)=r0/(1+k theta)^p,monotone_curvature_spiral,outer_low_curvature_entry,0.5,0.0,0.0,1.0,0.0,0.5,0.0,8.32015893247172,3.519888040180665,1.8419637042333008,2.295301359590561,16.9995087242582,24.147797501231977,high,True,True,672.3378536014397,0.0,0.3120019651029672
155,superellipse_oval_spiral,"x=r sign(cos(theta))|cos(theta)|^q, y=e r sign(sin(theta))|sin(theta)|^q",superellipse_oval,rounded_oval_entry,0.5181818181818182,0.0,0.0,0.03636363636363636,1.0,1.0,0.5092592592592593,8.448706016594386,3.294258658201041,2.894675311737517,0.9367713363527804,29.09158212901785,44.154975591540904,high,True,True,468.19550760052806,0.00215202400771274,0.31194382577372515
181,concentric_electrode_spiral,r(theta)=a+b theta with constant electrode gap g,circular_spiral,dual_side_electrode_entry,0.5,0.0,0.0,1.0,0.0,0.5,0.0,9.847193806368452,4.090365717486929,1.9517750060170915,2.2914536903098512,17.150945231821538,20.965051069270736,high,True,True,750.8889313179966,0.0,0.31139621907271386
141,superellipse_oval_spiral,"x=r sign(cos(theta))|cos(theta)|^q, y=e r sign(sin(theta))|sin(theta)|^q",superellipse_oval,rounded_oval_entry,0.5,0.0,0.0,1.0,0.0,0.5,0.0,5.382703152523125,1.9371947029152317,1.5908483210004265,1.5392467153538743,17.52035589493841,45.22094725061065,high,True,True,370.57514374120785,0.0,0.30991857642024634
179,concentric_electrode_spiral,r(theta)=a+b theta with constant electrode gap g,circular_spiral,dual_side_electrode_entry,0.5,0.0,0.0,1.0,0.0,0.5,0.0,7.394123746404188,2.943401667891246,2.387925855596186,1.24248091189982,17.729521042513333,30.11739993885267,high,True,True,682.8267888282667,0.0,0.3090819158299467
133,elliptic_prefocus_spiral,"straight inlet + x=(a+b theta) cos(theta), y=e(a+b theta) sin(theta)",elliptic_spiral_with_inlet,straight_prefocus,0.5,0.0,0.0,1.0,0.0,0.5,0.0,7.1872047841227245,3.323417534134462,1.928895426808416,1.496057848398484,18.065329724794417,27.178844576775816,high,True,True,381.5537239707834,0.0,0.30773868110082236
29,circular_archimedean_short,r(theta)=a+b theta,circular_spiral,tangential,0.5,0.0,0.0,1.0,0.0,0.5,0.0,8.889921800874493,4.099520786315549,2.2883003012578818,1.8913057661081654,18.989455946078223,23.160580145691895,high,True,True,791.0573027374749,0.0,0.3040421762156871
159,superellipse_oval_spiral,"x=r sign(cos(theta))|cos(theta)|^q, y=e r sign(sin(theta))|sin(theta)|^q",superellipse_oval,rounded_oval_entry,0.5,0.0,0.0,1.0,0.0,0.5,0.0,6.806803955144352,2.6665533555566854,1.4525357939797805,2.393371599626653,19.372361360968814,36.32472104973974,high,True,True,415.873648989093,0.0,0.30251055455612474
176,concentric_electrode_spiral,r(theta)=a+b theta with constant electrode gap g,circular_spiral,dual_side_electrode_entry,0.5,0.0,0.0,1.0,0.0,0.5,0.0,8.821646676625045,2.411500390075762,6.5855445758949305,0.4448827153369161,19.540502962498532,40.51523906634041,high,True,True,591.8516611763262,0.0,0.30183798815000584
164,superellipse_oval_spiral,"x=r sign(cos(theta))|cos(theta)|^q, y=e r sign(sin(theta))|sin(theta)|^q",superellipse_oval,rounded_oval_entry,0.5,0.0,0.0,1.0,0.0,0.5,0.0,12.429406473502128,5.396984520211858,2.7996440170696117,1.9246503234435033,21.597228980663157,20.008607491628826,high,True,True,525.3208844637284,0.0,0.2936110840773474
193,concentric_electrode_spiral,r(theta)=a+b theta with constant electrode gap g,circular_spiral,dual_side_electrode_entry,0.5,0.0,0.0,1.0,0.0,0.5,0.0,11.94025424677261,4.629617868190486,3.324227284534874,1.2750963224280079,25.80069590452689,27.86482236665814,high,True,True,905.434246479837,0.0,0.2767972163818925
95,monotone_curvature_spiral,r(theta)=r0/(1+k theta)^p,monotone_curvature_spiral,outer_low_curvature_entry,0.5,0.0,0.0,1.0,0.0,0.5,0.0,7.34072907495186,2.6744712412443112,1.4297434029582383,2.0279418304859043,26.11753996414678,48.82748328225706,high,True,True,456.6554261483733,0.0,0.27552984014341286
180,concentric_electrode_spiral,r(theta)=a+b theta with constant electrode gap g,circular_spiral,dual_side_electrode_entry,0.5,0.0,0.0,1.0,0.0,0.5,0.0,12.257554512082281,5.233458513290953,3.152731756014855,1.4123401154818733,26.159965861414083,24.99300013077196,high,True,True,912.474376193093,0.0,0.27536013655434366
112,elliptic_prefocus_spiral,"straight inlet + x=(a+b theta) cos(theta), y=e(a+b theta) sin(theta)",elliptic_spiral_with_inlet,straight_prefocus,0.5,0.0,0.0,1.0,0.0,0.5,0.0,8.33471116311267,4.31743807542544,3.6278903954711557,0.9618299343096979,27.103127445979066,31.38797473465595,high,True,True,595.110225391275,0.0,0.27158749021608375
172,concentric_electrode_spiral,r(theta)=a+b theta with constant electrode gap g,circular_spiral,dual_side_electrode_entry,0.5,0.0,0.0,1.0,0.0,0.5,0.0,6.690925113734432,2.5712608869870524,2.075813236599027,1.5242929408716623,27.246865781987783,52.98347188315665,high,True,True,615.1921161865381,0.0,0.27101253687204885
75,monotone_curvature_spiral,r(theta)=r0/(1+k theta)^p,monotone_curvature_spiral,outer_low_curvature_entry,0.5,0.0,0.0,1.0,0.0,0.5,0.0,11.417577931378839,10.52659824730837,6.5975704085875755,0.8541022661410312,28.420516949417294,13.499383315348037,high,True,True,1379.4569487674576,0.0,0.2663179322023308
11,circular_archimedean_short,r(theta)=a+b theta,circular_spiral,tangential,0.5,0.0,0.0,1.0,0.0,0.5,0.0,10.623198301907433,3.7311308570076873,2.2898318766360086,2.2726520056313104,28.559802522440233,38.2723142352407,high,True,True,705.3712055081769,0.0,0.2657607899102391
65,elliptic_archimedean_short,"x=(a+b theta) cos(theta), y=e(a+b theta) sin(theta)",elliptic_spiral,major_axis_prefocus,0.5,0.0,0.0,1.0,0.0,0.5,0.0,7.2837676821020505,1.9403790713962303,1.887434573977316,1.776688058285107,7.0742126125145415,18.228944840721717,high,True,False,237.14153396361908,0.0,0.25999999999999995
134,elliptic_prefocus_spiral,"straight inlet + x=(a+b theta) cos(theta), y=e(a+b theta) sin(theta)",elliptic_spiral_with_inlet,straight_prefocus,0.5,0.0,0.0,1.0,0.0,0.5,0.0,5.2023353034395745,3.459521731864999,2.985460603734011,0.821927615786805,10.750265056421444,15.537212784939014,high,True,False,235.77329858968432,0.0,0.25699893977431415
201,concentric_electrode_spiral,r(theta)=a+b theta with constant electrode gap g,circular_spiral,dual_side_electrode_entry,0.509090909090909,0.0,0.0,0.01818181818181818,1.0,1.0,0.5045871559633027,9.001684661418492,2.81413174189982,3.590684433535501,1.0557938239940463,37.041916270610756,65.8141118965592,high,True,True,624.0073819916546,0.001009911970130765,0.25506201159029673
160,superellipse_oval_spiral,"x=r sign(cos(theta))|cos(theta)|^q, y=e r sign(sin(theta))|sin(theta)|^q",superellipse_oval,rounded_oval_entry,0.5,0.0,0.0,1.0,0.0,0.5,0.0,10.620303136321274,3.4528003013795474,2.954852224247616,1.5423370710905349,34.19184071405432,49.51320338508017,high,True,True,448.11027102619846,0.0,0.2432326371437827
55,elliptic_archimedean_short,"x=(a+b theta) cos(theta), y=e(a+b theta) sin(theta)",elliptic_spiral,major_axis_prefocus,0.5,0.0,0.0,1.0,0.0,0.5,0.0,4.9698641803136825,1.3129234250898332,2.3455710522854045,0.807479434572305,14.250634181934037,54.270621993658835,high,True,False,195.00075032017247,0.0,0.24299746327226385
158,superellipse_oval_spiral,"x=r sign(cos(theta))|cos(theta)|^q, y=e r sign(sin(theta))|sin(theta)|^q",superellipse_oval,rounded_oval_entry,0.5,0.0,0.0,1.0,0.0,0.5,0.0,6.463506961309208,1.6416894683258472,5.355853915398355,0.4858107293147292,14.511290472530579,44.19620991821559,high,True,False,238.57653912992237,0.0,0.24195483810987767
34,elliptic_archimedean_short,"x=(a+b theta) cos(theta), y=e(a+b theta) sin(theta)",elliptic_spiral,major_axis_prefocus,0.5,0.0,0.0,1.0,0.0,0.5,0.0,8.869903719912516,3.553588986766588,2.67515825070595,1.6628648940573316,35.11230381383178,49.404002467067066,high,True,True,557.9158245429013,0.0,0.23955078474467287
203,concentric_electrode_spiral,r(theta)=a+b theta with constant electrode gap g,circular_spiral,dual_side_electrode_entry,0.509090909090909,0.0,0.0,0.01818181818181818,1.0,1.0,0.5045871559633027,14.342528663211958,5.067780179699498,9.89809222558417,0.5407102310489158,40.32691654825134,39.78755502240686,high,True,True,890.7849243025797,0.0006338428393193228,0.2366570426483742
7,circular_archimedean_short,r(theta)=a+b theta,circular_spiral,tangential,0.5,0.0,0.0,1.0,0.0,0.5,0.0,8.615762981015115,4.190681448975882,1.842844039071846,2.1536153803998768,36.97984083569126,44.12151255821222,high,True,True,857.3890329150688,0.0,0.2320806366572349
175,concentric_electrode_spiral,r(theta)=a+b theta with constant electrode gap g,circular_spiral,dual_side_electrode_entry,0.5,0.0,0.0,1.0,0.0,0.5,0.0,12.578441600720465,3.9622145544884533,3.450084825693675,1.4924298573973134,44.053784506331326,55.592376309388094,high,True,True,702.2843778953634,0.0,0.20378486197467469
3,circular_archimedean_short,r(theta)=a+b theta,circular_spiral,tangential,0.5,0.0,0.0,1.0,0.0,0.5,0.0,7.604988802209,4.536148154212175,6.639678786626012,0.4856150210156255,47.55431673213875,52.41706742754949,high,True,True,894.9042338678153,0.0,0.18978273307144503
49,elliptic_archimedean_short,"x=(a+b theta) cos(theta), y=e(a+b theta) sin(theta)",elliptic_spiral,major_axis_prefocus,0.5,0.0,0.0,1.0,0.0,0.5,0.0,8.943250424584075,3.3993981040010124,7.026357601816821,0.6529918584677249,59.75167195947707,87.88566406675162,high,True,True,448.4361754240323,0.0,0.14099331216209168
177,concentric_electrode_spiral,r(theta)=a+b theta with constant electrode gap g,circular_spiral,dual_side_electrode_entry,0.5,0.0,0.0,1.0,0.0,0.5,0.0,11.809123673582423,5.5606689549463955,3.349117619345489,1.4404104853871695,114.72507954160044,103.15762408365342,high,True,True,946.9789232937933,0.0,-0.07890031816640178
