family,sample_id,note,frequency_hz,voltage_v,velocity_um_s,turns,inner_radius_um,pitch_um,channel_width_um,outlet_split_ratio,inlet_offset_ratio,inlet_spread_ratio,dep_start_fraction,dep_end_fraction,dep_sign,dean_scale,target_correct,wall_loss,distribution_gap_um,live_recovery,dead_removal,live_outlet_purity,dead_outlet_purity,length_mm,footprint_mm2,residence_s,flow_uL_min,pressure_drop_kPa,reynolds,electric_field_kV_m,active_joule_power_mW,adiabatic_delta_c_proxy,steady_substrate_delta_c_proxy,min_bend_radius_um,thermal_risk,v7_score
short_smooth_spiral,29,Shorter smooth Archimedean spiral.,1388555.0612704507,22.998932393654073,2029.642520840382,4.496568625071776,747.1789003909548,196.65568472080432,161.1887123142982,0.3555152519014947,-0.5749147080659271,0.2644289603448955,0.2920465526657094,0.9264710289857037,-1.0,0.65,0.9642857142857143,0.0,28.906175193183085,0.9285714285714286,1.0,1.0,0.9333333333333333,33.61371665367393,9.208359643009647,16.561397540960087,0.9814663931778219,0.40701439817436336,0.15444670050073808,142.6832689674261,6.998052432802953,102.65534551663,3.7998366180861494,666.5845442338058,low,0.9642857142857143
short_smooth_spiral,28,Shorter smooth Archimedean spiral.,1388555.0612704507,24.0,2533.9625475835915,4.751929482359016,685.6251226669071,234.5529761202113,143.69294955779742,0.3555152519014947,-0.7589715857381328,0.2913909088018627,0.28478324119364207,0.743318274314519,-1.0,0.65,0.9357142857142857,0.0,29.014764190945186,0.8714285714285714,1.0,1.0,0.8860759493670886,37.128031997793876,11.00994455190233,14.652162887411057,1.0923376575938306,0.5783799807512275,0.18742045887703254,167.02280852232428,6.824352884471081,89.94652310796636,3.0991767725532955,613.7786478880084,low,0.9357142857142857
short_smooth_spiral,27,Shorter smooth Archimedean spiral.,1388555.0612704507,23.92300356760085,3013.2056146071955,4.979652763570994,732.8850295964194,215.22503362222054,157.97089668858177,0.3555152519014947,-0.6398047204494444,0.2645245244330868,0.2988061752541821,1.0,-1.0,0.65,0.9714285714285714,0.0,29.31694000363946,0.9428571428571428,1.0,1.0,0.9459459459459459,39.71243274119449,11.146404618027358,13.179463276146672,1.4279963785397034,0.7174356994028929,0.2281909651900268,151.43930982908714,10.088321212612243,101.71186226676068,4.525370089426033,653.8995812521284,moderate,0.9114285714285715
long_low_voltage_spiral,138,Longer path intended to reduce field intensity need.,1388555.0612704507,24.0,2877.651618315695,8.52060482157609,831.5086390607337,237.4710838826541,168.6599671739999,0.3555152519014947,-0.6757297551806571,0.3182598090223433,0.44032239775448534,0.8766918829558114,-1.0,0.55,1.0,0.0,36.39676547691775,1.0,1.0,1.0,1.0,98.70224436301118,27.140556930321303,34.29958085780451,1.4560338824499983,1.6764519855457767,0.2212972954559285,142.29814224522016,14.709295519716171,145.4454709850128,2.7098367136458825,747.1786554737337,moderate,0.9040112022714174
stepwise_late_dep_spiral,121,Stepwise/multi-stage-inspired late DEP activation.,1388555.0612704507,22.272991871374998,1744.3746529495222,6.5773633600600405,779.8793079856449,236.42419759260952,184.44061787294638,0.3555152519014947,-0.5411092380295437,0.20750496449848868,0.5915931801451617,0.9320725550086099,-1.0,0.85,0.9071428571428571,0.0,23.0307480178211,0.8857142857142857,0.9285714285714286,0.9253731343283582,0.8904109589041096,64.38310740849792,18.507263219244223,36.908990450895416,0.9652006163757489,0.6501097308916848,0.13682285138379005,120.75969018233259,5.896078966168001,87.9479075297827,1.592909469196164,687.6589990491718,low,0.896779371466514
short_smooth_spiral,23,Shorter smooth Archimedean spiral.,1388555.0612704507,23.048726613312645,2991.353852908086,4.268879885682004,660.7155043372285,232.32094638685314,152.60763470279858,0.3555152519014947,-0.6741283413982639,0.3057171672501034,0.32638959432582315,0.9506702030188975,-1.0,0.65,0.8785714285714286,0.0,25.16063513254917,0.7571428571428571,1.0,1.0,0.8045977011494253,31.039203790153568,9.389102383837898,10.37630628686017,1.369510308154219,0.5615964298446663,0.2246380924444825,151.03259190275602,6.745404990718443,70.91245719522037,3.5921458276617413,584.4116869858291,low,0.8785714285714286
stepwise_late_dep_spiral,113,Stepwise/multi-stage-inspired late DEP activation.,1388555.0612704507,24.0,2284.614069562196,6.374860813090577,879.4671696703549,216.9057814612511,195.71193526082305,0.3555152519014947,-0.5275913381420448,0.29558022790898975,0.5318306977379907,1.0,-1.0,0.85,0.8785714285714286,0.0,25.635789058295263,0.9285714285714286,0.8285714285714286,0.8441558441558441,0.9206349206349206,62.93537860094271,17.498412457853462,27.547487971569353,1.341378722634366,0.8225485205776839,0.1814258072902675,122.62920995602785,8.671674241434866,93.0746371971095,2.4778459938355524,781.6112020399434,low,0.8785714285714286
long_low_voltage_spiral,130,Longer path intended to reduce field intensity need.,1388555.0612704507,24.0,2715.687551929474,9.5,938.9701027682615,251.01150599928982,187.76581593306673,0.3555152519014947,-0.6339160151259289,0.2534195405783979,0.48770658624009483,0.8539698279590983,-1.0,0.55,0.9928571428571429,0.0,33.73143560244327,0.9857142857142858,1.0,1.0,0.9859154929577465,127.24158957752948,36.69081357513267,46.85428170377162,1.5297398670219309,1.99297875771742,0.21381692197645558,127.81879321716008,14.296455456904122,134.5521372808209,1.9482336399585312,845.0871948017283,moderate,0.8511483088963394
stepwise_late_dep_spiral,122,Stepwise/multi-stage-inspired late DEP activation.,1388555.0612704507,24.0,2918.3593095078527,5.849883898612868,773.6135702926049,199.73316264792595,169.405434753874,0.3555152519014947,-0.5946930378906667,0.38937006433093085,0.5435739403137227,1.0,-1.0,0.85,0.8428571428571429,0.0,20.86006662652157,0.8714285714285714,0.8142857142857143,0.8243243243243243,0.8636363636363636,49.92258311310661,12.90454108686404,17.10638678056592,1.48315778278558,0.8590590247656243,0.224653856166024,141.6719601402939,7.747518566498172,75.20644860538772,3.0018574524841606,688.9108529156679,low,0.8428571428571429
long_low_voltage_spiral,133,Longer path intended to reduce field intensity need.,1388555.0612704507,24.0,2673.1048013797385,9.5,834.2267700473576,258.8846947564916,187.45357249303078,0.3555152519014947,-0.6160579872459035,0.26367493218218624,0.4268679168526556,0.9143259273461315,-1.0,0.55,0.9857142857142858,0.0,38.13608222237462,1.0,0.9714285714285714,0.9722222222222222,1.0,123.22474848292826,36.04724759836745,46.0979862889495,1.5032491340007166,1.9004373517914335,0.21039051562282446,128.03170236135287,18.457119064496617,176.77170946649912,2.560128760750727,740.4999838008422,moderate,0.8325140815399468
stepwise_late_dep_spiral,117,Stepwise/multi-stage-inspired late DEP activation.,1388555.0612704507,23.16170303711462,1977.7110417132587,7.39215949488652,755.648949509064,203.37687290131208,173.79107511629329,0.3555152519014947,-0.5903872269563484,0.34238795366509744,0.5031843486478802,1.0,-1.0,0.85,0.9,0.0,36.17675698121111,1.0,0.8,0.8333333333333334,1.0,70.02838103723835,17.289531200127225,35.40880318723099,1.0311255846261347,0.8119475409507348,0.15312380194161576,133.27325940998892,10.739470356262492,149.95160239503505,3.1057725718391556,668.7534119509173,moderate,0.8318867952191537
v6_balanced_spiral,12,Current V6 selected candidate.,1388555.0612704507,24.0,2195.998158482826,7.893631549594589,1465.7045949040692,239.41558386451422,200.25917440240636,0.3555152519014947,-0.6487267139161584,0.2768477455649394,0.432337459257838,0.9835312692057517,-1.0,0.4240246081708122,0.9928571428571429,0.0,47.020175300391635,0.9857142857142858,1.0,1.0,0.9859154929577465,119.57634475635709,37.516306541514446,54.451933074010476,1.3193063346209262,1.4956966189626317,0.17519816123397974,119.84469661187023,18.95743900659125,206.8777718101794,2.5265598821159947,1365.5750077028658,moderate,0.828773142463405
v6_balanced_spiral,14,Current V6 selected candidate.,1388555.0612704507,21.54175872400081,2540.4657883058326,8.671095993288077,1668.2755437002857,213.9998540911021,181.99013887979774,0.3555152519014947,-0.611114497205761,0.1911260352678841,0.5335794733678044,0.9796599554132922,-1.0,0.4240246081708122,1.0,0.0,38.146062498167765,1.0,1.0,1.0,1.0,141.45275029892983,41.052402420045915,55.679848534099264,1.3870191648994596,2.08595914180465,0.19869495517957755,118.36772506794381,16.0893713523198,167.00767266827964,1.9596138598289863,1577.2804742603867,moderate,0.823669991490642
v6_balanced_spiral,11,Current V6 selected candidate.,1388555.0612704507,23.922706546167653,2865.2581585772227,8.920003136633065,1625.6828555339275,249.9413248626222,174.65040900900024,0.3555152519014947,-0.5828189051065604,0.15312272788414683,0.4780391252202397,0.8271275583241673,-1.0,0.4240246081708122,1.0,0.0,35.153377349021625,1.0,1.0,1.0,1.0,153.60692924719487,48.830376595432526,53.61015334250725,1.5012555279356607,2.577465235431631,0.22208606518226412,136.97480974656548,17.571032618822603,168.50875725026717,1.7991907746689537,1538.3576510294274,moderate,0.8086937102637537
v6_balanced_spiral,0,Current V6 selected candidate.,1388555.0612704507,22.451426093041206,2459.6769046370628,8.303347096875203,1647.864415385572,248.4755694119932,194.45206756067563,0.3555152519014947,-0.624924223339343,0.3086177086375571,0.542395415472512,0.9211764627205511,-1.0,0.4240246081708122,0.9714285714285714,0.0,32.21782129900647,0.9857142857142858,0.9571428571428572,0.9583333333333334,0.9852941176470589,139.80709410346608,45.56225253899763,56.83961736596267,1.434867778913759,1.9697050559281213,0.19507071329664477,115.45995048900984,13.727540969823522,137.74018931360177,1.5064598658806263,1550.6383816052341,moderate,0.8044518873968673
stepwise_late_dep_spiral,112,Stepwise/multi-stage-inspired late DEP activation.,1388555.0612704507,24.0,2401.5346023521415,6.723313854300986,805.8115026477119,300.3308630416631,181.14111187355772,0.3555152519014947,-0.5247911353874077,0.37286752877275015,0.5597754874576544,0.9216906031745168,-1.0,0.85,0.8071428571428572,0.0,25.968607819720177,0.9714285714285714,0.6428571428571429,0.7311827956989247,0.9574468085106383,76.72029367437246,26.705823081990236,31.946361963400438,1.3050499442186678,1.070548741335536,0.18763931462176492,132.49339010766792,8.829221923870799,97.40362295528328,1.653051826330905,715.240946710933,low,0.8042233141977565
short_serpentine,105,Shorter packed straight/serpentine control.,1388555.0612704507,24.0,2108.5574276122993,5.508681760601346,768.3045965844276,261.46724818137136,157.08415629288032,0.3555152519014947,-0.8262985769131336,0.3008401166482136,0.45869723946445967,0.9282384545588225,-1.0,0.0,0.8928571428571429,0.02857142857142857,39.085688697903706,0.8285714285714286,0.9571428571428572,1.0,0.8589743589743589,51.54114630439914,6.902435143048127,24.44379537851317,0.9936628935346923,0.6524966344128253,0.15946526645475811,152.7843454514437,8.873968697880171,128.5756209877053,6.428143484127988,689.7625184379874,moderate,0.8
stepwise_late_dep_spiral,109,Stepwise/multi-stage-inspired late DEP activation.,1388555.0612704507,21.466192037822985,2129.142621093843,6.111632913035468,752.124995944412,246.07880609242684,164.00641611601412,0.3555152519014947,-0.625913111016627,0.4787730188228358,0.5840274258152951,0.9476668381093745,-1.0,0.85,0.8,0.0,22.236241246318674,0.9571428571428572,0.6428571428571429,0.7282608695652174,0.9375,57.77960194705139,17.173762857506794,27.137497213487382,1.0475791520563735,0.7308772895748906,0.16267992233684703,130.88629424496617,5.903297562046777,81.13115117137663,1.7186965987091165,670.1217878864051,low,0.8
long_low_voltage_spiral,141,Longer path intended to reduce field intensity need.,1388555.0612704507,19.112887594099455,2771.4680465092893,8.194421370143566,720.0218737358392,203.3690134308302,178.4466595789604,0.3555152519014947,-0.7022508386701031,0.24119409569969713,0.4394467851536051,0.9504805053734154,-1.0,0.55,0.8,0.0,24.82157796780066,0.6,1.0,1.0,0.7142857142857143,79.9925820575229,19.255674878441525,28.862891693185823,1.4836776450882283,1.2922589038682748,0.215838366073326,107.10700687362682,8.368419867908635,81.20517732785989,2.172974959521632,630.7985439463591,low,0.8
stepwise_late_dep_spiral,124,Stepwise/multi-stage-inspired late DEP activation.,1388555.0612704507,23.41712523984813,2328.7179270765546,6.486545236253265,883.7394826190967,241.5092158628478,197.72512769918453,0.3555152519014947,-0.47806747206358147,0.31748741695159316,0.498371845386605,0.8755607368014103,-1.0,0.85,0.7928571428571428,0.0,22.327830098340623,0.8142857142857143,0.7714285714285715,0.7808219178082192,0.8059701492537313,67.96092688158511,20.414789908042685,29.183838064450544,1.3813381485197762,0.9036132835963013,0.18531213027187124,118.43272280230626,7.109244976666718,74.0974537195797,1.7411996421932152,784.8769187695045,low,0.7928571428571428
long_low_voltage_spiral,127,Longer path intended to reduce field intensity need.,1388555.0612704507,24.0,1819.4515589305854,9.5,689.1355465742995,250.00327042518327,190.61079193798543,0.3555152519014947,-0.6060399845621278,0.32281455111173435,0.46530247209414727,0.8980712339718868,-1.0,0.55,0.9428571428571428,0.0,47.6258229827834,1.0,0.8857142857142857,0.8974358974358975,1.0,112.04746852744927,31.36020533842189,61.58310067529752,1.0404213076216833,1.172280746527511,0.14370372934978604,125.9110240085898,14.653216006444605,202.76991733427104,2.3362755199328658,593.8301506053068,moderate,0.7928221592909689
stepwise_late_dep_spiral,114,Stepwise/multi-stage-inspired late DEP activation.,1388555.0612704507,24.0,2980.852062411941,5.878611935486047,734.5302367971904,248.1864593532914,172.45677939385112,0.3555152519014947,-0.6097627915781443,0.2544337950579779,0.5701556085757323,0.9425003830811182,-1.0,0.85,0.7857142857142857,0.0,18.663556400103605,0.5714285714285714,1.0,1.0,0.7,54.09746930433479,16.32768131744516,18.148324093803602,1.542204439599247,0.9470063966103184,0.23039349193583158,139.16530323919358,6.727666030998598,62.80616643621827,2.0602025174911045,648.3018471002647,low,0.7857142857142857
stepwise_late_dep_spiral,125,Stepwise/multi-stage-inspired late DEP activation.,1388555.0612704507,18.6067220073635,3033.25581327727,6.73877566323561,716.9762466962011,198.28019091521756,153.31542503038688,0.3555152519014947,-0.6394509461401959,0.3772107110134866,0.5963365386704658,0.9249966167718483,-1.0,0.85,0.7857142857142857,0.0,16.930310749722434,0.6714285714285714,0.9,0.8703703703703703,0.7325581395348837,58.66135192638714,14.250410973485335,19.3394014674307,1.3951347127154894,1.0749441735728587,0.22804456152625185,121.36236131280124,4.353643950275571,44.92794705640623,1.5275503135930841,640.3185341810075,low,0.7857142857142857
v6_balanced_spiral,15,Current V6 selected candidate.,1388555.0612704507,20.5827672504765,2530.6013915714184,9.144629704029581,1702.3003396440797,231.43866603129382,171.2008237358057,0.3555152519014947,-0.6539892735410139,0.27149878004520406,0.558351159093492,0.9070655582311844,-1.0,0.4240246081708122,0.9785714285714285,0.0,35.58873514081485,0.9857142857142858,0.9714285714285714,0.971830985915493,0.9855072463768116,158.62666004135542,47.88958251224374,62.683384498912964,1.2997231283520094,2.3612830139799845,0.19527111715078702,120.2258657484002,13.688243961906947,151.62705503740926,1.4291463032077307,1616.699927776177,moderate,0.7841667159340759
short_smooth_spiral,24,Shorter smooth Archimedean spiral.,1388555.0612704507,24.0,2307.920557633785,4.833373234307749,696.266925438124,171.61995096162244,156.70487351941023,0.3555152519014947,-0.6907403798059836,0.20120315278881348,0.3490223175302247,0.8153849439236324,-1.0,0.65,0.7714285714285715,0.0,26.72350896136167,0.5428571428571428,1.0,1.0,0.6862745098039216,33.751212406405635,8.083975882384424,14.624078933206155,1.084987197230547,0.46796431892925444,0.17444069205545806,153.15413912144373,5.7856625234321974,76.7729616272739,3.578475868563376,617.9144886784189,low,0.7714285714285715
v6_balanced_spiral,10,Current V6 selected candidate.,1388555.0612704507,24.0,2743.1931305456737,7.948775985439232,1885.5597668329972,214.0115513387471,180.39505211946835,0.3555152519014947,-0.6387949698157606,0.31442817392994526,0.598411475174364,0.7991874762294109,-1.0,0.4240246081708122,0.8571428571428571,0.0,23.859531355555532,0.7285714285714285,0.9857142857142858,0.9807692307692307,0.7840909090909091,136.6629569719256,42.47275962253208,49.81893380023911,1.4845754032756633,2.180182205615824,0.21414257286195806,133.04134297489364,8.761137072432323,84.9646014626443,1.0313830735623406,1795.362240773263,low,0.7707514994705729
short_smooth_spiral,18,Shorter smooth Archimedean spiral.,1388555.0612704507,22.451426093041206,2459.6769046370628,4.8,650.0,230.0,170.0,0.3555152519014947,-0.624924223339343,0.3086177086375571,0.35,0.88,-1.0,0.65,0.7571428571428571,0.0,21.713824875500283,0.5142857142857142,1.0,1.0,0.6730769230769231,36.269628571999256,10.624618168621046,14.745688144496773,1.2544352213649022,0.5256075037867283,0.18949574480315265,132.0672123120071,5.69977773724592,65.41682947911781,2.68234474255261,565.0,low,0.7571428571428571
v6_balanced_spiral,17,Current V6 selected candidate.,1388555.0612704507,20.006235137825122,2243.0477541293367,8.072667766324859,1754.9358627955212,291.0801506399906,193.39475151522342,0.3555152519014947,-0.5339685033715491,0.26609514953431623,0.5683953521508884,0.8323733580505397,-1.0,0.4240246081708122,0.8785714285714286,0.0,23.072997128684236,0.8714285714285714,0.8857142857142857,0.8840579710144928,0.8732394366197183,148.62684421654055,55.45534757444022,66.26111456741216,1.3013809891398693,1.9115643735597783,0.17769170426439226,103.44766329530042,8.119906986257623,89.83103563026124,0.7321121714509051,1658.2384870379096,low,0.7555529125037698
v6_balanced_spiral,9,Current V6 selected candidate.,1388555.0612704507,22.43475326316423,2214.2864001107782,8.737191802831378,1666.1272905723117,231.6599353982607,190.33601072167593,0.3555152519014947,-0.7304217523470078,0.35839013158259064,0.6091781541995909,0.9063486779718454,-1.0,0.4240246081708122,0.9357142857142857,0.0,34.0791601605431,0.8714285714285714,1.0,1.0,0.8860759493670886,147.03844273658524,45.01554871910188,66.40443744279379,1.264375319977039,1.872741852322279,0.17483608195485117,117.8691997278963,11.554688892252512,131.57156998160858,1.2834108681373686,1570.9592852114738,moderate,0.7540691868135098
long_low_voltage_spiral,143,Longer path intended to reduce field intensity need.,1388555.0612704507,23.91667917616108,2040.1109856315961,9.1699460106918,994.5064893218248,260.11522017855293,198.9968721988811,0.3555152519014947,-0.6065849553935938,0.34684318084456883,0.5023735336743687,0.8955528310207412,-1.0,0.55,0.9142857142857143,0.0,37.03681781538831,0.9857142857142858,0.8428571428571429,0.8625,0.9833333333333333,126.0398981979437,38.02949060282857,61.780902649726734,1.2179271152377922,1.46636681726036,0.16255536641469712,120.18620650609178,14.24472899808577,168.38860619257318,1.8728529849182718,895.0080532223843,moderate,0.7515955461208373
short_smooth_spiral,32,Shorter smooth Archimedean spiral.,1388555.0612704507,22.959630045579754,1692.4379135842803,4.5420657418325465,600.7921598759034,242.1444590478005,179.18656392343706,0.3555152519014947,-0.680546272917373,0.2774207217669891,0.38628087378947923,0.9258314563124647,-1.0,0.65,0.7428571428571429,0.0,28.133747494207878,0.4857142857142857,1.0,1.0,0.660377358490566,32.859745646608005,10.068468295086285,19.415628415589527,0.9097864031667543,0.32387888519148,0.13192411579884603,128.1325426575508,5.215797158612198,82.53935328216187,2.5901641668562756,511.19887791418483,low,0.7428571428571429
stepwise_late_dep_spiral,108,Stepwise/multi-stage-inspired late DEP activation.,1388555.0612704507,22.451426093041206,2459.6769046370628,6.2,750.0,220.0,180.0,0.3555152519014947,-0.624924223339343,0.3086177086375571,0.55,0.96,-1.0,0.85,0.7428571428571429,0.0,20.071125479432823,0.5428571428571428,0.9428571428571428,0.9047619047619048,0.673469387755102,55.80277018591767,15.260650739560239,22.68703262640572,1.328225528504014,0.7985849311480515,0.1919189640461597,124.73014496134003,6.407003701524692,69.44851472881973,2.0991908572141664,660.0,low,0.7428571428571429
short_serpentine,103,Shorter packed straight/serpentine control.,1388555.0612704507,24.0,2556.5392848358833,4.792694783540111,670.1231147130825,258.1719095407172,165.70287922759576,0.3555152519014947,-0.5716631045879895,0.28112390194438347,0.30558748759001964,0.8784516229644603,-1.0,0.0,0.8,0.0,26.404703325686043,0.6,1.0,1.0,0.7142857142857143,38.83139905170983,5.226876466282648,15.189048446092082,1.2708777610672932,0.5883624765129469,0.19580408203501787,144.83755570134412,7.732627692031918,87.59980322447988,7.396987227374974,587.2716750992846,moderate,0.74
long_low_voltage_spiral,135,Longer path intended to reduce field intensity need.,1388555.0612704507,20.265074651430762,2329.2045375602056,8.235761299490573,848.181958134592,244.62935011152067,206.14205110448734,0.3555152519014947,-0.47791802765785457,0.2623786623886559,0.49425588549967114,0.9261314997693632,-1.0,0.55,0.7714285714285715,0.0,18.57653759199703,0.8142857142857143,0.7285714285714285,0.75,0.796875,96.04177575868027,27.63637097426551,41.23372344932922,1.4404410024436192,1.2674382681639866,0.18689104649076876,98.30635982737454,8.263208033374404,82.59105652945397,1.4949878985683314,745.1109325823484,low,0.7385362104958973
v6_balanced_spiral,7,Current V6 selected candidate.,1388555.0612704507,24.0,2925.415179497173,9.5,1448.8392921810923,227.19490016769373,192.8541031579839,0.3555152519014947,-0.6054215338642492,0.30232785177386157,0.6682248907559583,1.0,-1.0,0.4240246081708122,0.9071428571428571,0.0,30.4096615165,0.9428571428571428,0.8714285714285714,0.88,0.9384615384615385,150.91436817299038,43.092552604100625,51.58733339140254,1.6925349624200396,2.5328426308611287,0.231614693155234,124.44640589440543,14.95436548992583,127.2067486695334,1.7351450060657114,1352.4122406021004,moderate,0.7320300269230597
stepwise_late_dep_spiral,116,Stepwise/multi-stage-inspired late DEP activation.,1388555.0612704507,22.00047607063996,2472.187861159643,6.304386739565782,737.8698408735422,208.99367489590983,185.40187763162854,0.3555152519014947,-0.563723202981487,0.16217016024504854,0.5366560793996612,0.9131947550919041,-1.0,0.85,0.7285714285714285,0.0,17.55998364219408,0.45714285714285713,1.0,1.0,0.6481481481481481,55.34094734542829,14.497000816879737,22.385413428682238,1.375044813951353,0.7911147941014843,0.1941247160391245,118.66371771246183,5.440091561990717,56.959893315413545,1.8762817325830903,645.1689020577279,low,0.7285714285714285
stepwise_late_dep_spiral,123,Stepwise/multi-stage-inspired late DEP activation.,1388555.0612704507,24.0,2152.316607629975,6.828517849338838,684.2354828537215,192.90912007709937,204.39929386028507,0.3555152519014947,-0.6241127686440964,0.2699715314159409,0.5805760288756038,1.0,-1.0,0.85,0.7214285714285714,0.0,25.757269288700673,0.44285714285714284,1.0,1.0,0.6422018348623854,57.63240804762502,13.903531487274893,26.776919270760533,1.3197959842899936,0.7038827655842907,0.1724109340570438,117.41723538636558,6.8118191034573305,74.30809264410983,2.4496722684059797,582.0358359235789,low,0.7214285714285714
long_low_voltage_spiral,131,Longer path intended to reduce field intensity need.,1388555.0612704507,22.202628602953162,1495.2937293590735,8.91106905483649,877.2138568993664,222.33168823171437,226.37269233492947,0.3555152519014947,-0.6591897241547935,0.2791192798963244,0.40052892783155514,0.8957484229026448,-1.0,0.55,0.8642857142857143,0.0,41.0428366640672,0.7285714285714285,1.0,1.0,0.7865168539325843,104.59996889191358,27.741787396077584,69.95279043719937,1.0154810020396525,0.8721121873032212,0.1221098160941058,98.07997764192903,11.28012833905367,159.92709488307426,2.0330572392477797,764.0275107319017,moderate,0.7197565597380016
long_low_voltage_spiral,142,Longer path intended to reduce field intensity need.,1388555.0612704507,24.0,1509.550856709612,8.747223297681215,812.2522924943811,291.1982906299454,206.30438923348092,0.3555152519014947,-0.5478405181451327,0.35696582585625586,0.40721358493756665,0.8808118762949632,-1.0,0.55,0.8928571428571429,0.0,41.97521028465225,1.0,0.7857142857142857,0.8235294117647058,1.0,114.67157167809614,37.66602112940791,75.9640333867567,0.934280902531063,0.9806203146441094,0.12114216519522007,116.33295873719136,15.162817482797,233.65885599113219,2.012797878318844,709.1000978776406,moderate,0.7165882511677237
long_low_voltage_spiral,132,Longer path intended to reduce field intensity need.,1388555.0612704507,20.92131869967014,1718.2221083455581,9.310925299683902,933.6240228634572,314.4841554958817,229.8824757952283,0.3555152519014947,-0.8069660985912067,0.45359933983462297,0.5471252550650619,1.0,-1.0,0.55,0.9142857142857143,0.0,41.01918829404243,0.8285714285714286,1.0,1.0,0.8536585365853658,140.30601972145817,49.681688587938076,81.65767338225909,1.1849674566977217,1.3409093050765577,0.14070340904944578,91.00875839838336,12.098364133559588,146.99414573995722,1.2175878555481385,818.682784965843,moderate,0.7160997279566291
short_smooth_spiral,31,Shorter smooth Archimedean spiral.,1388555.0612704507,20.965579811079703,2389.6438855470915,4.659302806372882,773.779849596308,192.4410083241516,168.70793370260213,0.3555152519014947,-0.5697991386357949,0.3906926279777049,0.3583629758209986,0.8363649215311643,-1.0,0.65,0.7071428571428572,0.0,18.55700397982691,0.4857142857142857,0.9285714285714286,0.8717948717948718,0.6435643564356436,35.78909045520419,9.673700205165924,14.976746397930562,1.2094556466471218,0.504755856269736,0.18378045083431646,124.27145156100227,4.457163592726585,53.05770225360636,2.303753216554293,689.425882745007,low,0.7071428571428572
v6_balanced_spiral,2,Current V6 selected candidate.,1388555.0612704507,24.0,2211.3257963860333,9.008731551208209,1631.744795687835,262.1429012523417,211.41154681834698,0.3555152519014947,-0.5667873391875162,0.24972528329212065,0.5498595829261058,0.8362311343193812,-1.0,0.4240246081708122,0.9071428571428571,0.0,29.21796837514625,0.8857142857142857,0.9285714285714286,0.9253731343283582,0.8904109589041096,159.21792442331184,52.785073772246434,72.0011156580914,1.4024994213998527,1.9858918525614797,0.17830019881859777,113.52265456258041,12.422688918669866,127.5242357694214,1.1767236484569925,1526.0390222786614,moderate,0.7032325035577288
long_low_voltage_spiral,129,Longer path intended to reduce field intensity need.,1388555.0612704507,19.46381367926457,2449.414123342078,7.960362848059005,1139.1041233580972,231.6931408530519,202.69401633209256,0.3555152519014947,-0.7525711191299033,0.2735550585546881,0.46064057949448495,1.0,-1.0,0.55,0.8,0.0,29.348613640063473,0.6,1.0,1.0,0.7142857142857143,103.11587033485714,29.895611802359344,42.09817741810101,1.4894447589622721,1.43542767137984,0.19588597654456222,96.02559577967604,10.394862027497208,100.47873041543694,1.7385263924715617,1037.757115192051,moderate,0.6987368635379912
v6_balanced_spiral,13,Current V6 selected candidate.,1388555.0612704507,19.612586472582908,2378.093239997308,8.936487598814702,1682.625781284426,210.03461398322884,189.84064409177302,0.3555152519014947,-0.6060898673960777,0.3620605261064735,0.493056426723714,0.8482073941773176,-1.0,0.4240246081708122,0.8714285714285714,0.0,26.14313603372654,0.8714285714285714,0.8714285714285714,0.8714285714285714,0.8714285714285714,147.18691321112786,41.95754239499765,61.89282688146176,1.354376257174141,2.0143554349000903,0.18766809847374222,103.31078766832336,10.591628599503206,112.59088222314988,1.2621841026568303,1587.7054592385393,moderate,0.6964024178952508
long_low_voltage_spiral,126,Longer path intended to reduce field intensity need.,1388555.0612704507,22.451426093041206,2459.6769046370628,8.8,900.0,245.0,220.0,0.3555152519014947,-0.624924223339343,0.3086177086375571,0.48,0.95,-1.0,0.55,0.8071428571428572,0.0,29.220028333489502,0.6428571428571429,0.9714285714285714,0.9574468085106383,0.7311827956989247,109.39146637269891,31.489929892445883,44.47391694676263,1.6233867570604616,1.5073498809113144,0.19981686380114572,102.05193678655094,11.780032414880443,104.47305558170241,1.8704443698533535,790.0,moderate,0.6960405153500142
short_smooth_spiral,26,Shorter smooth Archimedean spiral.,1388555.0612704507,23.95991763298256,2271.0897298297323,4.471576264460661,649.2410298821776,229.03779753598354,175.0202140339935,0.3555152519014947,-0.6485526158531197,0.3337889800494114,0.35578482900531394,0.8977759003974191,-1.0,0.65,0.6928571428571428,0.0,20.25430714791023,0.38571428571428573,1.0,1.0,0.6194690265486725,32.64542676148949,9.74147550274802,14.374344761770807,1.1924598318156128,0.4339833004578353,0.1761149114868058,136.89800212636536,5.80359253460327,70.07013673766961,2.9788056916871093,561.7309228651809,low,0.6928571428571428
same_length_serpentine,89,Same-length packed serpentine with no spiral Dean contribution.,1388555.0612704507,22.394265357926624,2462.2460060291323,7.962610443143201,1328.4622230624943,263.79482072096494,183.06295377383114,0.3555152519014947,-0.6996388739175419,0.3779847424574323,0.43017064558403983,0.9249819947131409,-1.0,0.0,0.9,0.05714285714285714,39.98626893706715,0.8571428571428571,0.9428571428571428,1.0,0.9166666666666666,119.02808534272495,17.521383407710662,48.34126445987487,1.3522380803445344,1.6991414392318043,0.19282077285318688,122.33095170961832,16.134751253521276,171.7864570099681,4.604302890381598,1236.9307461755789,moderate,0.6912067272390918
wide_low_heat_spiral,49,Wider channel to reduce electric field and heating.,1388555.0612704507,21.810117428239177,2471.2298867707773,5.761647694796038,743.8494875865881,220.28184406211906,193.52186241546352,0.3555152519014947,-0.5351348824895569,0.3167824490705683,0.3743128532490643,0.9450815372616541,-1.0,0.55,0.6857142857142857,0.0,17.936035436569654,0.5857142857142857,0.7857142857142857,0.7321428571428571,0.6547619047619048,49.91914022279417,13.983990825867215,20.200119984800306,1.4347110304339077,0.7072580456952882,0.1957944532720218,112.70105173655264,7.003468932915678,70.27948647459836,2.5041023768268094,647.0885563788563,low,0.6857142857142857
v6_balanced_spiral,4,Current V6 selected candidate.,1388555.0612704507,19.34688916003498,1732.184777237765,8.115335219084795,1962.939664388634,234.53735912008167,180.2499900005361,0.3555152519014947,-0.5618365977257117,0.2962540680061829,0.5435766826992535,0.9561298603448743,-1.0,0.4240246081708122,0.9,0.0,40.828193065553855,1.0,0.8,0.8333333333333334,1.0,148.62928617966872,49.176013763802196,85.80452162654434,0.936678866328564,1.4974700707569155,0.1351963619668929,107.33364900590253,12.733018392225345,195.71335193229373,1.2946371022856216,1872.814669388366,moderate,0.6847318578116135
short_smooth_spiral,33,Shorter smooth Archimedean spiral.,1388555.0612704507,20.948056869914588,2493.0347521278536,4.478058380532709,737.2299525452582,229.58597215859916,175.7339413972611,0.3555152519014947,-0.5986545694704146,0.20782845047473095,0.29273144085008185,0.9512835508168251,-1.0,0.65,0.6785714285714286,0.0,19.317189372066014,0.35714285714285715,1.0,1.0,0.6086956521739131,35.22254148671936,10.789286516610165,14.128379661236663,1.3143324690953149,0.5135449198332022,0.19350058208303456,119.20324954505956,5.79218832368063,63.447899260428336,2.684231396934137,649.3629818466277,low,0.6785714285714286
short_smooth_spiral,35,Shorter smooth Archimedean spiral.,1388555.0612704507,19.71891018086455,2748.149045541442,4.916362210565219,689.3770155695272,222.81942321170874,148.63104524934087,0.3555152519014947,-0.47435859931553526,0.2854116450618456,0.458558542093014,0.807775281705392,-1.0,0.65,0.6785714285714286,0.0,12.037881560428445,0.6428571428571429,0.7142857142857143,0.6923076923076923,0.6666666666666666,38.231627000382346,10.858763736459657,13.911773476190746,1.225380795419409,0.6399437676551637,0.20502076290903218,132.6701978566083,3.49280322507512,41.037685610785665,1.608287697312907,615.0614929448568,low,0.6785714285714286
same_length_serpentine,75,Same-length packed serpentine with no spiral Dean contribution.,1388555.0612704507,23.229953411142905,2329.358180053786,7.512322264441208,2118.0323091607675,219.29170610144325,178.5055417023414,0.3555152519014947,-0.616542392946357,0.25921285160779073,0.5717585165074434,0.8510032341068603,-1.0,0.0,0.8714285714285714,0.02857142857142857,35.435033392121014,0.8,0.9428571428571428,1.0,0.825,138.86343054989305,21.005737366029944,59.61446021439547,1.2474100312478433,1.8853127220704322,0.18142051638206969,130.13575483207651,11.722434932363813,135.2970753909362,2.7902936060033534,2028.7795383095965,moderate,0.6752863076999424
v6_balanced_spiral,1,Current V6 selected candidate.,1388555.0612704507,23.283233811423443,2809.8363482638283,9.5,1731.3139079990358,300.94544754244123,170.2601696602696,0.3555152519014947,-0.596232139718648,0.29785480263557057,0.5750754678864816,0.816741444040917,-1.0,0.4240246081708122,0.9071428571428571,0.0,32.81554425155331,1.0,0.8142857142857143,0.8433734939759037,1.0,188.69261001062844,68.6739772812046,67.15430602469779,1.4352096401189758,3.122664996095111,0.2165475512293261,136.75091395645785,14.519241855667032,145.64930180219477,1.0571138028174762,1646.183823168901,moderate,0.6726418206725139
stepwise_late_dep_spiral,111,Stepwise/multi-stage-inspired late DEP activation.,1388555.0612704507,20.01792340814784,3369.926587095738,6.822792712381124,613.4559697537023,196.4752458704611,174.38749838018535,0.3555152519014947,-0.5781710329348468,0.2724309651496597,0.5464794183451538,0.9174025418919468,-1.0,0.85,0.6714285714285714,0.0,11.664340114767594,0.4142857142857143,0.9285714285714286,0.8529411764705882,0.6132075471698113,55.04934590585283,13.088919545379502,16.335473335428155,1.7630192017455046,1.086763278531944,0.26111528150023494,114.78989947149998,4.692008283558516,38.316121177034326,1.7923588984145118,526.2622205636097,low,0.6714285714285714
short_smooth_spiral,19,Shorter smooth Archimedean spiral.,1388555.0612704507,21.03961178821318,2680.8610853580785,4.830832927962535,709.59662565653,262.7102618501378,161.96547060613216,0.3555152519014947,-0.561289263153774,0.3747750052324637,0.3643246360069497,0.7770641664018999,-1.0,0.65,0.6642857142857143,0.0,14.143055232713433,0.4714285714285714,0.8571428571428571,0.7674418604651163,0.6185567010309279,40.82048082638788,13.32763419555375,15.226630372358722,1.3026207819590623,0.6521094834607064,0.2042334090075162,129.90183469029233,4.604762005181111,50.894282544762575,1.7275241568069566,628.613890353464,low,0.6642857142857143
stepwise_late_dep_spiral,118,Stepwise/multi-stage-inspired late DEP activation.,1388555.0612704507,23.48582471940213,2256.802808787702,5.955367905710575,783.1875021234472,216.92311824282953,183.09093307496326,0.3555152519014947,-0.501365136742722,0.2877707751496809,0.6729305908639748,1.0,-1.0,0.85,0.6642857142857143,0.0,15.179980787730212,0.6142857142857143,0.7142857142857143,0.6825396825396826,0.6493506493506493,53.49245020007699,14.746987742898625,23.70275772069417,1.2396003960814148,0.6998757628607265,0.17673811940963324,128.27410033344628,5.27080816561318,61.21746111466365,1.787079591271554,691.6420355859655,low,0.6642857142857143
v6_balanced_spiral,5,Current V6 selected candidate.,1388555.0612704507,18.513500205417035,2427.1772390603733,7.971935638383616,1634.0400808279787,218.10981217770555,196.24675166413013,0.3555152519014947,-0.6462193049122005,0.22653017713459067,0.5738483612536797,0.9596886235841228,-1.0,0.4240246081708122,0.7357142857142858,0.0,27.190671665817536,0.4714285714285714,1.0,1.0,0.6542056074766355,125.40669299646756,37.84768243293276,51.667711355523394,1.42897694663613,1.7403999429249493,0.19285398435623322,94.33786826241223,8.4508978715101,85.14466500891045,1.116435317603046,1535.9167049959137,low,0.6578060256845331
wide_low_heat_spiral,51,Wider channel to reduce electric field and heating.,1388555.0612704507,22.022904924533492,2318.127765334963,5.866905514355478,869.4888987751352,262.88859152046973,208.88497924898246,0.3555152519014947,-0.6314216229151705,0.40750700961951214,0.3765336119155202,0.9205830437745199,-1.0,0.55,0.6571428571428571,0.0,20.234293442077544,0.42857142857142855,0.8857142857142857,0.7894736842105263,0.6078431372549019,60.50075498122482,19.891416174664066,26.09897344138951,1.4526662104754515,0.7927381706530493,0.18648026832167242,105.43077345108227,7.642600383138687,75.74520184789941,1.9210800065792093,765.0464091506441,low,0.6571428571428571
stepwise_late_dep_spiral,110,Stepwise/multi-stage-inspired late DEP activation.,1388555.0612704507,21.5845153952035,2720.717365430507,6.326614443335421,713.2488449210584,179.29878429836424,178.97182480924246,0.3555152519014947,-0.6330622573177378,0.23000164095443368,0.6263866723345757,1.0,-1.0,0.85,0.6428571428571429,0.0,18.74518796497917,0.2857142857142857,1.0,1.0,0.5833333333333334,50.91216398362245,11.788241883942941,18.712772091108576,1.4607952550438774,0.8069039375351145,0.21202213714752757,120.60286817888462,4.951580634951794,48.80162872642264,2.1002201531411,623.7629325164372,low,0.6428571428571429
v6_balanced_spiral,3,Current V6 selected candidate.,1388555.0612704507,18.838043577742866,2177.333036290703,8.638875146708502,1751.8506913821996,252.7272389382105,182.93544798269687,0.3555152519014947,-0.5266693717344688,0.38784103550887555,0.4871898674362393,0.949887551905978,-1.0,0.4240246081708122,0.8428571428571429,0.0,35.40006610576895,1.0,0.6857142857142857,0.7608695652173914,1.0,154.35993824162585,50.93617245170415,70.89404131973899,1.194934183204096,1.948816810640185,0.17048348100614566,102.97645309029818,13.85497187192808,166.93272146970114,1.3600326845391522,1660.3829673908513,moderate,0.6397362551481962
v6_balanced_spiral,16,Current V6 selected candidate.,1388555.0612704507,21.814126745734587,2959.0044958033795,8.53056265041524,1603.2829429430146,252.27765368649884,206.02116269879227,0.3555152519014947,-0.6906875387460734,0.4573777713809786,0.5588807000469326,0.9904895498282031,-1.0,0.4240246081708122,0.7928571428571428,0.0,26.54112708485937,0.7857142857142857,0.8,0.7971014492753623,0.7887323943661971,143.62614068369368,46.76880071539311,48.53866930158168,1.8288526399690976,2.408153074352754,0.23739783368277936,105.88294163559958,14.318174874728523,112.71682811663776,1.5307400078377416,1500.2723615936186,moderate,0.6321502987221627
short_smooth_spiral,20,Shorter smooth Archimedean spiral.,1388555.0612704507,23.563025871896915,2177.497166120004,4.319412259052117,526.5821787694013,212.25248434645738,161.12635275809404,0.3555152519014947,-0.5567563581893102,0.29064424287115953,0.33801685761357003,0.7860584058853108,-1.0,0.65,0.6285714285714286,0.0,13.86696418793138,0.32857142857142857,0.9285714285714286,0.8214285714285714,0.5803571428571429,26.749194032413374,7.296121740308689,12.284376048156567,1.0525565295540056,0.3475224071656611,0.1656825950047287,146.2394292960451,4.129757342503802,56.48835327562715,2.830104464737918,446.0190023903542,low,0.6285714285714286
short_smooth_spiral,30,Shorter smooth Archimedean spiral.,1388555.0612704507,20.580588236121134,2033.6344185799387,4.575807694040408,589.2419988966587,238.1156863916326,168.9129155307776,0.3555152519014947,-0.4987580857816576,0.3533126396053706,0.39368488347758734,0.7965824613535253,-1.0,0.65,0.6285714285714286,0.0,14.512737512130478,0.44285714285714284,0.8142857142857143,0.7045454545454546,0.59375,32.623864310748196,9.767592500019454,16.04214799508017,1.0305213562982256,0.39145768814922116,0.1564442173635147,121.84141260868324,3.2959663396759455,46.04744964567141,1.6871948433912354,504.78554113127,low,0.6285714285714286
same_length_serpentine,88,Same-length packed serpentine with no spiral Dean contribution.,1388555.0612704507,19.1322254138441,2748.0611797362235,8.292181183643528,1477.4983130187322,260.2228138058945,161.38804563987867,0.3555152519014947,-0.7232197319613822,0.2780968592285436,0.48027923397924893,0.7984244504865798,-1.0,0.0,0.7714285714285715,0.05714285714285714,31.583012290390105,0.6,0.9428571428571428,1.0,0.7333333333333333,133.21072949267543,19.521601646506543,48.474440989505865,1.3305126692893456,2.1832779132476423,0.20917630847510063,118.54797136917907,9.612231460933502,104.01237569316612,2.4619474454478594,1396.8042901987928,low,0.6247918947373515
long_low_voltage_spiral,128,Longer path intended to reduce field intensity need.,1388555.0612704507,22.540458153856616,2203.217828038684,9.105474352717483,926.3307081249517,283.5377560714937,233.91175536536753,0.3555152519014947,-0.7768264799479798,0.36353669065522476,0.4822138477715821,0.9286587428150591,-1.0,0.55,0.7642857142857142,0.0,33.66342870031081,0.5285714285714286,1.0,1.0,0.6796116504854369,126.87932188615045,41.28322782786862,57.588187727719635,1.5460756488264034,1.5506216389750076,0.18097611819515774,96.36308409831166,12.303598217777177,114.57271665758543,1.4901448923855125,809.3748304422679,moderate,0.6148097179368757
wide_low_heat_spiral,42,Wider channel to reduce electric field and heating.,1388555.0612704507,22.105214824794814,2510.3353988218423,5.153058117795899,742.8407021789046,226.5998867812738,210.39092040720325,0.3555152519014947,-0.5158237499911174,0.44225517661321084,0.3321135973710875,0.9165427867534742,-1.0,0.55,0.6071428571428571,0.0,20.95918204196427,0.4142857142857143,0.8,0.6744186046511628,0.5773195876288659,42.971830677376346,12.764671921716392,17.117963877473905,1.584455325266733,0.6089694953617129,0.20222184358048673,105.06734217432506,5.83281551815529,53.00026639208377,2.2847494843294744,637.645241975303,low,0.6071428571428571
compact_c_arc,58,"C-shaped/circular-arc DEP path, short and compact.",1388555.0612704507,21.14114111109883,2242.5076704909025,1.4260287026002754,1007.6528885077688,388.6380599549695,177.2588108697789,0.3555152519014947,-0.5590079685244437,0.3995724605850354,0.11991208346370533,0.9095782835485937,-1.0,0.35,0.6,0.0,12.599646491341929,0.2857142857142857,0.9142857142857143,0.7692307692307693,0.5614035087719298,11.524975002760371,6.418560316762737,5.139324674076796,1.1925127291127258,0.15086489041984666,0.1743878394820751,119.2670818864396,2.294735107280861,27.70443813559387,1.7875777386464078,919.0234830728793,low,0.6
compact_c_arc,64,"C-shaped/circular-arc DEP path, short and compact.",1388555.0612704507,24.0,2141.5374880459817,1.3127371133528387,862.3742199419809,408.2846750091159,176.12354083190692,0.3555152519014947,-0.5252393342637234,0.3747736859009941,0.18409789025249235,0.9227257538151286,-1.0,0.35,0.6,0.0,11.003293188420734,0.2714285714285714,0.9285714285714286,0.7916666666666666,0.5603448275862069,9.339087533141289,5.205785750882598,4.360926477015641,1.1315254956567775,0.11690949441988316,0.16630008460853177,136.26798488514208,2.255979807149017,28.704545474129805,2.166800474612822,774.3124495260274,low,0.6
v6_balanced_spiral,8,Current V6 selected candidate.,1388555.0612704507,17.92736434249714,3268.89552424136,8.461139666847043,1626.2574694384678,215.51545646962356,197.48076870605564,0.3555152519014947,-0.5391044378377636,0.18278080085673662,0.6141615032468171,0.8405676948251061,-1.0,0.4240246081708122,0.6714285714285714,0.0,11.003646914685369,0.37142857142857144,0.9714285714285714,0.9285714285714286,0.6071428571428571,134.94092484421702,39.558564865323795,41.28028070751325,1.9366320028409059,2.519144024537592,0.26006358890398057,90.78030463402489,4.972102378166857,36.96347288709194,0.6284482760047365,1527.51708508544,low,0.5995672255230845
long_low_voltage_spiral,136,Longer path intended to reduce field intensity need.,1388555.0612704507,24.0,2561.3398561287927,9.5,959.6937727374674,228.10043030097316,241.46446207404207,0.3555152519014947,-0.6979808721382541,0.42628881127905943,0.436451741289644,0.9295572324208854,-1.0,0.55,0.7357142857142858,0.0,28.96514519063185,0.5428571428571428,0.9285714285714286,0.8837209302325582,0.6701030927835051,121.97883415638671,33.12959451548485,47.623057074802034,1.85541765164683,1.724647531571325,0.21155825602527634,99.3935082365897,14.34807303187082,111.33499780579791,2.1654465202048425,838.9615417004463,moderate,0.5979085738182127
same_length_serpentine,84,Same-length packed serpentine with no spiral Dean contribution.,1388555.0612704507,23.604852749843907,2616.0143447904147,9.5,1514.6020286263465,222.99326294170328,190.60885765023428,0.3555152519014947,-0.7038007007850964,0.22919691798259498,0.46977794715048293,0.8998408584880877,-1.0,0.0,0.8857142857142857,0.07142857142857142,45.47702483882773,0.8714285714285714,0.9,1.0,0.9130434782608695,153.6475123159466,19.651421871052083,58.73343646678523,1.4959065175713813,2.3112962380742994,0.20661733079761857,123.83922258827353,19.31599286212186,185.90556576428878,4.91465528267338,1419.2975998012294,moderate,0.5975597901068167
same_length_serpentine,82,Same-length packed serpentine with no spiral Dean contribution.,1388555.0612704507,23.189721553779663,2700.5559392530095,8.64456786997172,1766.1597387627403,226.8370153848646,205.9474906246261,0.3555152519014947,-0.4880476635671429,0.1420620399674385,0.5644813398238938,0.8526878538301342,-1.0,0.0,0.7642857142857142,0.0,23.15065169127543,0.5285714285714286,1.0,1.0,0.6796116504854369,149.1969632375022,20.73811777905365,55.24675903538995,1.6685181569417626,2.283211675728888,0.2166476410729435,112.6001656220557,11.227894915173378,96.88291839857443,2.707067014180528,1663.185993450427,moderate,0.5972186124951271
short_serpentine,91,Shorter packed straight/serpentine control.,1388555.0612704507,24.0,2754.8807028204633,4.688335130467801,641.3587787809348,204.83424488416492,166.63170399014484,0.3555152519014947,-0.5621791625602173,0.3816337776683394,0.3699295039155772,0.8701427598442123,-1.0,0.0,0.6571428571428571,0.0,15.24660614101974,0.4,0.9142857142857143,0.8235294117647058,0.6037735849056604,33.0524241046984,3.7462967733723747,11.997769656907153,1.377151397401625,0.5389490779646051,0.21126792891956422,144.03021409070774,5.715093780079523,59.74774026716196,7.627657558660066,558.0429267858624,moderate,0.5971428571428572
short_serpentine,100,Shorter packed straight/serpentine control.,1388555.0612704507,23.28583093776513,2782.8125073526253,5.10724953421112,700.174205926935,221.87481950704333,170.2009382420483,0.3555152519014947,-0.6397208824976017,0.28152982906619234,0.186338078267684,0.7947948831550425,-1.0,0.0,0.6714285714285714,0.014285714285714285,27.704077343449498,0.37142857142857144,0.9714285714285714,1.0,0.6071428571428571,40.66703516625189,4.856213286246754,14.61364538890178,1.4209118991093714,0.6665768800310397,0.2144479453965572,136.8137636506421,7.883041157957928,79.87418745188668,8.116448653813695,615.0737368059108,moderate,0.595
short_serpentine,104,Shorter packed straight/serpentine control.,1388555.0612704507,22.495983257659997,2189.15265344012,4.916021000438548,610.7400914136863,214.55474545119029,156.56162734228297,0.3555152519014947,-0.6986900723940994,0.28933273814596966,0.4613466656287419,0.9122820833130816,-1.0,0.0,0.6714285714285714,0.014285714285714285,28.41063165164724,0.37142857142857144,0.9714285714285714,1.0,0.6071428571428571,35.171617005461385,4.012183836138105,16.06631540755796,1.0282119057697863,0.4626694997494382,0.16542718723418223,143.68771990647576,5.126622226218207,71.78413938931742,6.388817705761952,532.4592777425448,moderate,0.595
wide_low_heat_spiral,38,Wider channel to reduce electric field and heating.,1388555.0612704507,20.051454108018046,1876.1124246698284,5.491893048032684,741.9779468139071,275.0942751703512,206.9929045014391,0.3555152519014947,-0.6263447071229962,0.4029603361353187,0.3235311344493618,0.8390199118942481,-1.0,0.55,0.5928571428571429,0.0,17.35582953342903,0.2857142857142857,0.9,0.7407407407407407,0.5575221238938053,51.69349713792562,17.442040992296803,27.55351782664251,1.1650258798609356,0.5490752999482705,0.15065666300199979,96.87024855423795,5.175966005374426,63.964005616109446,1.4837615642746074,638.4814945631875,low,0.5928571428571429
wide_low_heat_spiral,43,Wider channel to reduce electric field and heating.,1388555.0612704507,24.0,2306.384552310416,5.815523244886613,820.4396111937452,286.5452013727985,242.76095229447736,0.3555152519014947,-0.5919565720474231,0.21656174478364035,0.375924819121018,1.0,-1.0,0.55,0.5928571428571429,0.0,18.69828548163919,0.18571428571428572,1.0,1.0,0.5511811023622047,60.44947469978326,21.371832735066526,26.209625207222327,1.6797003308284453,0.7689977843901707,0.19067447539377688,98.86268682488597,8.95103166486589,76.72220853928071,2.094118875022636,699.0591350465065,low,0.5928571428571429
short_serpentine,93,Shorter packed straight/serpentine control.,1388555.0612704507,21.4040346454789,2163.4977644308447,4.978812308488585,618.4146546946497,258.9111395392837,174.31221061963296,0.3555152519014947,-0.6670408433008682,0.3628976000673944,0.39291248579259097,0.8555336385679821,-1.0,0.0,0.5928571428571429,0.0,19.792179969823955,0.18571428571428572,1.0,1.0,0.5511811023622047,39.53179857563591,5.249627986143687,18.272169828673533,1.1313722339657233,0.5010796101890369,0.16762025781653989,122.7913671072917,4.806572974264396,61.1659653569763,4.578012943918381,531.2585493848333,low,0.5928571428571429
long_low_voltage_spiral,137,Longer path intended to reduce field intensity need.,1388555.0612704507,21.44864891371823,3147.647768544885,8.16224044979614,840.2079581006307,194.6758283278067,219.2645700829624,0.3555152519014947,-0.7188837180274271,0.36126669120291227,0.44915183563786487,0.9500242563333833,-1.0,0.55,0.5928571428571429,0.0,18.419890603979816,0.18571428571428572,1.0,1.0,0.5511811023622047,83.85199593852995,20.249649657875963,26.639574089731646,2.0705029042277703,1.4794339617047931,0.25554685179203285,97.82086045913746,8.811948346164252,61.2739543989293,2.175827358755539,730.5756730591495,low,0.5890051469186129
same_length_serpentine,74,Same-length packed serpentine with no spiral Dean contribution.,1388555.0612704507,24.0,2226.6267959071392,8.437736305436049,1833.2050137711194,269.8665174594302,183.75327159390417,0.3555152519014947,-0.6613476090288093,0.4672961564606637,0.47478818855082167,0.8727220232954589,-1.0,0.0,0.9071428571428571,0.07857142857142857,43.40627132200741,0.9428571428571428,0.8714285714285714,0.9850746268656716,0.9838709677419355,157.5664948069543,24.963431374358045,70.76466298554577,1.2274498750997676,2.032455235631969,0.17450986063637502,130.60991944154412,19.65450652500939,230.53570008766002,3.936659634299738,1741.3283779741673,moderate,0.5874541989004038
short_smooth_spiral,25,Shorter smooth Archimedean spiral.,1388555.0612704507,23.43251949619112,2236.0568019369675,4.326745027586907,645.1311892456845,209.6564484112634,169.6926919966686,0.3555152519014947,-0.6903095122308526,0.2727279423803687,0.43215253071065435,0.9439288971004625,-1.0,0.65,0.5857142857142857,0.0,20.727116772208625,0.17142857142857143,1.0,1.0,0.546875,29.883513862292805,8.419848657202621,13.364380473879926,1.1383274945344368,0.39385267016659814,0.17219697535016218,138.08797079282087,4.948649831119193,62.58918675240466,2.938680986199171,560.2848432473502,low,0.5857142857142857
wide_low_heat_spiral,40,Wider channel to reduce electric field and heating.,1388555.0612704507,22.1508209484436,2471.2856995481607,5.304521278252326,730.8354868808415,286.9960869628693,218.3094468653014,0.3555152519014947,-0.7101834223766748,0.40150972003268853,0.36021279903528935,0.9327829807694458,-1.0,0.55,0.5857142857142857,0.0,15.669070004038062,0.17142857142857143,1.0,1.0,0.546875,49.753802243233494,17.532531568187565,20.132760146805474,1.6185150423434653,0.6897062536887182,0.20047244156191732,101.46524241853274,6.402684863846308,56.95412668048417,1.825944199485673,621.6807634481909,low,0.5857142857142857
short_smooth_spiral,21,Shorter smooth Archimedean spiral.,1388555.0612704507,21.39838637787205,2656.4624503955915,4.331383021849312,706.623953912469,226.69558525521808,160.73424072796664,0.3555152519014947,-0.6760403456202652,0.3251297463311796,0.40395403346224706,0.7866868069887354,-1.0,0.65,0.5785714285714286,0.0,13.12206249746594,0.15714285714285714,1.0,1.0,0.5426356589147286,32.607617583542584,9.83002697913149,12.274827215678043,1.2809534249600674,0.5171241205197172,0.20200965922346847,133.1289853422556,3.55523545764991,39.95902102761948,1.808354883052429,626.2568335484856,low,0.5785714285714286
short_smooth_spiral,34,Shorter smooth Archimedean spiral.,1388555.0612704507,20.029803712864588,2351.7333114066623,4.607774908106038,735.0494617300209,202.20703979323767,177.19074504910475,0.3555152519014947,-0.6104125071934484,0.22657273802370537,0.27449815763497915,0.7994320768865812,-1.0,0.65,0.5642857142857143,0.0,14.696335048685434,0.12857142857142856,1.0,1.0,0.5343511450381679,34.7813709193443,9.68025725354938,14.789674811613834,1.2501161328148345,0.4775128621166313,0.18286627889808357,113.04091366235716,4.133935387567881,47.6094467686843,2.1352404586418015,646.4540892054686,low,0.5642857142857143
wide_low_heat_spiral,36,Wider channel to reduce electric field and heating.,1388555.0612704507,22.451426093041206,2459.6769046370628,5.6,850.0,260.0,230.0,0.3555152519014947,-0.624924223339343,0.3086177086375571,0.35,0.92,-1.0,0.55,0.5642857142857143,0.0,18.103653192265277,0.12857142857142856,1.0,1.0,0.5343511450381679,55.54389608477797,18.413631666519294,22.581785428836127,1.6971770641995734,0.7598414226004604,0.20143875392940175,97.61489605670089,6.938589966413173,58.86049092733122,1.8840905727003625,735.0,low,0.5642857142857143
compact_c_arc,71,"C-shaped/circular-arc DEP path, short and compact.",1388555.0612704507,24.0,2270.0573032525576,1.4199470821225662,917.0652692222482,302.4550819187528,188.4594539964183,0.3555152519014947,-0.5003973262802193,0.31271992350516037,0.13018034983187962,0.9813256394464327,-1.0,0.35,0.5642857142857143,0.0,8.617337864286299,0.21428571428571427,0.9142857142857143,0.7142857142857143,0.5378151260504201,10.106926586642988,4.890998848676107,4.452278174723474,1.2834412797346764,0.13222927539328985,0.17886911652419976,127.34834730263054,2.6292226566432184,29.493830008530974,2.6878177014444553,822.8355422240389,low,0.5642857142857143
same_length_serpentine,73,Same-length packed serpentine with no spiral Dean contribution.,1388555.0612704507,19.109491354223252,2079.6106209333357,9.233013187192554,1618.0705017791252,294.40622609855285,188.98337528989003,0.3555152519014947,-0.6081879682868102,0.36064612328410406,0.5270475837319355,0.985397501440199,-1.0,0.0,0.8785714285714286,0.07142857142857142,40.48218995279336,0.8571428571428571,0.9,1.0,0.9,172.7385308040834,27.754305068146948,83.06292007998971,1.1790355032980575,2.0691947729025766,0.1639581826368003,101.11731428709193,15.298929123662745,186.81595317333216,2.7561362257311597,1523.57881413418,moderate,0.5508999440098524
stepwise_late_dep_spiral,119,Stepwise/multi-stage-inspired late DEP activation.,1388555.0612704507,20.079883840569686,3060.6758724387473,6.4992263891153135,815.8386377922636,201.2984882831647,201.58844607822797,0.3555152519014947,-0.6393191337140264,0.39702721699816723,0.576081001577219,1.0,-1.0,0.85,0.55,0.0,7.003785544152507,0.3142857142857143,0.7857142857142857,0.5945945945945946,0.5339805825242718,60.043234527159164,15.551691110365748,19.61763905412065,1.8509906792221553,1.0454745871122193,0.2445048300046173,99.60830707915437,5.091007246169469,39.598550929912214,1.6368018146837209,715.0444147531497,low,0.55
same_length_serpentine,85,Same-length packed serpentine with no spiral Dean contribution.,1388555.0612704507,22.07078554307986,2018.6216753405495,8.721938367824173,1594.1551154281449,241.3925827943573,172.48414423925448,0.3555152519014947,-0.6667339677033094,0.21969748249914042,0.5494804256600879,0.8160364701100616,-1.0,0.0,0.8428571428571429,0.09285714285714286,44.45925188772913,0.8571428571428571,0.8285714285714286,1.0,0.8656716417910447,145.0682546183106,20.261875917111126,71.86500392345039,1.0445406966417747,1.7196792908282326,0.15602715991481222,127.95834446362359,10.920620726610847,150.52262008308543,2.6948691155956586,1507.9130433085177,moderate,0.5482056680679425
stepwise_late_dep_spiral,120,Stepwise/multi-stage-inspired late DEP activation.,1388555.0612704507,21.73937532379568,2318.2247095779267,6.1397495566918785,737.9981235209523,206.63775703965825,197.27856907718953,0.3555152519014947,-0.5207816026588177,0.3304057902511586,0.5808557397590689,0.9995922826034322,-1.0,0.85,0.5428571428571428,0.0,10.110046543636837,0.38571428571428573,0.7,0.5625,0.532608695652174,52.95785022439897,13.924992473879907,22.844140175712678,1.37200816051475,0.7012593058381347,0.18439286794888798,110.19633518980805,5.312334607382599,55.745336050885705,1.9074820389839782,639.3588389823575,low,0.5428571428571428
long_low_voltage_spiral,140,Longer path intended to reduce field intensity need.,1388555.0612704507,23.36760087835364,2494.685025255236,8.709912688247222,1067.2461903171315,222.81358598999,236.80933827373613,0.3555152519014947,-0.5829277276514759,0.3542373645549844,0.5102681274922584,0.8524711429275619,-1.0,0.55,0.5928571428571429,0.0,15.315417515778783,0.32857142857142857,0.8571428571428571,0.696969696969697,0.5607476635514018,111.52749094956826,30.705887827155475,44.706040971307665,1.7722941300962733,1.5403840407161475,0.20536026457403894,98.67685560331334,8.800253695986617,71.48899693352982,1.4329912467477823,948.8415211802635,low,0.5392705904506131
short_serpentine,90,Shorter packed straight/serpentine control.,1388555.0612704507,22.451426093041206,2459.6769046370628,4.8,650.0,230.0,170.0,0.3555152519014947,-0.624924223339343,0.3086177086375571,0.35,0.88,-1.0,0.0,0.6071428571428571,0.007142857142857143,19.562934549983304,0.22857142857142856,0.9857142857142858,1.0,0.5609756097560976,36.269628571999256,4.462339630820839,14.745688144496773,1.2544352213649022,0.5256075037867283,0.18949574480315265,132.0672123120071,5.69977773724592,65.41682947911781,6.386535101315738,565.0,moderate,0.5389285714285714
v6_balanced_spiral,6,Current V6 selected candidate.,1388555.0612704507,21.801682133122114,2969.1431312971717,9.5,1369.4024525305472,234.4788321119583,203.6406669884783,0.3555152519014947,-0.6492473946996171,0.38327852439407484,0.5856151640753183,0.7910592085598916,-1.0,0.4240246081708122,0.6357142857142857,0.0,16.75464170538434,0.45714285714285713,0.8142857142857143,0.7111111111111111,0.6,148.23949409716846,42.97985270522691,49.92669182384783,1.8139148629248454,2.499293874661808,0.23766865934242076,107.05956946387148,7.108418301307085,56.420364463494415,0.8269477271198986,1267.5821190363079,low,0.5375847538813455
wide_low_heat_spiral,53,Wider channel to reduce electric field and heating.,1388555.0612704507,24.0,2076.0191512933347,5.685174425804425,885.8021705568208,212.89209939697335,260.0,0.3555152519014947,-0.5775568428434159,0.34089397420793466,0.38645611195591856,1.0,-1.0,0.55,0.5357142857142857,0.0,13.268433912494487,0.14285714285714285,0.9285714285714286,0.6666666666666666,0.52,53.2734120381488,15.568661082502048,25.661329764207668,1.619294938008801,0.6040463295848154,0.17359538206395425,92.3076923076923,7.241112299356103,64.38121002603272,2.3255411178211545,755.8021705568208,low,0.5357142857142857
stepwise_late_dep_spiral,115,Stepwise/multi-stage-inspired late DEP activation.,1388555.0612704507,21.431285457877934,2844.2478694222427,5.38190236011785,853.1041268724413,215.09525136180102,202.21178732206934,0.3555152519014947,-0.6391752089988513,0.4383254736553567,0.5174443340798411,0.9528834513816559,-1.0,0.85,0.5357142857142857,0.0,7.437987046571344,0.2714285714285714,0.8,0.5757575757575758,0.5233644859813084,48.43557788857082,14.010978483674212,17.029309719904838,1.7254213357885781,0.7832783505923545,0.2273545697508703,105.98435304735041,4.790511651080183,39.972981910026256,1.7095564227231357,751.9982332114066,low,0.5357142857142857
short_serpentine,107,Shorter packed straight/serpentine control.,1388555.0612704507,23.47277103702542,2290.5757250914758,5.232964822899996,664.9806579222626,192.90117821700647,193.12450613671518,0.3555152519014947,-0.5568818945301846,0.3307669152113804,0.3105603236402994,0.878377956358316,-1.0,0.0,0.5928571428571429,0.0,18.292398647935812,0.21428571428571427,0.9714285714285714,0.8823529411764706,0.5528455284552846,38.473648163444075,4.138380276623787,16.796496942666067,1.3270989170311183,0.5054514371106926,0.18140466947087625,121.54216731256655,6.232518591684952,67.61454007044036,7.530142441102133,568.4184048539049,moderate,0.5328571428571429
long_low_voltage_spiral,139,Longer path intended to reduce field intensity need.,1388555.0612704507,20.9850357367426,2868.613982414411,9.5,1026.2099860362107,261.50798023928377,222.38391194823532,0.3555152519014947,-0.5278274743027165,0.2876253028230676,0.5186533788623094,0.9408949812716111,-1.0,0.55,0.6714285714285714,0.0,20.36479009904918,0.6285714285714286,0.7142857142857143,0.6875,0.6578947368421053,135.4253590730305,41.207994144969575,47.209335206212636,1.9138007978361695,2.1724379606092747,0.23350123505156137,94.36400121258467,11.32340595444616,85.18441719581503,1.3739331638674839,915.0180300620931,moderate,0.530189209546222
short_smooth_spiral,22,Shorter smooth Archimedean spiral.,1388555.0612704507,19.800363082752316,2875.05598080897,4.294106431263946,640.63684185177,186.80059880769565,183.86006897844595,0.3555152519014947,-0.592886413669405,0.3484956236588316,0.41461862906855285,0.8394666823302528,-1.0,0.65,0.5285714285714286,0.0,6.120617300333727,0.14285714285714285,0.9142857142857143,0.625,0.5161290322580645,28.11803235520383,7.399488270256679,9.779994735021509,1.5858239728452925,0.4682617966987651,0.2253579113688534,107.69256855371641,2.5472844728036055,23.12609364165674,1.721257186826545,548.7068073625471,low,0.5285714285714286
compact_c_arc,61,"C-shaped/circular-arc DEP path, short and compact.",1388555.0612704507,23.675690537343808,2766.8197618987692,1.2839751393004581,962.4727575231523,357.97583824556745,175.60159118335702,0.3555152519014947,-0.5775410569788976,0.31168219557886084,0.035750390022644324,0.8809152543645844,-1.0,0.35,0.5285714285714286,0.0,8.437636356868815,0.05714285714285714,1.0,1.0,0.5147058823529411,9.629848837875151,5.371687568001786,3.480475660354013,1.4575738581209425,0.15584800482468808,0.2147149655762689,134.82617314453876,2.5979917434922006,25.661793523546972,2.418226777528898,874.6719619314738,low,0.5285714285714286
compact_c_arc,65,"C-shaped/circular-arc DEP path, short and compact.",1388555.0612704507,23.24288339595443,2477.069400136021,1.418623082039516,919.3130741896016,258.85862217749906,165.2547265770253,0.3555152519014947,-0.6176790503568333,0.28507946964918995,0.03381953077168515,0.951512238069321,-1.0,0.35,0.5285714285714286,0.0,11.905893997228738,0.05714285714285714,1.0,1.0,0.5147058823529411,9.837806692957429,4.416941078066293,3.9715506930961295,1.2280422792953831,0.14451816830598013,0.18959833804460513,140.6488266774077,2.951356569496768,34.600961991432854,3.340950804339065,836.6857109010889,low,0.5285714285714286
short_serpentine,96,Shorter packed straight/serpentine control.,1388555.0612704507,19.201915381331485,2780.422929571289,4.919703871855949,697.7725399095608,247.67716628953917,176.56225021059976,0.3555152519014947,-0.6103698896507691,0.27877490448685927,0.3251697363430812,0.8780330046327987,-1.0,0.0,0.5214285714285715,0.0,16.377883316564706,0.04285714285714286,1.0,1.0,0.5109489051094891,40.421789566454635,5.301927777156604,14.538000365536918,1.4727531869467643,0.6566154248362824,0.21603112404663485,108.75436486807254,4.6668573004214435,45.62200425345703,4.401094749468895,609.4914148042609,low,0.5214285714285715
wide_low_heat_spiral,50,Wider channel to reduce electric field and heating.,1388555.0612704507,22.161900792402893,1740.5649778328725,4.904660137628841,797.398785158363,367.17450151649626,226.25242777089943,0.3555152519014947,-0.6719056406669628,0.2417537247966865,0.41114759510057597,0.9567561052602619,-1.0,0.55,0.5214285714285715,0.0,24.39892231784725,0.04285714285714286,1.0,1.0,0.5109489051094891,52.356391839527184,23.095864232227093,30.080113357626345,1.1814211557830674,0.5081729633271597,0.14212567612166538,97.9521016006236,6.201141049324131,75.56952223966256,1.3424786764790755,684.2725712729133,low,0.521308401392132
short_serpentine,106,Shorter packed straight/serpentine control.,1388555.0612704507,22.815215087357277,1640.6811898338149,4.43888877844418,607.2576242202632,206.772754685141,163.9069710615487,0.3555152519014947,-0.7271173948212384,0.30797461226109,0.48159887173231153,0.934452978899557,-1.0,0.0,0.5928571428571429,0.014285714285714285,26.76843582305424,0.21428571428571427,0.9714285714285714,1.0,0.5528455284552846,29.751243337584715,3.407683272601527,18.133470123222555,0.8067572529099553,0.2900394884438913,0.1253406215420922,139.19612411597757,4.278732550617263,76.35756540414083,6.278066663382643,525.3041386894888,moderate,0.5164285714285715
same_length_serpentine,72,Same-length packed serpentine with no spiral Dean contribution.,1388555.0612704507,22.451426093041206,2459.6769046370628,8.303347096875203,1647.864415385572,248.4755694119932,194.45206756067563,0.3555152519014947,-0.624924223339343,0.3086177086375571,0.542395415472512,0.9211764627205511,-1.0,0.0,0.7571428571428571,0.06428571428571428,34.86522028336131,0.6285714285714286,0.8857142857142857,1.0,0.7126436781609196,139.80709410346608,20.503013642548936,56.83961736596267,1.434867778913759,1.9697050559281213,0.19507071329664477,115.45995048900984,13.727540969823522,137.74018931360177,3.3476885908458365,1550.6383816052341,moderate,0.5162376016825816
same_length_serpentine,83,Same-length packed serpentine with no spiral Dean contribution.,1388555.0612704507,24.0,2783.9630817918505,8.738789469750717,1497.3365253712502,284.5247096996469,183.09885690360682,0.3555152519014947,-0.6148393456625124,0.2854101577253039,0.5542674848573323,0.8541952864519492,-1.0,0.0,0.7642857142857142,0.06428571428571428,34.516653331705946,0.6428571428571429,0.8857142857142857,1.0,0.7209302325581395,150.49802296929872,23.47896180484169,54.058914772832836,1.5292213738137908,2.4289871112968253,0.21802390767376298,131.07673311491456,14.199870035034698,133.68842914504614,3.023956117196478,1405.7870969194469,moderate,0.5149712675884561
wide_low_heat_spiral,41,Wider channel to reduce electric field and heating.,1388555.0612704507,22.388697690632423,2508.7876575445357,5.047776473436672,839.02853677252,270.74744859256367,230.38664936652617,0.3555152519014947,-0.6885429202594897,0.3341061044471983,0.3527549746720417,0.8743541015078742,-1.0,0.55,0.5142857142857142,0.0,17.854538418035006,0.02857142857142857,1.0,1.0,0.5072463768115942,48.304316976606245,16.922349385973682,19.25404759998057,1.7339735471813447,0.6738182426533053,0.20552234214736345,97.17879812998127,5.481799627809607,45.51562384035719,1.6196922492196237,723.8352120892569,low,0.5142857142857142
wide_low_heat_spiral,44,Wider channel to reduce electric field and heating.,1388555.0612704507,20.067614854001917,2701.764261143187,5.054599776528428,1021.8375513155434,282.4217907105076,252.4296651805075,0.3555152519014947,-0.5685899616827786,0.2739992958050522,0.3280219872730794,0.9081053591315109,-1.0,0.55,0.5142857142857142,0.0,6.75282694792314,0.04285714285714286,0.9857142857142858,0.75,0.5073529411764706,55.1406082315918,20.840132123712724,20.40911156632902,2.0460163435111083,0.8170461710756902,0.22483225350518626,79.49784681468384,5.102853405973505,35.907387124743344,1.224285281801855,895.6227187252897,low,0.5142857142857142
wide_low_heat_spiral,46,Wider channel to reduce electric field and heating.,1388555.0612704507,24.0,2242.3067724283255,6.099288428375787,904.9980543729063,223.78848726645856,229.2139972095524,0.3555152519014947,-0.755493514227843,0.26461258433487783,0.3389871693868925,0.9528721191854391,-1.0,0.55,0.5142857142857142,0.0,28.2058570270338,0.02857142857142857,1.0,1.0,0.5072463768115942,60.85304909951591,17.86342673876337,27.13859220681681,1.5419042948350399,0.759315610100409,0.1835245364146023,104.70564752665904,9.38751575081955,87.65426871757843,2.627579771816339,790.3910557681302,low,0.5142857142857142
compact_c_arc,54,"C-shaped/circular-arc DEP path, short and compact.",1388555.0612704507,22.451426093041206,2459.6769046370628,1.35,950.0,320.0,170.0,0.3555152519014947,-0.624924223339343,0.3086177086375571,0.1,0.95,-1.0,0.35,0.5142857142857142,0.0,10.35649695656734,0.02857142857142857,1.0,1.0,0.5072463768115942,9.899902012573014,5.070740244203553,4.024879037531067,1.2544352213649022,0.14346611722897173,0.18949574480315265,132.0672123120071,2.495104645284564,28.6365263063753,2.460296253724256,865.0,low,0.5142857142857142
compact_c_arc,67,"C-shaped/circular-arc DEP path, short and compact.",1388555.0612704507,20.40125556386797,1847.8910877025917,1.3747570845387427,986.8406011162178,322.8013830235,166.27389333589804,0.3555152519014947,-0.6874515532769049,0.33560736180831946,0.1393630413401194,0.9537008225770103,-1.0,0.35,0.5142857142857142,0.0,11.262294770619825,0.02857142857142857,1.0,1.0,0.5072463768115942,10.45034433782297,5.399083483818676,5.655281530047024,0.9217681368390518,0.11435798659425798,0.1416418194314402,122.69668529775986,2.1302222251997023,33.2723158578579,1.972762813896178,903.7036544482688,low,0.5142857142857142
short_serpentine,98,Shorter packed straight/serpentine control.,1388555.0612704507,20.000555906802468,2221.434864239874,4.455163967819595,567.5631596771161,234.00546553688744,178.82498978587537,0.3555152519014947,-0.6382847337949471,0.45436179717512554,0.3175656361033654,0.9420294786666384,-1.0,0.0,0.5785714285714286,0.007142857142857143,17.085641389565048,0.18571428571428572,0.9714285714285714,0.9285714285714286,0.544,30.49859970304414,3.811059947153668,13.729234286362965,1.191744200723049,0.3947357946982731,0.17308263537018945,111.8443005686794,4.260328836713592,51.468307238978866,5.58942773898829,478.15066478417845,moderate,0.510357142857143
compact_c_arc,60,"C-shaped/circular-arc DEP path, short and compact.",1388555.0612704507,18.980527686944306,2389.345187246566,1.4714478999675809,921.1917776509441,321.99027343143734,179.25729034878967,0.3555152519014947,-0.694013776159532,0.41740537714971276,0.1613050276103139,0.9972001227684553,-1.0,0.35,0.5071428571428571,0.0,7.392016684900554,0.014285714285714285,1.0,1.0,0.5035971223021583,10.717588225239428,5.193226505080256,4.4855754967703785,1.2849226319212228,0.14912316421303795,0.18626348618713587,105.88427198700242,1.8004811601541646,20.17397196900786,1.733489920373057,831.5631324765493,low,0.5071428571428571
compact_c_arc,62,"C-shaped/circular-arc DEP path, short and compact.",1388555.0612704507,23.576491987391464,2529.586117459117,1.497382743743348,941.140638255901,267.9451016535836,169.1725248366568,0.3555152519014947,-0.6186417488503982,0.29174382201641474,0.153076237570139,0.8702608417091791,-1.0,0.35,0.5071428571428571,0.0,11.361093338096389,0.014285714285714285,1.0,1.0,0.5035971223021583,10.749522012182267,4.797605706761201,4.249518108116357,1.2838094108469444,0.1603845070783097,0.1946652123433082,139.36359943883062,2.533078516583906,28.407165860771638,2.639940286270371,856.5543758375726,low,0.5071428571428571
compact_c_arc,66,"C-shaped/circular-arc DEP path, short and compact.",1388555.0612704507,21.846947763442735,2526.077023119283,1.4982900333578026,1082.106058559499,382.97346655792586,157.16060966717586,0.3555152519014947,-0.6824942147847027,0.305202286042907,0.1549350773682601,0.9077622278354954,-1.0,0.35,0.5071428571428571,0.0,13.577913229698673,0.014285714285714285,1.0,1.0,0.5035971223021583,12.900853445112455,7.088520239330236,5.10707049984646,1.1909994150590137,0.1956369168997212,0.1910637385362586,139.0103271405521,2.949521394461744,35.654948443291474,2.0804916222828136,1003.5257537259108,low,0.5071428571428571
wide_low_heat_spiral,37,Wider channel to reduce electric field and heating.,1388555.0612704507,21.933210894003537,2119.5720413620456,5.535776622087025,835.1429110705366,286.44880960309814,214.92353061720002,0.3555152519014947,-0.8030889475594927,0.13398367051969926,0.37943825315211416,0.9610193155381117,-1.0,0.55,0.5,0.0,30.278643613091212,1.0,0.0,0.5,0.0,56.64989630526695,20.082343884117147,26.72704451643148,1.3666377195811104,0.6753321983553755,0.17143787407231856,102.05123111004883,7.374453448534351,77.68841222889098,1.8360539713610586,727.6811457619366,low,0.5
wide_low_heat_spiral,39,Wider channel to reduce electric field and heating.,1388555.0612704507,24.0,2297.0949278829453,5.626132890779177,764.4650957079804,182.76247206498522,250.87543920241131,0.3555152519014947,-0.6558241120887429,0.2838493583467113,0.3724374613798238,0.8831344287163807,-1.0,0.55,0.5,0.0,15.635699524552024,1.0,0.0,0.5,0.0,45.21052742676367,11.558845219175149,19.681610401896066,1.728854096766796,0.5700722439516469,0.1909613647257432,95.66500441932986,5.30111456483621,44.145725344506616,2.2930986894962953,639.0273761067748,low,0.5
wide_low_heat_spiral,45,Wider channel to reduce electric field and heating.,1388555.0612704507,21.64652782672477,2601.893661847056,6.075335330334869,752.6009394782723,212.97396117116284,218.30960534861063,0.3555152519014947,-0.7393074683707103,0.3040100708816951,0.3809230079469529,0.9334010752757108,-1.0,0.55,0.5,0.0,17.577898279234283,1.0,0.0,0.5,0.0,53.44102446258993,14.598355689161954,20.539280773163007,1.7040551354306466,0.7799723317927642,0.2110674802736368,99.15517822570483,6.337142314072575,53.541388309499894,2.1704986674551874,643.446136803967,low,0.5
wide_low_heat_spiral,47,Wider channel to reduce electric field and heating.,1388555.0612704507,21.89422494489011,2230.668488700126,5.3559634167201375,913.1252278458394,246.13335778285395,253.99790918725532,0.3555152519014947,-0.738118575660802,0.20047361100651664,0.4320346691360041,0.9857047816688391,-1.0,0.55,0.5,0.0,20.495473787283245,1.0,0.0,0.5,0.0,52.92819074113142,17.473777824596574,23.727501871860024,1.6997553966591803,0.6469452458318942,0.1858188361667685,86.19844554999463,5.530534924397904,46.844706335368535,1.582524105523698,786.1262732522117,low,0.5
wide_low_heat_spiral,48,Wider channel to reduce electric field and heating.,1388555.0612704507,20.26141196136851,2359.5805188081863,5.306266274396762,916.6642115740453,236.7405474273842,227.8417113221637,0.3555152519014947,-0.7819917834773331,0.30584786795282304,0.4880921018515666,1.0,-1.0,0.55,0.5,0.0,13.8680923659089,1.0,0.0,0.5,0.0,51.51922755548324,16.428720907436144,21.834062090623373,1.612832590223088,0.677120627420939,0.1929148896567122,88.9275797824362,4.751900658759391,42.418750594374885,1.4462174765561129,802.7433559129636,low,0.5
wide_low_heat_spiral,52,Wider channel to reduce electric field and heating.,1388555.0612704507,22.194298911814645,2791.225102819357,5.831289075420643,792.0815024576477,232.8707795050505,243.72524444128163,0.3555152519014947,-0.6859419942232042,0.24025507625392195,0.4182918367836813,0.852472145904549,-1.0,0.55,0.5,0.0,11.202490694477248,1.0,0.0,0.5,0.0,53.91640105204967,16.215151673504405,19.316393005204013,2.040876061425868,0.829584190250728,0.23091346666644855,91.06278244870815,4.731222424218965,33.376173491958326,1.4588893522191941,670.2188802370068,low,0.5
compact_c_arc,55,"C-shaped/circular-arc DEP path, short and compact.",1388555.0612704507,18.23322871690235,2200.325748772864,1.4880762083642403,748.9496023418982,364.3038897504906,191.577750080412,0.3555152519014947,-0.6941698926515849,0.16233829337519712,0.09961789351189461,0.8811654616990426,-1.0,0.35,0.5,0.0,8.095336682232649,1.0,0.0,0.5,0.0,9.552680176818713,4.531796358016644,4.341484519801809,1.2646003691817094,0.12074455441520307,0.17396836251882883,95.17404139702661,1.2955755545309704,14.749905945611324,1.4294282577803028,653.1607273016922,low,0.5
compact_c_arc,56,"C-shaped/circular-arc DEP path, short and compact.",1388555.0612704507,21.151408644354795,2885.555568493734,1.2164640437168213,966.5170884444115,295.0435273525302,161.10790147511324,0.3555152519014947,-0.7293753510225662,0.45621635598735316,0.08332233921881324,0.9585593538597407,-1.0,0.35,0.5,0.0,9.998917626894482,1.0,0.0,0.5,0.0,8.766383499790315,4.657683420429833,3.03802276258585,1.3946574066895587,0.15093032494116945,0.21955177498545814,131.28722086683072,2.1306292888337395,21.99480750609746,2.2872199508968722,885.9631377068548,low,0.5
compact_c_arc,57,"C-shaped/circular-arc DEP path, short and compact.",1388555.0612704507,22.389078598481586,2666.8549403231063,1.2776853366220255,943.038136235692,317.08165914762634,185.53056421960486,0.3555152519014947,-0.6668274130131566,0.3682230608879443,0.13669883367764085,0.9520566124535973,-1.0,0.35,0.5,0.0,10.392025522266295,1.0,0.0,0.5,0.0,9.205841817418829,4.892144957241308,3.451946965028208,1.48434930530996,0.14194258107887697,0.20944150246450943,120.67595812397012,2.028003516350112,19.670364172739635,2.072714048822572,850.2728541258896,low,0.5
compact_c_arc,59,"C-shaped/circular-arc DEP path, short and compact.",1388555.0612704507,23.684536064104876,2828.6126512121414,1.306120128388222,851.7292480884907,340.56922299192644,155.305531957876,0.3555152519014947,-0.678807928602671,0.2608744922503848,0.1218089408213142,0.861506148935685,-1.0,0.35,0.5,0.0,10.58223344146424,1.0,0.0,0.5,0.0,8.82642350111557,4.449539088383983,3.1204072771622497,1.317897577497839,0.15033024086901736,0.21333146298836483,152.50284883946637,2.3582051300177858,25.76200916541756,2.6499431549822123,774.0764821095528,low,0.5
compact_c_arc,63,"C-shaped/circular-arc DEP path, short and compact.",1388555.0612704507,20.800370533523484,2690.2255320960835,1.3823302312684125,943.4630760855118,390.27578375984876,157.39225160121688,0.3555152519014947,-0.6149807803355322,0.20358763482102624,0.13678958693769488,0.976635950803954,-1.0,0.35,0.5,0.0,10.576497916358726,1.0,0.0,0.5,0.0,10.551277460949413,5.746165248048796,3.9220791472930547,1.2702619614350532,0.17034104936843011,0.20355167012795589,132.15625497387995,2.4359237204144515,27.6089697966819,2.11960813452207,864.7669502849034,low,0.5
compact_c_arc,68,"C-shaped/circular-arc DEP path, short and compact.",1388555.0612704507,22.988173571853828,2984.036085208286,1.4277134468653847,864.1615906917983,314.90900661465747,160.3279210074816,0.3555152519014947,-0.6165726037123956,0.283702785388752,0.13539774409251995,0.7772498493898851,-1.0,0.35,0.5,0.0,8.08625389639571,1.0,0.0,0.5,0.0,9.77911641848937,4.578151749171381,3.277144156186297,1.435272905258246,0.17431874361470115,0.2267835038556405,143.38222205713691,2.0688755186335652,20.752942578982065,2.2595095488130332,783.9976301880575,low,0.5
compact_c_arc,69,"C-shaped/circular-arc DEP path, short and compact.",1388555.0612704507,23.9673124265245,2658.9550636587874,1.1427307790541819,895.1211011049936,319.48523719845923,174.92377983493841,0.3555152519014947,-0.6998345454213926,0.3119633349052611,0.02440551531719154,0.9351669064421381,-1.0,0.35,0.5,0.0,13.035431142799318,1.0,0.0,0.5,0.0,7.746306971051323,4.2793455712402935,2.913289914870624,1.3953434104393332,0.12057981904798398,0.20616723010626445,137.01574736802814,2.3168031561260345,23.904950057208065,2.7069596478680147,807.6592111875244,low,0.5
compact_c_arc,70,"C-shaped/circular-arc DEP path, short and compact.",1388555.0612704507,21.244342557135333,2402.8990091749124,1.3886435392119667,931.7290846719617,256.28604097526375,188.4527977287193,0.3555152519014947,-0.6546349798743194,0.28234496961231487,0.21502065620813582,0.9023577866152765,-1.0,0.35,0.5,0.0,8.80197919093849,1.0,0.0,0.5,0.0,9.688617844651457,4.499145876845823,4.032053701656922,1.3584991228157397,0.13417515618682124,0.1893349736786873,112.73031132027496,1.5948345424993227,16.901921543562242,1.7723747864087918,837.5026858076021,low,0.5
short_serpentine,99,Shorter packed straight/serpentine control.,1388555.0612704507,24.0,3199.797253694854,4.5159057546995935,580.7870221309033,231.83801161965337,174.52890552121582,0.3555152519014947,-0.6610881036493381,0.40393813714166227,0.3625321265031698,0.8692915356308569,-1.0,0.0,0.5571428571428572,0.0,10.313376582583167,0.11428571428571428,1.0,1.0,0.5303030303030303,31.351758804568732,3.8809006039533975,9.798045413148094,1.6753713377314652,0.5875829129473779,0.24797775589157414,137.51303790238086,5.243470737649102,45.05962548145922,6.755481874887082,493.5225693702954,moderate,0.49714285714285716
short_serpentine,101,Shorter packed straight/serpentine control.,1388555.0612704507,18.2206361206563,2245.2058383496565,4.57406414437176,713.4319111228582,207.48694083806507,168.80486526545445,0.3555152519014947,-0.6117317892003916,0.29975428945599597,0.293428703129157,0.9098392657063519,-1.0,0.0,0.5571428571428572,0.007142857142857143,18.166706929687066,0.12857142857142856,0.9857142857142858,1.0,0.5307692307692308,34.15560441907374,4.026537355836718,15.212682879971439,1.1370050071074764,0.45254149641603286,0.1726948180838173,107.93904602218308,4.14070372920996,52.43141646103265,5.141767433509281,629.029478490131,moderate,0.48892857142857143
short_serpentine,97,Shorter packed straight/serpentine control.,1388555.0612704507,23.916717801601713,2308.9320880449286,4.690961283452675,621.8030862128785,263.61175987636,176.45805172966897,0.3555152519014947,-0.6019016598737584,0.2504704052573712,0.40450754787119775,0.8384329091864688,-1.0,0.0,0.5428571428571428,0.0,18.1989916374974,0.08571428571428572,1.0,1.0,0.5223880597014925,36.573867302976865,4.999926379997795,15.840165889827238,1.222288973497574,0.49342644097849625,0.1793742221821864,135.53769616725543,5.144552424727304,60.59733342859066,5.144628174234811,533.574060348044,moderate,0.4828571428571428
long_low_voltage_spiral,134,Longer path intended to reduce field intensity need.,1388555.0612704507,19.92631560449078,2462.1165041753848,8.528712094819559,836.3840313771477,237.0397659362516,212.98632979910556,0.3555152519014947,-0.7039546085570163,0.182962914474103,0.4429196653482215,0.9861993222612891,-1.0,0.55,0.5642857142857143,0.0,28.007801031070855,0.12857142857142856,1.0,1.0,0.5343511450381679,99.0102858494307,27.609527138692165,40.213485300766195,1.573191473286358,1.3732131793145068,0.19880271597699262,93.55678189903465,10.027808623235774,91.77074629209898,1.816005137078704,729.890866477595,moderate,0.46995520048513423
short_serpentine,95,Shorter packed straight/serpentine control.,1388555.0612704507,23.40472005549319,2101.3538611361496,4.426072420047614,653.2236855736688,235.3399894603063,180.79424148415467,0.3555152519014947,-0.7587770428786446,0.27776559186399946,0.2851593769380516,0.9531070838562533,-1.0,0.0,0.5285714285714286,0.014285714285714285,28.247843366942327,0.08571428571428572,0.9714285714285714,1.0,0.5151515151515151,32.66769467667281,4.205315002216809,15.546022628958934,1.1397380322417296,0.3990253199698007,0.16411715342025684,129.4550084303678,6.6112451181351135,83.51375843546597,7.860582518372621,562.8265648315916,moderate,0.4521428571428571
same_length_serpentine,87,Same-length packed serpentine with no spiral Dean contribution.,1388555.0612704507,24.0,1844.4626771760493,9.377517982512718,1761.4758094635565,227.50752044785935,225.84153822932973,0.3555152519014947,-0.6106013742365674,0.39153258049182,0.5956300597880579,0.9634658384099695,-1.0,0.0,0.7785714285714286,0.07142857142857142,38.29071580161445,0.6571428571428571,0.9,1.0,0.75,166.65406227350732,22.708363311900627,90.35371890997641,1.2496688646600798,1.7146094010767152,0.15055985477070827,106.26920179594823,15.634663352367006,180.12475168847772,3.442490138462213,1648.5550403488917,moderate,0.4447052773806314
short_serpentine,102,Shorter packed straight/serpentine control.,1388555.0612704507,22.43985402191711,2304.8614120758366,4.67022102487358,608.9018244981479,188.0534652517692,173.40297593232123,0.3555152519014947,-0.6586171868414747,0.2898270449115123,0.2740189624478151,0.8619854842538162,-1.0,0.0,0.5285714285714286,0.02142857142857143,21.219480202979454,0.1,0.9571428571428572,1.0,0.5153846153846153,30.76653429108333,3.268348482631154,13.348539799351295,1.1990094838965668,0.4159390305582513,0.17836414972481845,129.4087019052968,5.253088099830317,63.077122982127804,8.036303545577498,522.2003365319873,moderate,0.4439285714285714
short_serpentine,94,Shorter packed straight/serpentine control.,1388555.0612704507,20.216288298905685,2677.8351855510678,4.696651926154664,667.0661353270785,187.61064174714886,168.04948932121403,0.3555152519014947,-0.690501841974231,0.15827401569966243,0.3320453975924223,0.9293555953310111,-1.0,0.0,0.5,0.0,19.89055181707974,1.0,0.0,0.5,0.0,32.698864563822326,3.5153076922181374,12.210932450308091,1.3500265062547063,0.5172552059187782,0.2057600824054444,120.29961162371497,4.750050747455241,50.65656816853473,6.756237523631945,583.0413906664716,moderate,0.44
same_length_serpentine,77,Same-length packed serpentine with no spiral Dean contribution.,1388555.0612704507,23.751629869451296,3150.5390460086965,8.683615616116585,2046.208505141894,220.48054604446395,206.14376228097942,0.3555152519014947,-0.6030884524468626,0.26162648123644133,0.558595553405039,0.8758341821379059,-1.0,0.0,0.6285714285714286,0.007142857142857143,27.018528158839167,0.2714285714285714,0.9857142857142858,1.0,0.575,163.88444778220773,23.347342115981633,52.01790721807654,1.9483919164720809,2.9253710902596226,0.25279381175427174,115.21876581003308,14.227888130264972,105.1341803029786,3.047003821588272,1943.1366240014042,moderate,0.43453428172676034
same_length_serpentine,76,Same-length packed serpentine with no spiral Dean contribution.,1388555.0612704507,20.740537912657924,2676.335977877813,8.608132866706322,1690.2474325396936,298.04157529605385,183.30131834306192,0.3555152519014947,-0.6514855330320628,0.1584783338933745,0.5790763697366429,0.8713654522994135,-1.0,0.0,0.6357142857142857,0.014285714285714285,35.53102714479502,0.3,0.9714285714285714,1.0,0.5811965811965812,160.82311015773786,26.720063532044442,60.090777647902684,1.471727739221913,2.4947117446470006,0.20964484419052334,113.149965860259,11.031523482930249,107.91649426003316,2.0642771806475175,1598.5967733681625,moderate,0.4333264376561223
short_serpentine,92,Shorter packed straight/serpentine control.,1388555.0612704507,20.698712034454044,1978.9583317013169,4.721885522032832,613.0491612485755,224.013021436491,166.66244640455605,0.3555152519014947,-0.7093306425045881,0.25125997698283625,0.3280633802807304,0.8238278422419442,-1.0,0.0,0.4928571428571429,0.014285714285714285,24.63205515680331,0.9857142857142858,0.0,0.5036496350364964,0.0,33.89722805599258,4.060034838057001,17.128823539630076,0.989454110682061,0.39703041823130053,0.15176999440380345,124.19541703000108,4.3200469807036885,62.85974617056135,5.320209250681111,529.7179380462975,moderate,0.4164285714285715
same_length_serpentine,81,Same-length packed serpentine with no spiral Dean contribution.,1388555.0612704507,22.135072207197606,2408.23704940283,8.686270453795963,1384.5335745339253,237.311716399447,209.2811235387277,0.3555152519014947,-0.5438271795427579,0.4539202239219663,0.6175352756568478,0.9449495146595092,-1.0,0.0,0.5714285714285714,0.05714285714285714,21.61402216030561,0.35714285714285715,0.7857142857142857,0.6944444444444444,0.5729166666666666,131.8332379603734,17.821663636486807,54.74263341022182,1.5119956663398444,1.7939477983529502,0.19379990063380784,105.76717017242831,10.105418630336464,96.22403698470562,2.8351501959803995,1279.8930127645613,moderate,0.3567670976385795
same_length_serpentine,86,Same-length packed serpentine with no spiral Dean contribution.,1388555.0612704507,18.671138230355915,2653.7454608424487,8.39981269757129,1619.2035647609207,248.14755058563742,210.00362253726715,0.3555152519014947,-0.7424277383405561,0.24140015494170738,0.534695167576696,0.9338946728119599,-1.0,0.0,0.4785714285714286,0.07857142857142857,30.272559291656478,0.9571428571428572,0.0,0.5193798449612403,0.0,140.4785895302989,20.506556078334466,52.935969784269766,1.6718884802062313,2.105185606547945,0.21369866549028485,88.90864835935172,9.309255168173783,80.16548778451755,2.2698241315149876,1514.2017534922873,low,0.2933317415075822
same_length_serpentine,78,Same-length packed serpentine with no spiral Dean contribution.,1388555.0612704507,23.68706941064246,2339.3218052122306,8.001193586381856,1865.0889037783816,233.1852942569302,225.7066977528761,0.3555152519014947,-0.7351274251421613,0.34480001625331597,0.59097468036278,0.8739894477840591,-1.0,0.0,0.4785714285714286,0.08571428571428572,28.64191767027198,0.9571428571428572,0.0,0.5275590551181102,0.0,140.67512229742022,20.886324292850926,60.13500236862782,1.5840017989072486,1.8358143100844586,0.19093355443569407,104.9462406143445,9.897023856225088,89.95571439968265,2.3692593578116306,1752.2355549019435,low,0.274122374149638
same_length_serpentine,80,Same-length packed serpentine with no spiral Dean contribution.,1388555.0612704507,20.949003915392037,1537.2592089819032,7.874465066486039,1705.830818764075,213.38666211413843,202.44825530226953,0.3555152519014947,-0.6926793252263708,0.16572297129037394,0.6202689125095536,0.941395127567341,-1.0,0.0,0.4928571428571429,0.08571428571428572,38.50896807650533,0.12857142857142856,0.8571428571428571,1.0,0.5042016806722689,125.97857417593828,17.193177241048456,81.95011839244172,0.9336463344171997,1.1008658383695924,0.12290906827611044,103.47831293539032,8.76970867797613,135.23296825493816,2.5503455687755547,1604.6066911129403,low,0.2703819625211135
same_length_serpentine,79,Same-length packed serpentine with no spiral Dean contribution.,1388555.0612704507,22.61546171716787,2609.427483857233,9.193123302846422,1661.2760627425985,206.748842051723,210.76859789520307,0.3555152519014947,-0.7303114944907867,0.3127132054780471,0.46893568260814744,0.8106026851353811,-1.0,0.0,0.4785714285714286,0.07142857142857142,27.12492104964138,0.04285714285714286,0.9142857142857143,1.0,0.5039370078740157,150.86461090424442,19.013491963265874,57.81521496096059,1.6499561162453897,2.2216494391902613,0.21027662854785703,107.29995807256154,12.50821753431113,109.14474798384639,3.2893004500375436,1555.891763794997,moderate,0.22180826794564168
