frequency_hz,live_re_cm,dead_re_cm,dead_minus_live
1000,-0.02224996074229932,-4.2420649472574256e-05,0.022207540092826744
1011.594,-0.02130961687196764,-4.242064962120211e-05,0.02126719622234644
1023.3225,-0.020349172561169082,-4.2420649773407555e-05,0.020306751911395676
1035.1869,-0.019368239877583404,-4.2420649929139224e-05,0.019325819227654265
1047.1889,-0.018366425284088776,-4.242065008847871e-05,0.018324004634000298
1059.33,-0.01734332964589609,-4.242065025155015e-05,0.01730090899564454
1071.6119,-0.01629854824278266,-4.242065041837869e-05,0.01625612759236428
1084.0362,-0.015231670786678751,-4.242065058911755e-05,0.015189250136089634
1096.6046,-0.01414228144487056,-4.242065076388349e-05,0.014099860794106677
1109.3187,-0.013029958869087777,-4.242065094266236e-05,0.012987538218145115
1122.1801,-0.011894276230754286,-4.242065112566517e-05,0.01185185557962862
1135.1907,-0.010734801262681556,-4.242065131297629e-05,0.010692380611368579
1148.3522,-0.009551096307497068,-4.242065150451996e-05,0.009508675655992548
1161.6662,-0.008342718373101536,-4.242065170069402e-05,0.008300297721400842
1175.1346,-0.0071092191954578235,-4.242065190131671e-05,0.007066798543556507
1188.7591,-0.005850145309018522,-4.242065210663663e-05,0.005807724656911885
1202.5416,-0.004565038125107777,-4.242065231677779e-05,0.0045226174727909995
1216.4839,-0.003253434018572383,-4.242065253178439e-05,0.003211013366040599
1230.5879,-0.0019148644230316746,-4.2420652751838086e-05,0.0018724437702798366
1244.8554,-0.0005488559350485201,-4.242065297697432e-05,0.0005064352820715458
1259.2883,0.0008450695724395713,-4.2420653207372805e-05,-0.0008874902256469441
1273.8885,0.002267394827097694,-4.2420653443213266e-05,-0.002309815480540907
1288.658,0.0037186070242345944,-4.242065368456e-05,-0.0037610276779191545
1303.5987,0.00519919768356868,-4.2420653931424815e-05,-0.005241618337500105
1318.7127,0.006709662495371533,-4.24206541841703e-05,-0.006752083149555703
1334.0019,0.008250501155642534,-4.242065444272841e-05,-0.008292921810085263
1349.4684,0.009822217189969165,-4.24206547073449e-05,-0.00986463784467651
1365.1141,0.011425317765724242,-4.242065497806182e-05,-0.011467738420702303
1380.9413,0.01306031349225288,-4.2420655255171164e-05,-0.01310273414750805
1396.952,0.014727718208707026,-4.242065553874477e-05,-0.01477013886424577
1413.1483,0.01642804875918214,-4.2420655828929565e-05,-0.016470469415011072
1429.5324,0.018161824754819582,-4.242065612588324e-05,-0.018204245410945466
1446.1064,0.019929568322540246,-4.242065642976228e-05,-0.01997198897897001
1462.8726,0.02173180384008014,-4.242065674068773e-05,-0.021774224496820826
1479.8332,0.023569057657007397,-4.2420657058974175e-05,-0.023611478314066372
1496.9904,0.025441857801408674,-4.242065738452537e-05,-0.0254842784587932
1514.3466,0.02735073367193998,-4.242065771780495e-05,-0.027393154329657787
1531.904,0.02929621571494881,-4.242065805877688e-05,-0.029338636373007584
1549.6649,0.031278835086391316,-4.2420658407644225e-05,-0.03132125574479896
1567.6318,0.033299123298271144,-4.242065876484154e-05,-0.033341543957035986
1585.8069,0.03535761184935912,-4.242065913017647e-05,-0.0354000325084893
1604.1928,0.0374548318399497,-4.242065950407552e-05,-0.03749725249945378
1622.7919,0.03959131357044886,-4.242065988679094e-05,-0.03963373423033565
1641.6066,0.04176758612359222,-4.242066027835776e-05,-0.04181000678387058
1660.6394,0.04398417693012817,-4.242066067908999e-05,-0.04402659759080726
1679.8929,0.04624161131781496,-4.24206610891706e-05,-0.04628403197890413
1699.3697,0.04854041204361224,-4.2420661508721224e-05,-0.04858283270512096
1719.0722,0.05088109880897765,-4.2420661938203656e-05,-0.050923519470915855
1739.0032,0.053264187758202526,-4.2420662377588594e-05,-0.05330660842058012
1759.1652,0.05569019095976167,-4.2420662827265185e-05,-0.05573261162258894
1779.561,0.05815961587068287,-4.242066328748139e-05,-0.05820203653397035
1800.1933,0.060672964783973764,-4.2420663758289445e-05,-0.060715385447732056
1821.0648,0.06323073425919677,-4.242066424014308e-05,-0.06327315492343691
1842.1783,0.06583341453630567,-4.242066473330917e-05,-0.06587583520103898
1863.5366,0.06848148893291983,-4.242066523791045e-05,-0.06852390959815774
1885.1425,0.07117543322523827,-4.2420665754285614e-05,-0.07121785389099256
1906.9989,0.07391571501286544,-4.2420666282691275e-05,-0.07395813567914813
1929.1087,0.0767027930678476,-4.2420666823413554e-05,-0.07674521373467101
1951.4748,0.07953711666829144,-4.24206673767851e-05,-0.07957953733566822
1974.1003,0.08241912491697745,-4.242066794304553e-05,-0.0824615455849205
1996.9881,0.0853492460454414,-4.242066852253144e-05,-0.08539166671396393
2020.1412,0.088327896704059,-4.2420669115497395e-05,-0.0883703173731745
2043.5628,0.09135548123871963,-4.242066972233043e-05,-0.09139790190844196
2067.2559,0.09443239095475153,-4.242067034327608e-05,-0.09447481162509482
2091.2237,0.0975590033688081,-4.242067097879537e-05,-0.0976014240397869
2115.4695,0.10073568144950222,-4.2420671629022793e-05,-0.10077810212113124
2139.9963,0.10396277284763875,-4.2420672294507185e-05,-0.10400519351993326
2164.8075,0.10724060911695972,-4.242067297546111e-05,-0.10728302978993517
2189.9063,0.11056950492639059,-4.2420673672311644e-05,-0.1106119256000629
2215.2961,0.11394975726484188,-4.2420674385388127e-05,-0.11399217793922727
2240.9803,0.11738164463969573,-4.242067511510671e-05,-0.11742406531481084
2266.9623,0.12086542627016651,-4.2420675861812836e-05,-0.12090784694602832
2293.2456,0.12440134127681302,-4.242067662601853e-05,-0.12444376195343904
2319.8335,0.12798960786853428,-4.242067740797463e-05,-0.12803202854594226
2346.7297,0.13163042252845517,-4.242067820821529e-05,-0.1316728432066634
2373.9378,0.13532395920018947,-4.242067902705146e-05,-0.13536637987921651
2401.4613,0.13907036847601387,-4.242067986505657e-05,-0.13911278915587894
2429.3039,0.14286977678857707,-4.242068072260836e-05,-0.14291219746929967
2457.4694,0.1467222856078175,-4.242068160004466e-05,-0.14676470628941754
2485.9613,0.15062797064482733,-4.242068249814052e-05,-0.15067039132732546
2514.7836,0.15458688106447513,-4.242068341705207e-05,-0.1546293017478922
2543.9401,0.15859903870863407,-4.2420684357339214e-05,-0.1586414593929914
2573.4346,0.16266443733194164,-4.2420685319745455e-05,-0.16270685801726137
2603.2711,0.16678304185204362,-4.242068630442491e-05,-0.16682546253834804
2633.4535,0.17095478761634622,-4.242068731213e-05,-0.17099720830365836
2663.9859,0.17517957968731296,-4.242068834331143e-05,-0.17522200037565627
2694.8722,0.1794572921484128,-4.2420689398545904e-05,-0.17949971283781135
2726.1166,0.1837877674328288,-4.242069047839992e-05,-0.1838301881233072
2757.7233,0.18817081567707625,-4.2420691583524434e-05,-0.18821323636865978
2789.6964,0.1926062141017024,-4.242069271430578e-05,-0.1926486347944167
2822.0403,0.19709370642123603,-4.242069387152271e-05,-0.19713612711510756
2854.7591,0.20163300228558442,-4.242069505568098e-05,-0.2016754229806401
2887.8572,0.2062237767550494,-4.242069626751871e-05,-0.20626619745131694
2921.3391,0.21086566981114238,-4.2420697507593666e-05,-0.21090809050864998
2955.2092,0.21555828590535647,-4.242069877659913e-05,-0.21560070660413308
2989.472,0.2203011935480191,-4.242070007518415e-05,-0.2203436142480943
3024.1321,0.22509392493933217,-4.24207014040358e-05,-0.2251363456407362
3059.1939,0.2299359756446429,-4.242070276394847e-05,-0.22997839634740685
3094.6623,0.2348268043159561,-4.242070415549521e-05,-0.2348692250201116
3130.5419,0.2397658324616183,-4.2420705579483495e-05,-0.23980825316719778
3166.8375,0.24475244426605297,-4.242070703677023e-05,-0.24479486497308975
3203.5539,0.24978598646132924,-4.242070852804884e-05,-0.2498284071698573
3240.696,0.25486576825226404,-4.242071005405708e-05,-0.2549081889623181
3278.2688,0.2599910612966641,-4.242071161565217e-05,-0.26003348200827975
3316.2771,0.2651610997421949,-4.242071321364901e-05,-0.2652035204554085
3354.7261,0.27037508032125257,-4.2420714848963156e-05,-0.2704175010361015
3393.6209,0.27563216250509587,-4.242071652242542e-05,-0.2756745832216183
3432.9667,0.2809314687183375,-4.2420718234908374e-05,-0.2809738894365724
3472.7686,0.2862720846147861,-4.242071998726295e-05,-0.2863145053347734
3513.032,0.2916530594154368,-4.24207217805366e-05,-0.2916954801372173
3553.7622,0.29707340630929163,-4.242072361561149e-05,-0.29711582703290723
3594.9646,0.30253210291749316,-4.242072549351125e-05,-0.30257452364298665
3636.6447,0.3080280918210961,-4.242072741522307e-05,-0.3080705125485113
3678.8081,0.3135602811526251,-4.242072938176094e-05,-0.31360270188200684
3721.4603,0.3191275452513763,-4.242073139407906e-05,-0.3191699659827704
3764.607,0.3247287253822417,-4.242073345339796e-05,-0.3247711461156951
3808.254,0.3303626305176274,-4.2420735560763724e-05,-0.33040505125318814
3852.407,0.33602803818186694,-4.24207377173281e-05,-0.33607045891958426
3897.0719,0.3417236953573031,-4.242073992395048e-05,-0.34176611609722707
3942.2547,0.34744831945104687,-4.2420742182308914e-05,-0.3474907401932292
3987.9613,0.35320059932119685,-4.242074449316663e-05,-0.35324302006569
4034.1979,0.35897919636111586,-4.242074685799173e-05,-0.35902161710797387
4080.9705,0.36478274564017193,-4.2420749277987044e-05,-0.3648251663894499
4128.2854,0.37060985709914024,-4.242075175437785e-05,-0.3706522778508946
4176.1489,0.376459116798293,-4.242075428855982e-05,-0.3765015375525816
4224.5672,0.38232908821600065,-4.242075688180272e-05,-0.38237150897288247
4273.547,0.38821831359550296,-4.242075953548156e-05,-0.38826073435503844
4323.0946,0.3941253153373185,-4.242076225122125e-05,-0.3941677360995697
4373.2167,0.40004859743461696,-4.242076503009931e-05,-0.40009101819964704
4423.9199,0.4059866469487036,-4.242076787389758e-05,-0.40602906771657754
4475.211,0.4119379355216122,-4.2420770784043115e-05,-0.4119803562923962
4527.0967,0.4179009209226964,-4.242077376194076e-05,-0.4179433416964583
4579.584,0.42387404862593403,-4.2420776809479484e-05,-0.4239164694027435
4632.6799,0.4298557534145899,-4.242077992793072e-05,-0.42989817419451787
4686.3913,0.43584446100974444,-4.2420783119133956e-05,-0.43588688179286356
4740.7255,0.44183858971911727,-4.2420786384954635e-05,-0.4418810105055022
4795.6896,0.44783655210254786,-4.242078972666706e-05,-0.4478789728922745
4851.2909,0.45383675665040096,-4.24207931464097e-05,-0.4538791774435474
4907.537,0.4598376094711556,-4.242079664598763e-05,-0.4598800302678016
4964.4351,0.4658375159843638,-4.242080022720702e-05,-0.465879936784591
5021.9929,0.47183488261516304,-4.242080389178238e-05,-0.4718773034190548
5080.218,0.47782811848652124,-4.242080764190904e-05,-0.4778705392941631
5139.1182,0.48381563710539427,-4.2420811479490554e-05,-0.48385805791687375
5198.7013,0.48979585803900594,-4.2420815406577556e-05,-0.4898382788544125
5258.9752,0.49576720857748996,-4.242081942529698e-05,-0.49580962939691525
5319.948,0.5017281253791991,-4.242082353774739e-05,-0.5017705462027369
5381.6276,0.50767705609504,-4.242082774604451e-05,-0.5077194769227861
5444.0224,0.5136124609682825,-4.242083205253131e-05,-0.513654881800335
5507.1405,0.5195328144063823,-4.242083645947996e-05,-0.5195752352428418
5570.9905,0.5254366065214519,-4.242084096913256e-05,-0.525479027362421
5635.5807,0.5313223446361626,-4.242084558399388e-05,-0.5313647654817466
5700.9198,0.5371885547519466,-4.242085030648793e-05,-0.5372309756022531
5767.0164,0.543033782976552,-4.2420855139126865e-05,-0.5430762038316912
5833.8794,0.5488565969081247,-4.242086008450812e-05,-0.5488990177682093
5901.5176,0.55465558697316,-4.242086514520785e-05,-0.5546980078383051
5969.9399,0.5604293677158354,-4.2420870323853625e-05,-0.5604717885861592
6039.1556,0.5661765790364106,-4.2420875623392184e-05,-0.566218999912034
6109.1738,0.5718958873765625,-4.242088104642618e-05,-0.5719383082576089
6180.0037,0.5775859868496966,-4.2420886596071045e-05,-0.5776284077362928
6251.6549,0.5832456003144932,-4.24208922750369e-05,-0.5832880212067683
6324.1367,0.5888734803901104,-4.2420898086513906e-05,-0.5889159012881969
6397.459,0.5944684104116856,-4.242090403351051e-05,-0.5945108313157191
6471.6313,0.6000292053249678,-4.2420910119162655e-05,-0.600071626235087
6546.6636,0.6055547125190975,-4.242091634673479e-05,-0.6055971334354443
6622.5658,0.6110438125967806,-4.242092271961013e-05,-0.6110862335195002
6699.348,0.6164954200812583,-4.242092924112999e-05,-0.6165378410104995
6777.0205,0.6219084840597096,-4.242093591478871e-05,-0.6219509049956243
6855.5935,0.6272819887628825,-4.2420942744006975e-05,-0.6273244097056265
6935.0774,0.6326149540809571,-4.2420949732506456e-05,-0.6326573750306896
7015.4829,0.637906436015812,-4.242095688402478e-05,-0.637948856972696
7096.8206,0.6431555270700573,-4.242096420225095e-05,-0.6431979480342596
7179.1014,0.6483613565733601,-4.242097169130085e-05,-0.6484037775450514
7262.3361,0.6535230909467438,-4.242097935491405e-05,-0.6535655119260987
7346.5359,0.6586399339057265,-4.242098719722296e-05,-0.6586823548929237
7431.7118,0.6637111266032826,-4.242099522259712e-05,-0.6637535475985051
7517.8753,0.668735947713776,-4.242100343500854e-05,-0.668778368717211
7605.0378,0.6737137134591382,-4.242101183904141e-05,-0.6737561344709773
7693.2108,0.6786437775786838,-4.2421020439056954e-05,-0.6786861985991228
7782.4062,0.683525531244084,-4.242102923954495e-05,-0.6835679522733236
7872.6356,0.6883584029211148,-4.2421038245396466e-05,-0.6884008239593602
7963.9112,0.6931418581798956,-4.2421047461209956e-05,-0.6931842792273568
8056.245,0.6978753994554302,-4.2421056891952716e-05,-0.6979178205123222
8149.6494,0.7025585657603217,-4.2421066542718526e-05,-0.7026009868268644
8244.1366,0.7071909323516242,-4.242107641847931e-05,-0.7072333534280427
8339.7194,0.7117721103538391,-4.242108652464109e-05,-0.7118145314403638
8436.4104,0.7163017463401172,-4.242109686648368e-05,-0.7163441674369837
8534.2224,0.7207795218737706,-4.242110744946271e-05,-0.72082194298122
8633.1684,0.7252051530122344,-4.2421118279310905e-05,-0.7252475741305138
8733.2616,0.7295783897756318,-4.2421129361739886e-05,-0.7296208109049935
8834.5153,0.7338990155821256,-4.242114070269188e-05,-0.7339414367228283
8936.943,0.7381668466522378,-4.242115230807248e-05,-0.7382092678045459
9040.5582,0.7423817313843177,-4.2421164184112573e-05,-0.7424241525485018
9145.3747,0.7465435497033441,-4.24211763370835e-05,-0.7465859708796813
9251.4064,0.7506522123852146,-4.242118877359283e-05,-0.7506946335739882
9358.6675,0.7547076603586719,-4.242120150015022e-05,-0.754750081560172
9467.1722,0.7587098639869804,-4.242121452358306e-05,-0.758752285201504
9576.9349,0.7626588223314332,-4.242122785058228e-05,-0.7627012435592838
9687.9701,0.7665545623987415,-4.242124148852245e-05,-0.7665969836402301
9800.2927,0.770397138374299,-4.242125544447163e-05,-0.7704395596297435
9913.9176,0.7741866308432885,-4.242126972588162e-05,-0.7742290521130144
10028.86,0.7779231460015229,-4.242128434046086e-05,-0.7779655672858634
10145.135,0.7816068148578802,-4.2421299295863815e-05,-0.7816492361571761
10262.758,0.7852377924301129,-4.2421314600037955e-05,-0.785280213744713
10381.745,0.7888162569357717,-4.242133026113233e-05,-0.7888586782660328
10502.111,0.7923424089799012,-4.242134628736953e-05,-0.7923848303261886
10623.873,0.7958164707411184,-4.242136268754125e-05,-0.7958588921038059
10747.046,0.799238685157592,-4.242137947024403e-05,-0.7992811065370622
10871.648,0.8026093151144059,-4.242139664427634e-05,-0.8026517365110502
10997.694,0.8059286426336885,-4.242141421884635e-05,-0.8059710640479073
11125.201,0.8091969680688383,-4.242143220326721e-05,-0.8092393895010416
11254.187,0.8124146093041028,-4.2421450607190686e-05,-0.81245703075471
11384.669,0.8155819009606837,-4.2421469440318946e-05,-0.8156243224301241
11516.663,0.8186991936104969,-4.242148871271279e-05,-0.8187416150992096
11650.188,0.8217668529986158,-4.242150843457291e-05,-0.8218092745070504
11785.26,0.8247852592753796,-4.2421528616393726e-05,-0.824827680803996
11921.899,0.8277548062390704,-4.242154926890014e-05,-0.8277972277883393
12060.122,0.8306759005899881,-4.242157040304392e-05,-0.8307183221603911
12199.947,0.8335489611967067,-4.24215920300658e-05,-0.8335913827887368
12341.394,0.8363744183752087,-4.2421614161587315e-05,-0.8364168399893702
12484.48,0.8391527131815366,-4.242163680912859e-05,-0.8391951348183457
12629.226,0.8418842967185581,-4.2421659984978994e-05,-0.8419267183785432
12775.649,0.8445696294573448,-4.2421683701297616e-05,-0.8446120511410461
12923.77,0.8472091805736419,-4.2421707970794205e-05,-0.8472516022816127
13073.609,0.849803427299833,-4.242173280622251e-05,-0.8498458490326393
13225.185,0.8523528542927454,-4.2421758221017614e-05,-0.8523952760509664
13378.518,0.8548579530176073,-4.2421784228390925e-05,-0.8549003748018357
13533.629,0.8573192211483992,-4.2421810842463294e-05,-0.8573616429592417
13690.538,0.8597371619848087,-4.242183807709652e-05,-0.8597795838228858
13849.267,0.8621122838859469,-4.242186594693961e-05,-0.8621547057518938
14009.836,0.8644450997209351,-4.242189446684259e-05,-0.8644875216154019
14172.266,0.8667361263364454,-4.242192365181378e-05,-0.8667785482600971
14336.58,0.868985884041226,-4.2421953517615627e-05,-0.8690283059947437
14502.799,0.8711948961076085,-4.242198407979189e-05,-0.8712373180916883
14670.944,0.873363688289969,-4.2422015354861007e-05,-0.8734061103053239
14841.04,0.8754927883600658,-4.242204735922808e-05,-0.8755352104074251
15013.107,0.8775827256591654,-4.242208011010085e-05,-0.8776251477392755
15187.17,0.8796340306668271,-4.242211362478938e-05,-0.8796764527804519
15363.25,0.8816472345861935,-4.242214792112919e-05,-0.8816896567341147
15541.372,0.8836228689456167,-4.242218301729417e-05,-0.883665291128634
15721.559,0.8855614652164119,-4.242221893203511e-05,-0.8856038874353439
15903.836,0.8874635544465329,-4.242225568439379e-05,-0.8875059767022173
16088.225,0.8893296669099251,-4.242229329395995e-05,-0.8893720892032191
16274.753,0.8911603317713013,-4.242233178048073e-05,-0.8912027541030818
16463.442,0.8929560767660771,-4.242237116470773e-05,-0.8929984991372418
16654.32,0.8947174278951777,-4.2422411467526245e-05,-0.8947598503066453
16847.411,0.8964449091344248,-4.242245271032175e-05,-0.8964873315871351
17042.74,0.898139042158199,-4.2422494914913984e-05,-0.8981814646531139
17240.334,0.8998003460770552,-4.242253810380056e-05,-0.899842768615159
17440.219,0.9014293371889843,-4.242258230001357e-05,-0.9014717597712844
17642.422,0.9030265287439725,-4.242262752692258e-05,-0.9030689513714995
17846.968,0.9045924307215358,-4.242267380866199e-05,-0.9046348533953446
18053.887,0.9061275496208918,-4.242272116992434e-05,-0.9061699723420618
18263.204,0.9076323882634124,-4.242276963569516e-05,-0.9076748110330481
18474.948,0.9091074456070294,-4.2422819231829416e-05,-0.9091498684262612
18689.147,0.9105532165722323,-4.2422869984527007e-05,-0.9105956394422169
18905.83,0.9119701918793193,-4.242292192097798e-05,-0.9120126148012403
19125.025,0.9133588578965522,-4.2422975068692504e-05,-0.913401280871621
19346.761,0.9147196964988656,-4.2423029456016826e-05,-0.9147621195283216
19571.068,0.9160531849367916,-4.242308511163797e-05,-0.9160956080219032
19797.975,0.9173597957152523,-4.242314206538526e-05,-0.9174022188573177
20027.514,0.918639996481885,-4.242320034739236e-05,-0.9186824196822324
20259.713,0.9198942499245631,-4.242325998878077e-05,-0.919936673184552
20494.605,0.9211230136777736,-4.242332102100757e-05,-0.9211654369987946
20732.22,0.922326740237538,-4.242338347671815e-05,-0.9223691636210147
20972.59,0.9235058768845371,-4.242344738902903e-05,-0.9235483003319261
21215.747,0.9246608656151353,-4.242351279197815e-05,-0.9247032891279272
21461.723,0.9257921430799815,-4.2423579720273526e-05,-0.9258345666597018
21710.551,0.9269001405298887,-4.242364820940709e-05,-0.9269425641780981
21962.263,0.9279852837686831,-4.242371829590225e-05,-0.9280277074869789
22216.895,0.9290479931127362,-4.2423790017052425e-05,-0.9290904169027533
22474.478,0.9300886833568851,-4.242386341084833e-05,-0.9301311072202959
22735.048,0.931107763746464,-4.242393851634735e-05,-0.9311501876849804
22998.639,0.9321056379551684,-4.242401537348715e-05,-0.9321480619705419
23265.285,0.9330827040684879,-4.2424094023187686e-05,-0.9331251281625111
23535.024,0.9340393545724427,-4.2424174507066335e-05,-0.9340817787469498
23807.89,0.9349759763473708,-4.242425686814782e-05,-0.935018400604239
24083.919,0.9358929506665216,-4.2424341149974995e-05,-0.9359353750076715
24363.149,0.93679065319921,-4.242442739757633e-05,-0.9368330776266075
24645.616,0.937669454018301,-4.242451565652395e-05,-0.9377118785339575
24931.358,0.9385297176118039,-4.242460597397634e-05,-0.9385721422177778
25220.413,0.9393718028983418,-4.242469839781524e-05,-0.9394142275967395
25512.819,0.9401960632463031,-4.242479297720688e-05,-0.9402384880392803
25808.615,0.9410028464964559,-4.242488976242886e-05,-0.9410452713862184
26107.841,0.9417924949878302,-4.242498880480795e-05,-0.941834919976635
26410.536,0.9425653455866806,-4.242509015723423e-05,-0.9426077706768379
26716.741,0.9433217297183377,-4.242519387335876e-05,-0.943364154912211
27026.496,0.9440619734017733,-4.242530000831619e-05,-0.9441043987017816
27339.842,0.9447863972867073,-4.242540861872955e-05,-0.9448288226953261
27656.821,0.9454953166930895,-4.242551976208851e-05,-0.9455377422128516
27977.475,0.9461890416527958,-4.242563349752598e-05,-0.9462314672862934
28301.846,0.9468678769533866,-4.242574988571284e-05,-0.9469103027032723
28629.979,0.9475321221837806,-4.2425868988198193e-05,-0.9475745480527688
28961.916,0.9481820717817002,-4.2425990868400325e-05,-0.9482244977725687
29297.701,0.9488180150827538,-4.242611559119617e-05,-0.948860441198345
29637.379,0.9494402363710235,-4.2426243222839035e-05,-0.9494826626142463
29980.996,0.9500490149310368,-4.242637383112973e-05,-0.9500914413048679
30328.597,0.9506446251009959,-4.24265074854934e-05,-0.9506870516084814
30680.227,0.951227336327157,-4.2426644256961314e-05,-0.9512697629714139
31035.935,0.951797413219247,-4.242678421831395e-05,-0.9518398400034653
31395.766,0.9523551156068115,-4.242692744369409e-05,-0.9523975425342552
31759.77,0.9529006985963976,-4.2427074009572836e-05,-0.9529431256704072
32127.994,0.953434412629473,-4.2427223993679953e-05,-0.9534768398534668
32500.487,0.9539565035409954,-4.2427377475777556e-05,-0.9539989309184711
32877.298,0.954467212618537,-4.242753453741418e-05,-0.9545096401530744
33258.479,0.9549667766618932,-4.242769526196583e-05,-0.9550092043571552
33644.078,0.9554554280430873,-4.242785973497865e-05,-0.9554978559028222
34034.149,0.9559333947667024,-4.242802804401816e-05,-0.9559758227947464
34428.742,0.9564009005304674,-4.242820027834945e-05,-0.9564433287307458
34827.91,0.9568581647860341,-4.242837652956721e-05,-0.9569005931625637
35231.706,0.9573054027998749,-4.242855689131998e-05,-0.9573478313567662
35640.183,0.957742825714248,-4.242874145958107e-05,-0.9577852544557075
36053.396,0.9581706406081708,-4.242893033221727e-05,-0.958213069538503
36471.401,0.9585890505583468,-4.2429123609932094e-05,-0.9586314796819567
36894.251,0.9589982546999967,-4.242932139519345e-05,-0.9590406840213919
37322.004,0.9593984482875463,-4.242952379317577e-05,-0.9594408778113395
37754.717,0.959789822755126,-4.2429730911685685e-05,-0.9598322524860378
38192.446,0.9601725657768395,-4.24299428605789e-05,-0.9602149957197001
38635.25,0.9605468613267623,-4.2430159752570376e-05,-0.9605892914865148
39083.189,0.9609128897386341,-4.243038170304855e-05,-0.9609553201203371
39536.32,0.9612708277652074,-4.243060882977078e-05,-0.9613132583740372
39994.705,0.9616208486372257,-4.243084125354202e-05,-0.9616632794784793
40458.405,0.9619631221219925,-4.243107909792483e-05,-0.9620055532010905
40927.481,0.9622978145815123,-4.2431322489461595e-05,-0.9623402459040018
41401.996,0.9626250890301703,-4.243157155730124e-05,-0.9626675206017276
41882.012,0.9629451051919318,-4.243182643393694e-05,-0.9629875370183657
42367.593,0.9632580195570333,-4.24320872548485e-05,-0.9633004516442881
42858.804,0.9635639854381525,-4.243235415862535e-05,-0.963606417792311
43355.711,0.9638631530260298,-4.243262728716485e-05,-0.963905585653317
43858.378,0.9641556694445291,-4.243290678563765e-05,-0.9641981023513148
44366.873,0.9644416788051234,-4.243319280253026e-05,-0.9644841119979259
44881.264,0.9647213222607851,-4.2433485490013736e-05,-0.9647637557462752
45401.619,0.964994738059272,-4.243378500345207e-05,-0.9650371718442755
45928.007,0.9652620615957989,-4.2434091502197055e-05,-0.965304495687301
46460.497,0.9655234254650792,-4.24344051491178e-05,-0.9655658598702284
46999.162,0.9657789595127317,-4.243472611090725e-05,-0.9658213942388426
47544.072,0.9660287908860437,-4.243505455812157e-05,-0.9660712259406018
48095.299,0.9662730440840791,-4.243539066536719e-05,-0.9663154794747445
48652.917,0.9665118410071339,-4.243573461136917e-05,-0.9665542767417453
49217.001,0.9667453010055246,-4.24360865787862e-05,-0.9667877370921034
49787.624,0.9669735409277124,-4.243644675474646e-05,-0.9670159773744671
50364.863,0.967196675167756,-4.2436815330732425e-05,-0.9672391119830868
50948.795,0.9674148157120916,-4.2437192502543034e-05,-0.9674572529045942
51539.497,0.9676280721856404,-4.243757847079242e-05,-0.9676705097641112
52137.047,0.9678365518972369,-4.243797344060009e-05,-0.9678789898706776
52741.526,0.9680403598843854,-4.2438377621721255e-05,-0.9680827982620072
53353.013,0.9682395989573377,-4.2438791229190425e-05,-0.9682820377485669
53971.589,0.9684343697424976,-4.243921448268608e-05,-0.9684768089569803
54597.337,0.9686247707251535,-4.243964760720975e-05,-0.9686672103727607
55230.341,0.9688108982915361,-4.244009083294805e-05,-0.9688533383823691
55870.683,0.9689928467702109,-4.24405443955826e-05,-0.9690352873146065
56518.449,0.9691707084728037,-4.244100853603688e-05,-0.9692131494813397
57173.726,0.9693445737340626,-4.2441483501080775e-05,-0.9693870152175637
57836.6,0.9695145309512628,-4.2441969543176404e-05,-0.969556972920806
58507.159,0.9696806666229565,-4.244246692056068e-05,-0.969723109089877
59185.493,0.9698430653870725,-4.2442975897521286e-05,-0.96988550836297
59871.691,0.9700018100583712,-4.24434967448492e-05,-0.970044253555116
60565.846,0.9701569816652591,-4.244402973913334e-05,-0.9701994256949983
61268.048,0.970308659485969,-4.244457516376552e-05,-0.9703511040611328
61978.391,0.9704569210841117,-4.244513330850276e-05,-0.9704993662174203
62696.971,0.9706018423436036,-4.24457044701601e-05,-0.9706442880480738
63423.881,0.9707434975029787,-4.2446288952117706e-05,-0.9707859437919308
64159.22,0.9708819591890898,-4.244688706516117e-05,-0.9709244060761549
64903.084,0.9710172984502048,-4.244749912716093e-05,-0.971059745949332
65655.572,0.9711495847885064,-4.2448125463296284e-05,-0.9711920329139697
66416.785,0.9712788861920009,-4.244876640654495e-05,-0.9713213349584074
67186.823,0.9714052691658447,-4.2449422297607324e-05,-0.9714477185881423
67965.789,0.9715287987630915,-4.2450093484809346e-05,-0.9715712488565763
68753.786,0.9716495386148725,-4.245078032521958e-05,-0.9716919893951976
69550.92,0.9717675509600135,-4.2451483183717494e-05,-0.9718100024431973
70357.295,0.9718828966740977,-4.245220243376197e-05,-0.9719253488765314
71173.02,0.9719956352979789,-4.2452938457681255e-05,-0.9720380882364367
71998.202,0.9721058250657589,-4.2453691646723775e-05,-0.9721482787574056
72832.952,0.9722135229322274,-4.2454462401052625e-05,-0.9722559773946284
73677.379,0.9723187845997802,-4.2455251130394216e-05,-0.9723612398509106
74531.597,0.9724216645448197,-4.245605825377605e-05,-0.9724641206030735
75395.718,0.9725222160436435,-4.245688420033118e-05,-0.9725646729278439
76269.859,0.9726204911978321,-4.24577294089684e-05,-0.972662948927241
77154.134,0.9727165409591422,-4.245859432872803e-05,-0.9727589995534709
78048.661,0.9728104151539113,-4.245947941944107e-05,-0.9728528746333307
78953.56,0.9729021625069835,-4.246038515144803e-05,-0.9729446228921349
79868.95,0.9729918306651633,-4.2461312006141394e-05,-0.9730342919771694
80794.953,0.9730794662202039,-4.246226047590118e-05,-0.9731219284806798
81731.692,0.9731651147313393,-4.246323106500218e-05,-0.9732075779624043
82679.291,0.9732488207473652,-4.2464224289085906e-05,-0.9732912849716543
83637.878,0.9733306278282783,-4.246524067618241e-05,-0.9733730930689545
84607.578,0.973410578566482,-4.246628076619622e-05,-0.9734530448472483
85588.521,0.9734887146075606,-4.2467345112043854e-05,-0.9735311819526726
86580.836,0.9735650766706366,-4.246843427927181e-05,-0.9736075451049159
87584.657,0.9736397045683123,-4.246954884677196e-05,-0.9736821741171591
88600.116,0.9737126372262069,-4.247068940669782e-05,-0.9737551079156136
89627.349,0.9737839127020923,-4.2471856565298454e-05,-0.9738263845586576
90666.491,0.9738535682046391,-4.247305094276295e-05,-0.9738960412555818
91717.681,0.9739216401117741,-4.2474273173850945e-05,-0.9739641143849479
92781.059,0.9739881639886631,-4.247552390793717e-05,-0.974030639512571
93856.765,0.9740531746053189,-4.2476803809942995e-05,-0.9740956514091289
94944.943,0.9741167059538459,-4.2478113559764194e-05,-0.9741591840674056
96045.738,0.9741787912653261,-4.247945385354659e-05,-0.9742212707191796
97159.295,0.9742394630263519,-4.248082540342773e-05,-0.9742819438517554
98285.763,0.974298752995216,-4.248222893830898e-05,-0.9743412352241543
99425.291,0.9743566922177598,-4.248366520394927e-05,-0.9743991758829638
100578.03,0.9744133110428908,-4.2485134963605725e-05,-0.9744557961778544
101744.14,0.9744686391377722,-4.2486638998407464e-05,-0.9745111257767706
102923.76,0.974522705502693,-4.248817810738919e-05,-0.9745651936808004
104117.06,0.9745755384856238,-4.248975310851944e-05,-0.9746180282387323
105324.2,0.9746271657964634,-4.2491364838530965e-05,-0.9746696571613019
106545.33,0.9746776145209828,-4.2493014154083316e-05,-0.9747201075351368
107780.62,0.9747269111344742,-4.249470193148662e-05,-0.9747694058364057
109030.23,0.9747750815151071,-4.2496429067581026e-05,-0.9748175779441747
110294.33,0.9748221509569998,-4.2498196480012644e-05,-0.9748646491534798
111573.09,0.9748681441830098,-4.2500005107945984e-05,-0.9749106441881178
112866.67,0.9749130853572524,-4.250185591239558e-05,-0.9749555872131648
114175.25,0.9749569980973474,-4.2503749876822166e-05,-0.9749995018472242
115499,0.9749999054864037,-4.250568800754083e-05,-0.9750424111744113
116838.1,0.9750418300847439,-4.2507671334342926e-05,-0.9750843377560782
118192.72,0.9750827939413772,-4.2509700911000324e-05,-0.9751253036422882
119563.05,0.9751228186052214,-4.251177781599035e-05,-0.9751653303830374
120949.27,0.975161925136084,-4.2513903152677466e-05,-0.9752044390392367
122351.56,0.9752001341154014,-4.251607805036634e-05,-0.9752426501934518
123770.11,0.9752374656567473,-4.251830366467299e-05,-0.9752799839604119
125205.1,0.9752739394161097,-4.2520581177942515e-05,-0.9753164599972877
126656.73,0.9753095746019439,-4.2522911800290304e-05,-0.9753520975137442
128125.2,0.9753443899850042,-4.252529676996504e-05,-0.9753869152817741
129610.68,0.9753784039079628,-4.252773735415817e-05,-0.975420931645317
131113.39,0.9754116342948135,-4.253023484938318e-05,-0.9754541645296628
132633.53,0.9754440986600706,-4.253279058251453e-05,-0.9754866314506532
134171.28,0.9754758141177652,-4.253540591130268e-05,-0.9755183495236764
135726.87,0.9755067973902404,-4.2538082225379105e-05,-0.9755493354724658
137300.49,0.9755370648167541,-4.254082094643906e-05,-0.9755796056377005
138892.36,0.9755666323618907,-4.254362352930253e-05,-0.97560917598542
140502.68,0.9755955156237837,-4.254649146306924e-05,-0.9756380621152467
142131.67,0.9756237298421586,-4.2549426271152025e-05,-0.9756662792684297
143779.55,0.9756512899061933,-4.255242951259471e-05,-0.9756938423357059
145446.53,0.9756782103622059,-4.255550278300442e-05,-0.9757207658649889
147132.85,0.9757045054211678,-4.255864771459933e-05,-0.9757470640688825
148838.71,0.975730188966049,-4.2561865978252826e-05,-0.9757727508320273
150564.35,0.9757552745590008,-4.256515928348242e-05,-0.9757978397182843
152310,0.9757797754483729,-4.256852937960154e-05,-0.9758223439777525
154075.88,0.9758037045755751,-4.257197805682709e-05,-0.9758462765536319
155862.24,0.9758270745817826,-4.257550714702579e-05,-0.9758696500889297
157669.32,0.9758498978144912,-4.257911852456153e-05,-0.9758924769330157
159497.34,0.9758721863339215,-4.258281410787299e-05,-0.9759147691480293
161346.56,0.9758939519192782,-4.25865958598526e-05,-0.9759365385151381
163217.21,0.9759152060748685,-4.25904657890108e-05,-0.9759577965406575
165109.56,0.9759359600360785,-4.259442595097128e-05,-0.9759785544620295
167023.84,0.9759562247752144,-4.2598478448921176e-05,-0.9759988232536633
168960.32,0.9759760110072091,-4.260262543522638e-05,-0.9760186136326443
170919.25,0.9759953291951974,-4.260686911249107e-05,-0.9760379360643099
172900.9,0.9760141895559638,-4.261121173432836e-05,-0.9760568007676981
174905.52,0.9760326020652629,-4.2615655607087e-05,-0.9760752177208699
176933.38,0.9760505764630186,-4.262020309075276e-05,-0.9760931966661094
178984.75,0.9760681222584007,-4.262485660050112e-05,-0.9761107471150011
181059.9,0.9760852487347842,-4.262961860750358e-05,-0.9761278783533917
183159.11,0.9761019649545934,-4.263449164035326e-05,-0.9761445994462338
185282.67,0.9761182797640316,-4.263947828700166e-05,-0.9761609192423186
187430.84,0.9761342017977003,-4.2644581195377476e-05,-0.9761768463788957
189603.92,0.9761497394831098,-4.264980307514435e-05,-0.9761923892861849
191802.19,0.976164901045083,-4.2655146698944974e-05,-0.976207556191782
194025.95,0.976179694510055,-4.266061490444161e-05,-0.9762223551249595
196275.5,0.97619412771027,-4.266621059470708e-05,-0.9762367939208647
198551.12,0.9762082082878798,-4.267193674086856e-05,-0.9762508802246207
200853.13,0.9762219436989412,-4.267779638317898e-05,-0.9762646214953244
203181.82,0.9762353412173211,-4.268379263276977e-05,-0.9762780250099539
205537.52,0.9762484079385035,-4.268992867302048e-05,-0.9762910978671766
207920.53,0.9762611507833074,-4.2696207761562876e-05,-0.976303846991069
210331.17,0.9762735765015134,-4.2702633231638903e-05,-0.976316279134745
212769.75,0.9762856916754,-4.270920849443016e-05,-0.9763284008838945
215236.61,0.9762975027231972,-4.2715937040451234e-05,-0.9763402186602376
217732.07,0.9763090159024492,-4.272282244142217e-05,-0.9763517387248907
220256.46,0.9763202373133004,-4.2729868352120756e-05,-0.9763629671816525
222810.12,0.9763311729016937,-4.2737078512564845e-05,-0.9763739099802062
225393.39,0.9763418284624924,-4.274445674969745e-05,-0.9763845729192421
228006.61,0.9763522096425226,-4.275200697994859e-05,-0.9763949616495025
230650.12,0.9763623219435391,-4.2759733209988494e-05,-0.9764050816767491
233324.29,0.9763721707251138,-4.276763954073957e-05,-0.9764149383646545
236029.46,0.9763817612074529,-4.27757301678521e-05,-0.9764245369376208
238765.99,0.9763910984741394,-4.2784009385329843e-05,-0.9764338824835247
241534.25,0.976400187474806,-4.279248158629788e-05,-0.9764429799563923
244334.61,0.976409033027736,-4.2801151266861984e-05,-0.9764518341790028
247167.43,0.976417639822399,-4.2810023027062684e-05,-0.9764604498454261
250033.1,0.9764260124219157,-4.281910157447657e-05,-0.9764688315234902
252931.99,0.9764341552654594,-4.282839172598115e-05,-0.9764769836571854
255864.49,0.9764420726705915,-4.283789841056721e-05,-0.976484910569002
258830.99,0.9764497688355336,-4.2847626672003845e-05,-0.9764926164622055
261831.88,0.9764572478413778,-4.2857581671055946e-05,-0.9765001054230489
264867.57,0.9764645136542351,-4.286776868893826e-05,-0.976507381422924
267938.45,0.9764715701273233,-4.287819312955955e-05,-0.9765144483204529
271044.94,0.9764784210029976,-4.2888860522250984e-05,-0.9765213098635199
274187.44,0.9764850699147206,-4.289977652549889e-05,-0.9765279696912461
277366.38,0.9764915203889771,-4.291094692868171e-05,-0.9765344313359058
280582.17,0.9764977758471323,-4.292237765640772e-05,-0.9765406982247887
283835.25,0.9765038396072344,-4.2934074770674074e-05,-0.976546773682005
287126.05,0.9765097148857644,-4.294604447452619e-05,-0.976552660930239
290454.99,0.9765154047993303,-4.295829311542841e-05,-0.9765583630924457
293822.54,0.9765209123663114,-4.297082718804589e-05,-0.9765638831934995
297229.13,0.9765262405084495,-4.298365333827762e-05,-0.9765692241617878
300675.21,0.976531392052389,-4.2996778366200066e-05,-0.9765743888307552
304161.25,0.9765363697311693,-4.30102092303876e-05,-0.9765793799403997
307687.7,0.9765411761856647,-4.302395305071874e-05,-0.9765842001387154
311255.04,0.9765458139659785,-4.3038017112731876e-05,-0.9765888519830912
314863.74,0.9765502855327884,-4.305240887118179e-05,-0.9765933379416596
318514.28,0.9765545932586456,-4.3067135953959577e-05,-0.9765976603945995
322207.15,0.9765587394292242,-4.3082206166346546e-05,-0.9766018216353906
325942.83,0.9765627262445317,-4.3097627494779286e-05,-0.9766058238720264
329721.82,0.9765665558200661,-4.311340811108827e-05,-0.9766096692281773
333544.62,0.9765702301879351,-4.312955637726099e-05,-0.9766133597443124
337411.75,0.976573751297928,-4.3146080849303336e-05,-0.9766168973787773
341323.71,0.9765771210185454,-4.3162990281655896e-05,-0.976620284008827
345281.03,0.9765803411379861,-4.318029363227565e-05,-0.9766235214316183
349284.23,0.9765834133650896,-4.319800006698341e-05,-0.9766266113651566
353333.84,0.9765863393302412,-4.321611896449671e-05,-0.9766295554492057
357430.4,0.9765891205862307,-4.323465992103468e-05,-0.9766323552461518
361574.46,0.9765917586090734,-4.325363275583847e-05,-0.9766350122418292
365766.57,0.9765942547987908,-4.327304751544409e-05,-0.9766375278463062
370007.27,0.976596610480148,-4.3292914479959075e-05,-0.9766399033946279
374297.15,0.9765988269033543,-4.3313244167911506e-05,-0.9766421401475223
378636.76,0.9766009052447246,-4.3334047341812676e-05,-0.9766442392920665
383026.69,0.9766028466073001,-4.335533501352532e-05,-0.9766462019423137
387467.51,0.9766046520214299,-4.3377118450766334e-05,-0.9766480291398807
391959.82,0.9766063224453178,-4.33994091821089e-05,-0.9766497218544998
396504.22,0.9766078587655264,-4.342221900370208e-05,-0.97665128098453
401101.3,0.9766092617974466,-4.3445559984838713e-05,-0.9766527073574314
405751.68,0.9766105322857277,-4.346944447487798e-05,-0.9766540017302026
410455.98,0.9766116709046716,-4.3493885109301734e-05,-0.9766551647897809
415214.82,0.9766126782585886,-4.3518894816036784e-05,-0.9766561971534046
420028.83,0.9766135548821172,-4.3544486822976755e-05,-0.9766570993689402
424898.66,0.9766143012405054,-4.357067466430122e-05,-0.9766578719151697
429824.94,0.9766149177298574,-4.35974721873576e-05,-0.9766585152020448
434808.35,0.976615404677343,-4.3624893560452344e-05,-0.9766590295709034
439849.53,0.9766157623413703,-4.365295327990201e-05,-0.9766594152946502
444949.16,0.9766159909117204,-4.368166617748041e-05,-0.9766596725778979
450107.91,0.976616090509651,-4.371104742844909e-05,-0.9766598015570794
455326.48,0.9766160611879575,-4.374111255884974e-05,-0.9766598023005164
460605.54,0.9766159029310012,-4.377187745434969e-05,-0.9766596748084555
465945.82,0.9766156156547027,-4.380335836786654e-05,-0.9766594190130705
471348.01,0.9766151992064945,-4.383557192823812e-05,-0.9766590347784228
476812.83,0.9766146533652426,-4.386853514871603e-05,-0.9766585219003913
482341.01,0.976613977841128,-4.390226543617646e-05,-0.9766578801065642
487933.29,0.9766131722754943,-4.393678059944679e-05,-0.9766571090560937
493590.4,0.9766122362406567,-4.397209885921658e-05,-0.9766562083395159
499313.11,0.976611169239677,-4.400823885685503e-05,-0.9766551774785338
505102.16,0.9766099707061003,-4.404521966459676e-05,-0.976654015925765
510958.33,0.9766086400036548,-4.408306079495385e-05,-0.9766527230644497
516882.39,0.9766071764259161,-4.412178221099072e-05,-0.9766512982081271
522875.14,0.9766055791959338,-4.416140433639142e-05,-0.9766497406002702
528937.37,0.9766038474658195,-4.420194806655008e-05,-0.976648049413886
535069.89,0.9766019803162989,-4.424343477860548e-05,-0.9766462237510775
541273.51,0.9765999767562268,-4.4285886342962337e-05,-0.9766442626425698
547549.05,0.9765978357220616,-4.432932513399909e-05,-0.9766421650471956
553897.35,0.9765955560773042,-4.4373774042363114e-05,-0.9766399298513465
560319.25,0.9765931366118957,-4.441925648613471e-05,-0.9766375558683819
566815.61,0.9765905760415802,-4.446579642258972e-05,-0.9766350418380028
573387.29,0.976587873007223,-4.451341836135832e-05,-0.9766323864255844
580035.16,0.9765850260740949,-4.4562147376039904e-05,-0.976629588221471
586760.1,0.9765820337311116,-4.461200911772568e-05,-0.9766266457402294
593563.02,0.9765788943900371,-4.466302982752093e-05,-0.9766235574198646
600444.8,0.9765756063846436,-4.471523635056606e-05,-0.9766203216209941
607406.38,0.9765721679698304,-4.4768656149235195e-05,-0.9766169366259796
614448.67,0.9765685773207023,-4.482331731713743e-05,-0.9766134006380195
621572.6,0.9765648325316075,-4.4879248593937057e-05,-0.9766097117802015
628779.14,0.9765609316151267,-4.49364793791485e-05,-0.9766058680945059
636069.22,0.976556872501027,-4.49950397479183e-05,-0.9766018675407748
643443.83,0.976552653035166,-4.505496046548471e-05,-0.9765977079956315
650903.93,0.9765482709783566,-4.511627300369299e-05,-0.9765933872513604
658450.53,0.9765437240051812,-4.517900955580664e-05,-0.976588903014737
666084.63,0.9765390097027675,-4.524320305369399e-05,-0.9765842529058212
673807.23,0.9765341255695114,-4.530888718427085e-05,-0.9765794344566956
681619.38,0.9765290690137574,-4.537609640603982e-05,-0.9765744451101634
689522.09,0.9765238373524313,-4.544486596689588e-05,-0.9765692822183982
697516.43,0.9765184278096228,-4.5515231921816706e-05,-0.9765639430415447
705603.46,0.9765128375151213,-4.558723115086556e-05,-0.9765584247462722
713784.25,0.976507063502901,-4.5660901377654117e-05,-0.9765527244042786
722059.88,0.9765011027095557,-4.573628118830699e-05,-0.976546838990744
730431.47,0.9764949519726828,-4.581341005089916e-05,-0.9765407653827337
738900.11,0.9764886080292153,-4.589232833495236e-05,-0.9765345003575503
747466.94,0.9764820675137003,-4.597307733160749e-05,-0.9765280405910318
756133.1,0.9764753269565244,-4.6055699274635604e-05,-0.976521382655799
764899.73,0.9764683827820841,-4.614023736058258e-05,-0.9765145230194447
773768,0.9764612313069013,-4.622673577111794e-05,-0.9765074580426725
782739.09,0.9764538687376806,-4.631523969422283e-05,-0.9765001839773748
791814.19,0.9764462911693104,-4.640579534691489e-05,-0.9764926969646572
800994.51,0.976438494582805,-4.6498449998374034e-05,-0.9764849930328033
810281.26,0.9764304748431882,-4.6593251992391566e-05,-0.9764770680951806
819675.69,0.9764222276973125,-4.669025077204585e-05,-0.9764689179480845
829179.03,0.9764137487716202,-4.678949690367544e-05,-0.9764605382685239
838792.56,0.9764050335698421,-4.689104210135292e-05,-0.9764519246119434
848517.54,0.9763960774706265,-4.699493925276995e-05,-0.9764430724098793
858355.28,0.9763868757251093,-4.710124244457564e-05,-0.9764339769675539
868307.08,0.9763774234544129,-4.721000698917194e-05,-0.9764246334614021
878374.26,0.9763677156470795,-4.7321289451356055e-05,-0.9764150369365309
888558.16,0.9763577471564344,-4.743514767585538e-05,-0.9764051823041102
898860.13,0.9763475126978796,-4.755164081511371e-05,-0.9763950643386947
909281.54,0.9763370068461128,-4.767082935862454e-05,-0.9763846776754714
919823.78,0.9763262240322758,-4.7792775161090683e-05,-0.9763740168074369
930488.24,0.9763151585410291,-4.791754147284459e-05,-0.976363076082502
941276.35,0.9763038045075446,-4.8045192970050785e-05,-0.9763518497005147
952189.54,0.9762921559144275,-4.8175795785533754e-05,-0.9763403317102131
963229.25,0.9762802065885531,-4.8309417540653577e-05,-0.9763285160060937
974396.96,0.9762679501978263,-4.844612737707246e-05,-0.9763163963252034
985694.15,0.9762553802478564,-4.858599599005018e-05,-0.9763039662438464
997122.31,0.9762424900785489,-4.87290956612985e-05,-0.9762912191742102
1008683,0.9762292728606106,-4.8875500294119136e-05,-0.9762781483609047
1020377.7,0.9762157215919661,-4.902528544698149e-05,-0.9762647468774132
1032208,0.9762018290940868,-4.917852836997601e-05,-0.9762510076224568
1044175.4,0.9761875880082264,-4.933530804051417e-05,-0.9762369233162669
1056281.6,0.9761729907915643,-4.94957052002453e-05,-0.9762224864967646
1068528.2,0.9761580297132527,-4.9659802392554296e-05,-0.9762076895156453
1080916.7,0.9761426968503687,-4.9827684000935355e-05,-0.9761925245343697
1093448.9,0.9761269840837633,-4.999943628796577e-05,-0.9761769835200512
1106126.4,0.9761108830938129,-5.017514743484249e-05,-0.9761610582412478
1118950.9,0.9760943853560642,-5.035490758207872e-05,-0.9761447402636463
1131924,0.9760774821367776,-5.0538808870142195e-05,-0.9761280209456478
1145047.6,0.9760601644883566,-5.0726945482432474e-05,-0.9761108914338391
1158323.3,0.9760424232446732,-5.0919413686956535e-05,-0.9760933426583601
1171752.9,0.9760242490162764,-5.111631188029009e-05,-0.9760753653281566
1185338.3,0.9760056321854894,-5.131774063179325e-05,-0.9760569499261212
1199081.1,0.9759865629013866,-5.152380272837335e-05,-0.976038086704115
1212983.3,0.9759670310746525,-5.1734603221047314e-05,-0.9760187656778736
1227046.7,0.9759470263723171,-5.195024947063365e-05,-0.9759989766217878
1241273.1,0.9759265382123697,-5.217085119582237e-05,-0.9759787090635655
1255664.4,0.9759055557582399,-5.239652052145434e-05,-0.9759579522787614
1270222.6,0.975884067913153,-5.2627372027082666e-05,-0.97593669528518
1284949.6,0.9758620633143501,-5.28635227973007e-05,-0.9759149268371474
1299847.4,0.9758395303271741,-5.310509247255706e-05,-0.9758926354196467
1314917.9,0.9758164570390148,-5.335220330058636e-05,-0.9758698092423154
1330163.1,0.975792831253114,-5.36049801883994e-05,-0.9758464362333024
1345585,0.9757686404822259,-5.3863550756326e-05,-0.9758225040329822
1361185.8,0.9757438719421292,-5.4128045391478513e-05,-0.9757979999875207
1376967.4,0.9757185125449892,-5.439859730324689e-05,-0.9757729111422925
1392932,0.9756925488925651,-5.467534257843944e-05,-0.9757472242351435
1409081.7,0.9756659672692596,-5.495842023843008e-05,-0.975720925689498
1425418.6,0.9756387536350106,-5.524797229659047e-05,-0.9756940016073072
1441945,0.9756108936180153,-5.5544143816441126e-05,-0.9756664377618318
1458662.9,0.9755823725072887,-5.584708297104275e-05,-0.9756382195902598
1475574.7,0.9755531752450515,-5.6156941103064994e-05,-0.9756093321861545
1492682.6,0.9755232864189421,-5.6473872785183074e-05,-0.9755797602917273
1509988.8,0.9754926902540514,-5.679803588276289e-05,-0.9755494882899342
1527495.6,0.9754613706047747,-5.712959161544815e-05,-0.9755185001963901
1545205.5,0.9754293109464784,-5.7468704621173006e-05,-0.9754867796510996
1563120.6,0.9753964943669764,-5.781554302020229e-05,-0.9754543099099966
1581243.5,0.9753629035578123,-5.817027847964001e-05,-0.975421073836292
1599576.5,0.9753285208053453,-5.8533086280331977e-05,-0.9753870538916256
1618122,0.9752933279816322,-5.890414538232576e-05,-0.9753522321270145
1636882.6,0.9752573065351047,-5.928363849286683e-05,-0.9753165901735975
1655860.6,0.975220437481035,-5.9671752134614103e-05,-0.9752801092331697
1675058.7,0.9751827013917879,-6.006867671397301e-05,-0.9752427700685018
1694479.4,0.9751440783868514,-6.047460659112317e-05,-0.9752045529934424
1714125.3,0.9751045481226454,-6.088974015020695e-05,-0.9751654378627955
1733998.9,0.9750640897821015,-6.131427987019012e-05,-0.9751254040619717
1754102.9,0.9750226820640079,-6.174843239638696e-05,-0.9750844304964043
1774440,0.9749803031721187,-6.21924086134556e-05,-0.9750424955807322
1795012.9,0.9749369308040188,-6.264642371675566e-05,-0.9749995772277356
1815824.4,0.97489254213974,-6.311069728738512e-05,-0.9749556528370273
1836877.1,0.9748471138301258,-6.358545336520365e-05,-0.974910699283491
1858173.9,0.9748006219849383,-6.407092052329468e-05,-0.9748646929054616
1879717.6,0.9747530421606987,-6.456733194342198e-05,-0.9748176094926421
1901511.1,0.9747043493482637,-6.50749254905374e-05,-0.9747694242737542
1923557.3,0.9746545179601224,-6.559394378925312e-05,-0.9747201119039116
1945859.1,0.9746035218174186,-6.6124634299317e-05,-0.9746696464517179
1968419.4,0.9745513341366844,-6.666724939228954e-05,-0.9746180013860767
1991241.4,0.9744979275162835,-6.722204642775184e-05,-0.9745651495627112
2014327.9,0.9744432739225594,-6.77892878300286e-05,-0.9745110632103894
2037682.1,0.9743873446756786,-6.836924116520758e-05,-0.9744557139168437
2061307,0.9743301104351665,-6.896217921789391e-05,-0.9743990726143844
2085205.9,0.9742715411851286,-6.956838006737599e-05,-0.9743411095651959
2109381.8,0.9742116062191503,-7.018812716547516e-05,-0.9742817943463158
2133838,0.9741502741248698,-7.082170941190448e-05,-0.9742210958342816
2158577.8,0.9740875127682173,-7.146942123107398e-05,-0.9741589821894483
2183604.4,0.9740232892773149,-7.213156264801115e-05,-0.9740954208399628
2208921.2,0.9739575700260302,-7.280843936338026e-05,-0.9740303784653936
2234531.5,0.9738903206171752,-7.350036282911092e-05,-0.9739638209800043
2260438.7,0.973821505865347,-7.420765032182966e-05,-0.9738957135156688
2286646.3,0.9737510897794024,-7.493062501699915e-05,-0.9738260204044193
2313157.8,0.9736790355445558,-7.5669616061474e-05,-0.9737547051606172
2339976.6,0.9736053055041024,-7.642495864517056e-05,-0.9736817304627475
2367106.4,0.9735298611407474,-7.719699407135999e-05,-0.9736070581348187
2394550.7,0.973452663057545,-7.798606982700188e-05,-0.973530649127372
2422313.2,0.9733736709584352,-7.879253964982965e-05,-0.973452463498085
2450397.5,0.9732928436283673,-7.961676359527726e-05,-0.9733724603919626
2478807.5,0.9732101389130139,-8.045910810183823e-05,-0.9732905980211157
2507546.9,0.9731255136980536,-8.131994605359539e-05,-0.9732068336441072
2536619.5,0.9730389238880279,-8.21996568419499e-05,-0.9731211235448699
2566029.1,0.9729503243847539,-8.3098626424192e-05,-0.9730334230111781
2595779.7,0.972859669065296,-8.401724738088511e-05,-0.9729436863126768
2625875.3,0.9727669107594769,-8.495591896967762e-05,-0.9728518666784466
2656319.7,0.9726720012269293,-8.591504717747149e-05,-0.9727579162741068
2687117.2,0.972574891133679,-8.689504476872798e-05,-0.9726617861784478
2718271.7,0.9724755300282464,-8.789633133186761e-05,-0.9725634263595783
2749787.4,0.9723738663172631,-8.891933332113055e-05,-0.9724627856505842
2781668.6,0.9722698472405955,-8.996448409640604e-05,-0.9723598117246919
2813919.3,0.9721634188459648,-9.103222395736272e-05,-0.9722544510699221
2846544,0.9720545259630579,-9.212300017610742e-05,-0.972146648963234
2879546.9,0.9719431121771179,-9.323726702360516e-05,-0.9720363494441415
2912932.4,0.9718291198020114,-9.437548579235166e-05,-0.9719234952878038
2946705.1,0.9717124898527583,-9.553812481480615e-05,-0.971808027977573
2980869.3,0.9715931620175197,-9.672565947625868e-05,-0.9716898876769959
3015429.6,0.9714710746290358,-9.793857222245266e-05,-0.9715690132012582
3050390.5,0.9713461646355029,-9.917735256177295e-05,-0.9714453419880648
3085756.9,0.9712183675708861,-0.00010044249706216096,-0.9713188100679483
3121533.2,0.9710876175246537,-0.0001017345093408317,-0.9711893520339945
3157724.4,0.9709538471109304,-0.00010305390004814866,-0.9710569010109785
3194335.1,0.9708169874370582,-0.00010440118684480222,-0.9709213886239031
3231370.3,0.9706769680715597,-0.00010577689437168768,-0.9707827449659313
3268834.9,0.970533717011491,-0.00010718155421218854,-0.9706408985657032
3306733.9,0.9703871606491846,-0.00010861570484687393,-0.9704957763540315
3345072.3,0.9702372237383654,-0.00011007989159994784,-0.9703473036299654
3383855.2,0.9700838293596392,-0.00011157466657742502,-0.9701954040262166
3423087.7,0.9699268988853431,-0.00011310058859564596,-0.9700399994739387
3462775.1,0.9697663519437508,-0.0001146582231016337,-0.9698810101668525
3502922.6,0.9696021063826272,-0.00011624814208293736,-0.9697183545247101
3543535.6,0.9694340782321221,-0.00011787092396729785,-0.9695519491560894
3584619.4,0.9692621816670001,-0.00011952715351291917,-0.969381708820513
3626179.6,0.9690863289681985,-0.00012121742168646552,-0.9692075463898849
3668221.6,0.9689064304837055,-0.00012294232553108808,-0.9690293728092366
3710751.1,0.9687223945887549,-0.0001247024680213766,-0.9688470970567763
3753773.7,0.9685341276453304,-0.00012649845790754257,-0.968660626103238
3797295,0.9683415339609738,-0.00012833090954611945,-0.9684698648705199
3841321,0.9681445157468945,-0.00013020044271788066,-0.9682747161896124
3885857.4,0.9679429730753701,-0.00013210768243223612,-0.9680750807578024
3930910.1,0.9677368038364401,-0.0001340532587186332,-0.9678708570951587
3976485.2,0.967525903693885,-0.0001360378064018266,-0.9676619415002868
4022588.7,0.9673101660404865,-0.00013806196486456369,-0.967448228005351
4069226.7,0.96708948195257,-0.00014012637779321476,-0.9672296083303633
4116405.5,0.9668637401438214,-0.0001422316929091672,-0.9670059718367305
4164131.2,0.9666328269183819,-0.0001443785616832625,-0.9667772054800652
4212410.3,0.9663966261232143,-0.00014656763903405897,-0.9665431937622484
4261249.1,0.9661550190997413,-0.000148799583009676,-0.9663038186827511
4310654.1,0.9659078846347624,-0.00015107505445157828,-0.966058959689214
4360632,0.9656550989106351,-0.00015339471664098923,-0.965808493627276
4411189.3,0.9653965354547391,-0.00015575923492728257,-0.9655522946896664
4462332.8,0.9651320650882123,-0.00015816927633787882,-0.9652902343645501
4514069.2,0.9648615558739688,-0.00016062550916913076,-0.965022181383138
4566405.4,0.9645848730639993,-0.00016312860255819067,-0.9647480016665575
4619348.5,0.9643018790459603,-0.00016567922603511194,-0.9644675582719955
4672905.3,0.964012433289058,-0.0001682780490552571,-0.9641807113381132
4727083.1,0.9637163922892317,-0.00017092574051198468,-0.9638873180297437
4781889.1,0.9634136095136474,-0.000173622968228207,-0.9635872324818756
4837330.5,0.9631039353445077,-0.0001763703984272459,-0.9632803057429349
4893414.6,0.9627872170221915,-0.00017916869518393207,-0.9629663857173755
4950149,0.9624632985877333,-0.000182018519853638,-0.9626453171075869
5007541.2,0.9621320208246524,-0.0001849205304801247,-0.9623169413551326
5065598.8,0.9617932212001543,-0.0001878753811830847,-0.9619810965813373
5124329.5,0.9614467338057098,-0.00019088372152279397,-0.9616376175272325
5183741.1,0.9610923892970372,-0.00019394619584504736,-0.9612863354928822
5243841.6,0.9607300148335051,-0.000197063442603008,-0.9609270782761081
5304638.8,0.9603594340169712,-0.00020023609365953565,-0.9605596701106307
5366141,0.9599804668300908,-0.0002034647735665182,-0.9601839316036572
5428356.2,0.9595929295741056,-0.000206750098824332,-0.9597996796729299
5491292.7,0.9591966348061519,-0.00021009267712027057,-0.9594067274832722
5554958.9,0.9587913912761087,-0.0002134931065458781,-0.9590048843826545
5619363.3,0.9583770038630223,-0.0002169519747947628,-0.958593955837817
5684514.3,0.9579532735111338,-0.0002204698583398638,-0.9581737433694737
5750420.8,0.9575199971655528,-0.00022404732159214463,-0.9577440444871449
5817091.3,0.9570769677076076,-0.00022768491603986467,-0.9573046526236475
5884534.9,0.9566239738899204,-0.00023138317936967934,-0.95685535706929
5952760.3,0.9561608002712416,-0.00023514263457046804,-0.9563959429058121
6021776.8,0.9556872271510997,-0.00023896378902026768,-0.9559261909401199
6091593.5,0.9552030305043048,-0.000242847133557015,-0.9554458776378618
6162219.6,0.9547079819153693,-0.00024679314153428216,-0.9549547750569036
6233664.6,0.9542018485128898,-0.00025080226786380866,-0.9544526507807536
6305937.9,0.9536843929039573,-0.0002548749480436394,-0.953939267852001
6379049.1,0.9531553731086534,-0.00025901159717544263,-0.9534143847058288
6453008,0.9526145424947005,-0.0002632126089709797,-0.9528777551036715
6527824.4,0.9520616497123301,-0.0002674783547496329,-0.9523291280670797
6603508.2,0.9514964386294511,-0.00027180918242756283,-0.9517682478118786
6680069.4,0.9509186482671875,-0.0002762054155012666,-0.9511948536826887
6757518.4,0.9503280127358668,-0.00028066735202588806,-0.9506086800878927
6835865.2,0.9497242611715526,-0.0002851952635912962,-0.9500094564351439
6915120.5,0.9491071176731999,-0.00028978939429631715,-0.9493969070674962
6995294.6,0.9484763012405365,-0.00029444995972365516,-0.9487707512002601
7076398.2,0.9478315257127642,-0.00029917714591807523,-0.9481307028586823
7158442.2,0.9471724997081854,-0.0003039711083692063,-0.9474764708165546
7241437.4,0.9464989265648676,-0.0003088319710000903,-0.9468077585358676
7325394.9,0.9458105042824487,-0.0003137598251662073,-0.946124264107615
7410325.7,0.9451069254652177,-0.00031875472866493425,-0.9454256801938826
7496241.2,0.9443878772665834,-0.00032381670475919067,-0.9447116939713426
7583152.9,0.943653041335066,-0.0003289457412162379,-0.9439819870762822
7671072.2,0.9429020937619483,-0.0003341417893664583,-0.9432362355513148
7760010.8,0.9421347050307277,-0.0003394047631814402,-0.9424741097939091
7849980.6,0.9413505399685156,-0.0003447345383780653,-0.9416952745068936
7940993.6,0.9405492576995396,-0.0003501309515463576,-0.9408993886510859
8033061.7,0.9397305116009118,-0.0003555937993081214,-0.94008610540022
8126197.2,0.9388939492608234,-0.00036112283750685886,-0.9392550720983303
8220412.6,0.9380392124393456,-0.00036671778043167037,-0.9384059302197773
8315720.3,0.9371659370320146,-0.0003723783000791167,-0.9375383153320936
8412133,0.9362737530363879,-0.000378104025453966,-0.936651857061842
8509663.6,0.9353622845217643,-0.0003838945419140915,-0.9357461790636784
8608324.9,0.9344311496022746,-0.00038974939055912004,-0.9348208989928337
8708130,0.9334799604135442,-0.0003956680676684922,-0.9338756284812126
8809092.4,0.9325083230931464,-0.00040165002418965953,-0.932909973117336
8911225.3,0.9315158377650739,-0.0004076946652804524,-0.9319235324303543
9014542.3,0.9305020985284476,-0.00041380134990652676,-0.9309158998783541
9119057.1,0.9294666934507163,-0.000419969390497569,-0.9298866628412139
9224783.8,0.9284092045655759,-0.0004261980526656395,-0.9288354026182415
9331736.2,0.9273292078758743,-0.00043248655498506083,-0.9277616944308593
9439928.6,0.9262262733617584,-0.00043883406883903975,-0.9266651074305975
9549375.5,0.9250999649943257,-0.00044523971833411577,-0.9255452047126598
9660091.2,0.9239498407550663,-0.0004517025802825854,-0.9244015433353489
9772090.6,0.9227754526613693,-0.0004582216842592238,-0.9232336743456285
9885388.5,0.9215763467983891,-0.0004647960127289709,-0.922041142811118
10000000,0.9203520633575701,-0.0004714245012502009,-0.9208234878588203
