case_id,split,seed,turns,voltage_v,velocity_um_s,correct_fraction,live_recovery,dead_removal,live_purity,dead_outlet_purity,wall_loss,live_lost,dead_lost
turns_3.5_voltage_7_velocity_800um_s,design,7,3.5,7.0,800.0,0.3972222222222222,0.2,0.5944444444444444,0.3870967741935484,0.5721925133689839,0.2222222222222222,64,16
turns_3.5_voltage_7_velocity_800um_s,design,11,3.5,7.0,800.0,0.37777777777777777,0.19444444444444445,0.5611111111111111,0.35353535353535354,0.505,0.16944444444444445,46,15
turns_3.5_voltage_7_velocity_800um_s,design,13,3.5,7.0,800.0,0.39444444444444443,0.2222222222222222,0.5666666666666667,0.36036036036036034,0.5340314136125655,0.16111111111111112,51,7
turns_3.5_voltage_7_velocity_800um_s,validation,101,3.5,7.0,800.0,0.39444444444444443,0.22777777777777777,0.5611111111111111,0.37962962962962965,0.5459459459459459,0.18611111111111112,55,12
turns_3.5_voltage_7_velocity_800um_s,validation,103,3.5,7.0,800.0,0.35833333333333334,0.2388888888888889,0.4777777777777778,0.344,0.5088757396449705,0.18333333333333332,54,12
turns_3.5_voltage_7_velocity_800um_s,validation,107,3.5,7.0,800.0,0.3611111111111111,0.14444444444444443,0.5777777777777777,0.28888888888888886,0.5098039215686274,0.18333333333333332,54,12
turns_3.5_voltage_7_velocity_1200um_s,design,7,3.5,7.0,1200.0,0.4027777777777778,0.2388888888888889,0.5666666666666667,0.39090909090909093,0.5368421052631579,0.16666666666666666,49,11
turns_3.5_voltage_7_velocity_1200um_s,design,11,3.5,7.0,1200.0,0.4,0.23333333333333334,0.5666666666666667,0.37168141592920356,0.5204081632653061,0.14166666666666666,44,7
turns_3.5_voltage_7_velocity_1200um_s,design,13,3.5,7.0,1200.0,0.4083333333333333,0.25,0.5666666666666667,0.4017857142857143,0.5151515151515151,0.1388888888888889,39,11
turns_3.5_voltage_7_velocity_1200um_s,validation,101,3.5,7.0,1200.0,0.4222222222222222,0.2722222222222222,0.5722222222222222,0.4188034188034188,0.5175879396984925,0.12222222222222222,35,9
turns_3.5_voltage_7_velocity_1200um_s,validation,103,3.5,7.0,1200.0,0.4166666666666667,0.2388888888888889,0.5944444444444444,0.40186915887850466,0.5119617224880383,0.12222222222222222,35,9
turns_3.5_voltage_7_velocity_1200um_s,validation,107,3.5,7.0,1200.0,0.4222222222222222,0.2222222222222222,0.6222222222222222,0.40404040404040403,0.5384615384615384,0.14722222222222223,44,9
turns_3.5_voltage_7_velocity_1800um_s,design,7,3.5,7.0,1800.0,0.4222222222222222,0.25,0.5944444444444444,0.4166666666666667,0.5219512195121951,0.13055555555555556,37,10
turns_3.5_voltage_7_velocity_1800um_s,design,11,3.5,7.0,1800.0,0.4305555555555556,0.25,0.6111111111111112,0.41284403669724773,0.5116279069767442,0.1,30,6
turns_3.5_voltage_7_velocity_1800um_s,design,13,3.5,7.0,1800.0,0.43333333333333335,0.26666666666666666,0.6,0.42105263157894735,0.5192307692307693,0.10555555555555556,32,6
turns_3.5_voltage_7_velocity_1800um_s,validation,101,3.5,7.0,1800.0,0.41388888888888886,0.2777777777777778,0.55,0.42016806722689076,0.5238095238095238,0.14444444444444443,40,12
turns_3.5_voltage_7_velocity_1800um_s,validation,103,3.5,7.0,1800.0,0.42777777777777776,0.24444444444444444,0.6111111111111112,0.4074074074074074,0.5365853658536586,0.13055555555555556,41,6
turns_3.5_voltage_7_velocity_1800um_s,validation,107,3.5,7.0,1800.0,0.4638888888888889,0.31666666666666665,0.6111111111111112,0.4789915966386555,0.5445544554455446,0.10833333333333334,31,8
turns_3.5_voltage_7_velocity_2600um_s,design,7,3.5,7.0,2600.0,0.49722222222222223,0.37222222222222223,0.6222222222222222,0.5491803278688525,0.5283018867924528,0.07222222222222222,13,13
turns_3.5_voltage_7_velocity_2600um_s,design,11,3.5,7.0,2600.0,0.4222222222222222,0.26666666666666666,0.5777777777777777,0.44036697247706424,0.49523809523809526,0.11388888888888889,26,15
turns_3.5_voltage_7_velocity_2600um_s,design,13,3.5,7.0,2600.0,0.4305555555555556,0.3111111111111111,0.55,0.4409448818897638,0.5103092783505154,0.10833333333333334,29,10
turns_3.5_voltage_7_velocity_2600um_s,validation,101,3.5,7.0,2600.0,0.4361111111111111,0.26666666666666666,0.6055555555555555,0.43636363636363634,0.5093457943925234,0.1,27,9
turns_3.5_voltage_7_velocity_2600um_s,validation,103,3.5,7.0,2600.0,0.48333333333333334,0.37222222222222223,0.5944444444444444,0.5193798449612403,0.5431472081218274,0.09444444444444444,23,11
turns_3.5_voltage_7_velocity_2600um_s,validation,107,3.5,7.0,2600.0,0.4583333333333333,0.32222222222222224,0.5944444444444444,0.48739495798319327,0.5245098039215687,0.10277777777777777,25,12
turns_3.5_voltage_9_velocity_800um_s,design,7,3.5,9.0,800.0,0.36944444444444446,0.18888888888888888,0.55,0.33663366336633666,0.5823529411764706,0.24722222222222223,75,14
turns_3.5_voltage_9_velocity_800um_s,design,11,3.5,9.0,800.0,0.36944444444444446,0.16111111111111112,0.5777777777777777,0.30526315789473685,0.5473684210526316,0.20833333333333334,65,10
turns_3.5_voltage_9_velocity_800um_s,design,13,3.5,9.0,800.0,0.375,0.14444444444444443,0.6055555555555555,0.30952380952380953,0.5532994923857868,0.21944444444444444,66,13
turns_3.5_voltage_9_velocity_800um_s,validation,101,3.5,9.0,800.0,0.2833333333333333,0.1111111111111111,0.45555555555555555,0.2222222222222222,0.5256410256410257,0.31666666666666665,86,28
turns_3.5_voltage_9_velocity_800um_s,validation,103,3.5,9.0,800.0,0.3638888888888889,0.15555555555555556,0.5722222222222222,0.3146067415730337,0.544973544973545,0.22777777777777777,66,16
turns_3.5_voltage_9_velocity_800um_s,validation,107,3.5,9.0,800.0,0.3611111111111111,0.14444444444444443,0.5777777777777777,0.3333333333333333,0.5875706214689266,0.2916666666666667,81,24
turns_3.5_voltage_9_velocity_1200um_s,design,7,3.5,9.0,1200.0,0.37777777777777777,0.17222222222222222,0.5833333333333334,0.3229166666666667,0.5303030303030303,0.18333333333333332,56,10
turns_3.5_voltage_9_velocity_1200um_s,design,11,3.5,9.0,1200.0,0.36666666666666664,0.16666666666666666,0.5666666666666667,0.32608695652173914,0.5604395604395604,0.2388888888888889,70,16
turns_3.5_voltage_9_velocity_1200um_s,design,13,3.5,9.0,1200.0,0.38055555555555554,0.17777777777777778,0.5833333333333334,0.32989690721649484,0.5412371134020618,0.19166666666666668,59,10
turns_3.5_voltage_9_velocity_1200um_s,validation,101,3.5,9.0,1200.0,0.3638888888888889,0.18888888888888888,0.5388888888888889,0.33663366336633666,0.5243243243243243,0.20555555555555555,58,16
turns_3.5_voltage_9_velocity_1200um_s,validation,103,3.5,9.0,1200.0,0.3888888888888889,0.18888888888888888,0.5888888888888889,0.35051546391752575,0.5698924731182796,0.21388888888888888,66,11
turns_3.5_voltage_9_velocity_1200um_s,validation,107,3.5,9.0,1200.0,0.3888888888888889,0.20555555555555555,0.5722222222222222,0.3627450980392157,0.544973544973545,0.19166666666666668,57,12
turns_3.5_voltage_9_velocity_1800um_s,design,7,3.5,9.0,1800.0,0.3972222222222222,0.2222222222222222,0.5722222222222222,0.4,0.5202020202020202,0.17222222222222222,45,17
turns_3.5_voltage_9_velocity_1800um_s,design,11,3.5,9.0,1800.0,0.44166666666666665,0.2611111111111111,0.6222222222222222,0.4351851851851852,0.5714285714285714,0.15555555555555556,49,7
turns_3.5_voltage_9_velocity_1800um_s,design,13,3.5,9.0,1800.0,0.39166666666666666,0.2,0.5833333333333334,0.36,0.5172413793103449,0.15833333333333333,46,11
turns_3.5_voltage_9_velocity_1800um_s,validation,101,3.5,9.0,1800.0,0.41388888888888886,0.2,0.6277777777777778,0.391304347826087,0.5305164319248826,0.1527777777777778,44,11
turns_3.5_voltage_9_velocity_1800um_s,validation,103,3.5,9.0,1800.0,0.4305555555555556,0.23333333333333334,0.6277777777777778,0.4158415841584158,0.5678391959798995,0.16666666666666666,52,8
turns_3.5_voltage_9_velocity_1800um_s,validation,107,3.5,9.0,1800.0,0.39166666666666666,0.2388888888888889,0.5444444444444444,0.38392857142857145,0.5130890052356021,0.15833333333333333,44,13
turns_3.5_voltage_9_velocity_2600um_s,design,7,3.5,9.0,2600.0,0.45,0.3,0.6,0.46956521739130436,0.5482233502538071,0.13333333333333333,37,11
turns_3.5_voltage_9_velocity_2600um_s,design,11,3.5,9.0,2600.0,0.4083333333333333,0.3277777777777778,0.4888888888888889,0.44696969696969696,0.4861878453038674,0.13055555555555556,28,19
turns_3.5_voltage_9_velocity_2600um_s,design,13,3.5,9.0,2600.0,0.43333333333333335,0.25555555555555554,0.6111111111111112,0.45098039215686275,0.5583756345177665,0.16944444444444445,47,14
turns_3.5_voltage_9_velocity_2600um_s,validation,101,3.5,9.0,2600.0,0.43333333333333335,0.2722222222222222,0.5944444444444444,0.45794392523364486,0.5323383084577115,0.14444444444444443,37,15
turns_3.5_voltage_9_velocity_2600um_s,validation,103,3.5,9.0,2600.0,0.40555555555555556,0.2611111111111111,0.55,0.3949579831932773,0.5129533678756477,0.13333333333333333,39,9
turns_3.5_voltage_9_velocity_2600um_s,validation,107,3.5,9.0,2600.0,0.44166666666666665,0.2777777777777778,0.6055555555555555,0.45454545454545453,0.5317073170731708,0.125,34,11
turns_3.5_voltage_11_velocity_800um_s,design,7,3.5,11.0,800.0,0.3388888888888889,0.09444444444444444,0.5833333333333334,0.24285714285714285,0.5898876404494382,0.3111111111111111,90,22
turns_3.5_voltage_11_velocity_800um_s,design,11,3.5,11.0,800.0,0.3277777777777778,0.1111111111111111,0.5444444444444444,0.22988505747126436,0.5975609756097561,0.30277777777777776,94,15
turns_3.5_voltage_11_velocity_800um_s,design,13,3.5,11.0,800.0,0.325,0.07777777777777778,0.5722222222222222,0.19444444444444445,0.5885714285714285,0.3138888888888889,94,19
turns_3.5_voltage_11_velocity_800um_s,validation,101,3.5,11.0,800.0,0.36944444444444446,0.14444444444444443,0.5944444444444444,0.30952380952380953,0.6079545454545454,0.2777777777777778,85,15
turns_3.5_voltage_11_velocity_800um_s,validation,103,3.5,11.0,800.0,0.3194444444444444,0.15555555555555556,0.48333333333333334,0.27184466019417475,0.564935064935065,0.2861111111111111,85,18
turns_3.5_voltage_11_velocity_800um_s,validation,107,3.5,11.0,800.0,0.3194444444444444,0.1388888888888889,0.5,0.25510204081632654,0.5487804878048781,0.2722222222222222,81,17
turns_3.5_voltage_11_velocity_1200um_s,design,7,3.5,11.0,1200.0,0.32222222222222224,0.12777777777777777,0.5166666666666667,0.24210526315789474,0.5314285714285715,0.25,75,15
turns_3.5_voltage_11_velocity_1200um_s,design,11,3.5,11.0,1200.0,0.3638888888888889,0.15555555555555556,0.5722222222222222,0.3218390804597701,0.5628415300546448,0.25,72,18
turns_3.5_voltage_11_velocity_1200um_s,design,13,3.5,11.0,1200.0,0.38055555555555554,0.15555555555555556,0.6055555555555555,0.3111111111111111,0.5797872340425532,0.22777777777777777,73,9
turns_3.5_voltage_11_velocity_1200um_s,validation,101,3.5,11.0,1200.0,0.3472222222222222,0.12222222222222222,0.5722222222222222,0.275,0.5421052631578948,0.25,71,19
turns_3.5_voltage_11_velocity_1200um_s,validation,103,3.5,11.0,1200.0,0.35833333333333334,0.16666666666666666,0.55,0.3,0.5409836065573771,0.21388888888888888,66,11
turns_3.5_voltage_11_velocity_1200um_s,validation,107,3.5,11.0,1200.0,0.4,0.18333333333333332,0.6166666666666667,0.3793103448275862,0.5873015873015873,0.23333333333333334,69,15
turns_3.5_voltage_11_velocity_1800um_s,design,7,3.5,11.0,1800.0,0.40555555555555556,0.17777777777777778,0.6333333333333333,0.35555555555555557,0.5480769230769231,0.17222222222222222,54,8
turns_3.5_voltage_11_velocity_1800um_s,design,11,3.5,11.0,1800.0,0.3888888888888889,0.21666666666666667,0.5611111111111111,0.37142857142857144,0.5372340425531915,0.18611111111111112,54,13
turns_3.5_voltage_11_velocity_1800um_s,design,13,3.5,11.0,1800.0,0.40555555555555556,0.17222222222222222,0.6388888888888888,0.36046511627906974,0.539906103286385,0.16944444444444445,51,10
turns_3.5_voltage_11_velocity_1800um_s,validation,101,3.5,11.0,1800.0,0.4027777777777778,0.20555555555555555,0.6,0.3894736842105263,0.5654450261780105,0.20555555555555555,60,14
turns_3.5_voltage_11_velocity_1800um_s,validation,103,3.5,11.0,1800.0,0.38055555555555554,0.2222222222222222,0.5388888888888889,0.37037037037037035,0.5480225988700564,0.20833333333333334,60,15
turns_3.5_voltage_11_velocity_1800um_s,validation,107,3.5,11.0,1800.0,0.3861111111111111,0.20555555555555555,0.5666666666666667,0.39361702127659576,0.5396825396825397,0.21388888888888888,56,21
turns_3.5_voltage_11_velocity_2600um_s,design,7,3.5,11.0,2600.0,0.38333333333333336,0.18333333333333332,0.5833333333333334,0.3473684210526316,0.4838709677419355,0.13333333333333333,35,13
turns_3.5_voltage_11_velocity_2600um_s,design,11,3.5,11.0,2600.0,0.39444444444444443,0.21666666666666667,0.5722222222222222,0.3786407766990291,0.5175879396984925,0.16111111111111112,45,13
turns_3.5_voltage_11_velocity_2600um_s,design,13,3.5,11.0,2600.0,0.3527777777777778,0.20555555555555555,0.5,0.34579439252336447,0.4787234042553192,0.18055555555555555,45,20
turns_3.5_voltage_11_velocity_2600um_s,validation,101,3.5,11.0,2600.0,0.3611111111111111,0.18333333333333332,0.5388888888888889,0.336734693877551,0.5187165775401069,0.20833333333333334,57,18
turns_3.5_voltage_11_velocity_2600um_s,validation,103,3.5,11.0,2600.0,0.3861111111111111,0.2388888888888889,0.5333333333333333,0.3944954128440367,0.518918918918919,0.18333333333333332,48,18
turns_3.5_voltage_11_velocity_2600um_s,validation,107,3.5,11.0,2600.0,0.38333333333333336,0.19444444444444445,0.5722222222222222,0.33980582524271846,0.5099009900990099,0.1527777777777778,46,9
turns_3.5_voltage_13_velocity_800um_s,design,7,3.5,13.0,800.0,0.3333333333333333,0.1111111111111111,0.5555555555555556,0.25316455696202533,0.684931506849315,0.375,114,21
turns_3.5_voltage_13_velocity_800um_s,design,11,3.5,13.0,800.0,0.32222222222222224,0.07777777777777778,0.5666666666666667,0.175,0.6415094339622641,0.33611111111111114,109,12
turns_3.5_voltage_13_velocity_800um_s,design,13,3.5,13.0,800.0,0.3388888888888889,0.10555555555555556,0.5722222222222222,0.24675324675324675,0.6358024691358025,0.33611111111111114,102,19
turns_3.5_voltage_13_velocity_800um_s,validation,101,3.5,13.0,800.0,0.3472222222222222,0.12777777777777777,0.5666666666666667,0.2839506172839506,0.6455696202531646,0.33611111111111114,101,20
turns_3.5_voltage_13_velocity_800um_s,validation,103,3.5,13.0,800.0,0.3527777777777778,0.11666666666666667,0.5888888888888889,0.2625,0.6424242424242425,0.3194444444444444,100,15
turns_3.5_voltage_13_velocity_800um_s,validation,107,3.5,13.0,800.0,0.2638888888888889,0.08333333333333333,0.4444444444444444,0.1595744680851064,0.6349206349206349,0.3888888888888889,119,21
turns_3.5_voltage_13_velocity_1200um_s,design,7,3.5,13.0,1200.0,0.37777777777777777,0.16666666666666666,0.5888888888888889,0.3225806451612903,0.5988700564971752,0.25,79,11
turns_3.5_voltage_13_velocity_1200um_s,design,11,3.5,13.0,1200.0,0.33611111111111114,0.13333333333333333,0.5388888888888889,0.2553191489361702,0.5574712643678161,0.25555555555555554,79,13
turns_3.5_voltage_13_velocity_1200um_s,design,13,3.5,13.0,1200.0,0.31666666666666665,0.13333333333333333,0.5,0.24,0.6164383561643836,0.31666666666666665,100,14
turns_3.5_voltage_13_velocity_1200um_s,validation,101,3.5,13.0,1200.0,0.3527777777777778,0.1111111111111111,0.5944444444444444,0.25316455696202533,0.6294117647058823,0.30833333333333335,97,14
turns_3.5_voltage_13_velocity_1200um_s,validation,103,3.5,13.0,1200.0,0.325,0.1388888888888889,0.5111111111111111,0.27472527472527475,0.5935483870967742,0.31666666666666665,92,22
turns_3.5_voltage_13_velocity_1200um_s,validation,107,3.5,13.0,1200.0,0.3333333333333333,0.12777777777777777,0.5388888888888889,0.25555555555555554,0.5511363636363636,0.2611111111111111,78,16
turns_3.5_voltage_13_velocity_1800um_s,design,7,3.5,13.0,1800.0,0.3611111111111111,0.17777777777777778,0.5444444444444444,0.32,0.5664739884393064,0.24166666666666667,73,14
turns_3.5_voltage_13_velocity_1800um_s,design,11,3.5,13.0,1800.0,0.375,0.17777777777777778,0.5722222222222222,0.3333333333333333,0.5852272727272727,0.24444444444444444,75,13
turns_3.5_voltage_13_velocity_1800um_s,design,13,3.5,13.0,1800.0,0.37222222222222223,0.17222222222222222,0.5722222222222222,0.31958762886597936,0.569060773480663,0.22777777777777777,71,11
turns_3.5_voltage_13_velocity_1800um_s,validation,101,3.5,13.0,1800.0,0.40555555555555556,0.2111111111111111,0.6,0.3838383838383838,0.5567010309278351,0.18611111111111112,56,11
turns_3.5_voltage_13_velocity_1800um_s,validation,103,3.5,13.0,1800.0,0.3333333333333333,0.09444444444444444,0.5722222222222222,0.21794871794871795,0.5124378109452736,0.225,65,16
turns_3.5_voltage_13_velocity_1800um_s,validation,107,3.5,13.0,1800.0,0.3611111111111111,0.11666666666666667,0.6055555555555555,0.25925925925925924,0.5767195767195767,0.25,79,11
turns_3.5_voltage_13_velocity_2600um_s,design,7,3.5,13.0,2600.0,0.36944444444444446,0.15555555555555556,0.5833333333333334,0.32558139534883723,0.5440414507772021,0.225,64,17
turns_3.5_voltage_13_velocity_2600um_s,design,11,3.5,13.0,2600.0,0.39444444444444443,0.2,0.5888888888888889,0.4,0.5608465608465608,0.225,61,20
turns_3.5_voltage_13_velocity_2600um_s,design,13,3.5,13.0,2600.0,0.36666666666666664,0.14444444444444443,0.5888888888888889,0.29545454545454547,0.5247524752475248,0.19444444444444445,58,12
turns_3.5_voltage_13_velocity_2600um_s,validation,101,3.5,13.0,2600.0,0.3888888888888889,0.2,0.5777777777777777,0.36,0.5591397849462365,0.20555555555555555,62,12
turns_3.5_voltage_13_velocity_2600um_s,validation,103,3.5,13.0,2600.0,0.3888888888888889,0.16111111111111112,0.6166666666666667,0.32954545454545453,0.5577889447236181,0.20277777777777778,63,10
turns_3.5_voltage_13_velocity_2600um_s,validation,107,3.5,13.0,2600.0,0.39444444444444443,0.18888888888888888,0.6,0.3655913978494624,0.5538461538461539,0.2,59,13
turns_4.5_voltage_7_velocity_800um_s,design,7,4.5,7.0,800.0,0.3416666666666667,0.17222222222222222,0.5111111111111111,0.31313131313131315,0.5257142857142857,0.2388888888888889,66,20
turns_4.5_voltage_7_velocity_800um_s,design,11,4.5,7.0,800.0,0.3333333333333333,0.14444444444444443,0.5222222222222223,0.26262626262626265,0.5193370165745856,0.2222222222222222,67,13
turns_4.5_voltage_7_velocity_800um_s,design,13,4.5,7.0,800.0,0.39166666666666666,0.18333333333333332,0.6,0.36666666666666664,0.5806451612903226,0.23333333333333334,69,15
turns_4.5_voltage_7_velocity_800um_s,validation,101,4.5,7.0,800.0,0.36944444444444446,0.16666666666666666,0.5722222222222222,0.35714285714285715,0.544973544973545,0.24166666666666667,64,23
turns_4.5_voltage_7_velocity_800um_s,validation,103,4.5,7.0,800.0,0.34444444444444444,0.12777777777777777,0.5611111111111111,0.26744186046511625,0.5343915343915344,0.2361111111111111,69,16
turns_4.5_voltage_7_velocity_800um_s,validation,107,4.5,7.0,800.0,0.3638888888888889,0.2,0.5277777777777778,0.34615384615384615,0.5654761904761905,0.24444444444444444,71,17
turns_4.5_voltage_7_velocity_1200um_s,design,7,4.5,7.0,1200.0,0.4111111111111111,0.2611111111111111,0.5611111111111111,0.4392523364485981,0.5771428571428572,0.21666666666666667,59,19
turns_4.5_voltage_7_velocity_1200um_s,design,11,4.5,7.0,1200.0,0.3972222222222222,0.20555555555555555,0.5888888888888889,0.37373737373737376,0.5221674876847291,0.16111111111111112,46,12
turns_4.5_voltage_7_velocity_1200um_s,design,13,4.5,7.0,1200.0,0.36666666666666664,0.17222222222222222,0.5611111111111111,0.31958762886597936,0.48325358851674644,0.15,41,13
turns_4.5_voltage_7_velocity_1200um_s,validation,101,4.5,7.0,1200.0,0.3972222222222222,0.25,0.5444444444444444,0.4017857142857143,0.532608695652174,0.17777777777777778,49,15
turns_4.5_voltage_7_velocity_1200um_s,validation,103,4.5,7.0,1200.0,0.36944444444444446,0.18333333333333332,0.5555555555555556,0.3235294117647059,0.5263157894736842,0.18888888888888888,57,11
turns_4.5_voltage_7_velocity_1200um_s,validation,107,4.5,7.0,1200.0,0.38055555555555554,0.17222222222222222,0.5888888888888889,0.33695652173913043,0.53,0.18888888888888888,55,13
turns_4.5_voltage_7_velocity_1800um_s,design,7,4.5,7.0,1800.0,0.425,0.21666666666666667,0.6333333333333333,0.40625,0.5454545454545454,0.1527777777777778,46,9
turns_4.5_voltage_7_velocity_1800um_s,design,11,4.5,7.0,1800.0,0.38333333333333336,0.2111111111111111,0.5555555555555556,0.36893203883495146,0.5025125628140703,0.16111111111111112,43,15
turns_4.5_voltage_7_velocity_1800um_s,design,13,4.5,7.0,1800.0,0.4083333333333333,0.2722222222222222,0.5444444444444444,0.44954128440366975,0.5384615384615384,0.19166666666666668,47,22
turns_4.5_voltage_7_velocity_1800um_s,validation,101,4.5,7.0,1800.0,0.4166666666666667,0.2388888888888889,0.5944444444444444,0.4215686274509804,0.5245098039215687,0.15,40,14
turns_4.5_voltage_7_velocity_1800um_s,validation,103,4.5,7.0,1800.0,0.4361111111111111,0.2611111111111111,0.6111111111111112,0.4895833333333333,0.5555555555555556,0.18333333333333332,45,21
turns_4.5_voltage_7_velocity_1800um_s,validation,107,4.5,7.0,1800.0,0.41944444444444445,0.25,0.5888888888888889,0.4368932038834951,0.5047619047619047,0.13055555555555556,31,16
turns_4.5_voltage_7_velocity_2600um_s,design,7,4.5,7.0,2600.0,0.4361111111111111,0.32222222222222224,0.55,0.47540983606557374,0.526595744680851,0.1388888888888889,33,17
turns_4.5_voltage_7_velocity_2600um_s,design,11,4.5,7.0,2600.0,0.4222222222222222,0.26666666666666666,0.5777777777777777,0.4528301886792453,0.4928909952606635,0.11944444444444445,25,18
turns_4.5_voltage_7_velocity_2600um_s,design,13,4.5,7.0,2600.0,0.4777777777777778,0.35555555555555557,0.6,0.5289256198347108,0.5510204081632653,0.11944444444444445,28,15
turns_4.5_voltage_7_velocity_2600um_s,validation,101,4.5,7.0,2600.0,0.4361111111111111,0.28888888888888886,0.5833333333333334,0.48148148148148145,0.525,0.14444444444444443,33,19
turns_4.5_voltage_7_velocity_2600um_s,validation,103,4.5,7.0,2600.0,0.44722222222222224,0.3055555555555556,0.5888888888888889,0.4824561403508772,0.5326633165829145,0.13055555555555556,32,15
turns_4.5_voltage_7_velocity_2600um_s,validation,107,4.5,7.0,2600.0,0.45,0.3333333333333333,0.5666666666666667,0.5128205128205128,0.5483870967741935,0.15833333333333333,36,21
turns_4.5_voltage_9_velocity_800um_s,design,7,4.5,9.0,800.0,0.3416666666666667,0.1111111111111111,0.5722222222222222,0.25,0.5953757225433526,0.2972222222222222,90,17
turns_4.5_voltage_9_velocity_800um_s,design,11,4.5,9.0,800.0,0.3277777777777778,0.13333333333333333,0.5222222222222223,0.25806451612903225,0.5662650602409639,0.28055555555555556,84,17
turns_4.5_voltage_9_velocity_800um_s,design,13,4.5,9.0,800.0,0.3388888888888889,0.08333333333333333,0.5944444444444444,0.21428571428571427,0.5815217391304348,0.29444444444444445,88,18
turns_4.5_voltage_9_velocity_800um_s,validation,101,4.5,9.0,800.0,0.31666666666666665,0.1111111111111111,0.5222222222222223,0.24096385542168675,0.5838509316770186,0.32222222222222224,93,23
turns_4.5_voltage_9_velocity_800um_s,validation,103,4.5,9.0,800.0,0.3277777777777778,0.10555555555555556,0.55,0.2602739726027397,0.6,0.3388888888888889,95,27
turns_4.5_voltage_9_velocity_800um_s,validation,107,4.5,9.0,800.0,0.3388888888888889,0.12222222222222222,0.5555555555555556,0.27848101265822783,0.5617977528089888,0.2861111111111111,80,23
turns_4.5_voltage_9_velocity_1200um_s,design,7,4.5,9.0,1200.0,0.37777777777777777,0.18333333333333332,0.5722222222222222,0.3473684210526316,0.5722222222222222,0.2361111111111111,70,15
turns_4.5_voltage_9_velocity_1200um_s,design,11,4.5,9.0,1200.0,0.3861111111111111,0.16666666666666666,0.6055555555555555,0.36585365853658536,0.5736842105263158,0.24444444444444444,69,19
turns_4.5_voltage_9_velocity_1200um_s,design,13,4.5,9.0,1200.0,0.33055555555555555,0.1,0.5611111111111111,0.2222222222222222,0.5459459459459459,0.2611111111111111,78,16
turns_4.5_voltage_9_velocity_1200um_s,validation,101,4.5,9.0,1200.0,0.38333333333333336,0.16111111111111112,0.6055555555555555,0.35802469135802467,0.5677083333333334,0.24166666666666667,68,19
turns_4.5_voltage_9_velocity_1200um_s,validation,103,4.5,9.0,1200.0,0.38055555555555554,0.15555555555555556,0.6055555555555555,0.32941176470588235,0.5647668393782384,0.22777777777777777,68,14
turns_4.5_voltage_9_velocity_1200um_s,validation,107,4.5,9.0,1200.0,0.3861111111111111,0.20555555555555555,0.5666666666666667,0.37,0.5396825396825397,0.19722222222222222,56,15
turns_4.5_voltage_9_velocity_1800um_s,design,7,4.5,9.0,1800.0,0.35833333333333334,0.23333333333333334,0.48333333333333334,0.3888888888888889,0.5117647058823529,0.22777777777777777,55,27
turns_4.5_voltage_9_velocity_1800um_s,design,11,4.5,9.0,1800.0,0.4111111111111111,0.21666666666666667,0.6055555555555555,0.41935483870967744,0.5706806282722513,0.2111111111111111,59,17
turns_4.5_voltage_9_velocity_1800um_s,design,13,4.5,9.0,1800.0,0.36666666666666664,0.16666666666666666,0.5666666666666667,0.32967032967032966,0.5284974093264249,0.2111111111111111,59,17
turns_4.5_voltage_9_velocity_1800um_s,validation,101,4.5,9.0,1800.0,0.3888888888888889,0.18333333333333332,0.5944444444444444,0.38372093023255816,0.5631578947368421,0.23333333333333334,64,20
turns_4.5_voltage_9_velocity_1800um_s,validation,103,4.5,9.0,1800.0,0.39444444444444443,0.15,0.6388888888888888,0.3698630136986301,0.5180180180180181,0.18055555555555555,46,19
turns_4.5_voltage_9_velocity_1800um_s,validation,107,4.5,9.0,1800.0,0.36944444444444446,0.22777777777777777,0.5111111111111111,0.36936936936936937,0.575,0.24722222222222223,71,18
turns_4.5_voltage_9_velocity_2600um_s,design,7,4.5,9.0,2600.0,0.375,0.18333333333333332,0.5666666666666667,0.3626373626373626,0.5284974093264249,0.2111111111111111,56,20
turns_4.5_voltage_9_velocity_2600um_s,design,11,4.5,9.0,2600.0,0.41944444444444445,0.23333333333333334,0.6055555555555555,0.44680851063829785,0.529126213592233,0.16666666666666666,41,19
turns_4.5_voltage_9_velocity_2600um_s,design,13,4.5,9.0,2600.0,0.3638888888888889,0.17777777777777778,0.55,0.35555555555555557,0.5409836065573771,0.24166666666666667,64,23
turns_4.5_voltage_9_velocity_2600um_s,validation,101,4.5,9.0,2600.0,0.4444444444444444,0.25,0.6388888888888888,0.4891304347826087,0.558252427184466,0.17222222222222222,44,18
turns_4.5_voltage_9_velocity_2600um_s,validation,103,4.5,9.0,2600.0,0.4027777777777778,0.25555555555555554,0.55,0.42201834862385323,0.5409836065573771,0.18888888888888888,50,18
turns_4.5_voltage_9_velocity_2600um_s,validation,107,4.5,9.0,2600.0,0.39444444444444443,0.2388888888888889,0.55,0.4095238095238095,0.5351351351351351,0.19444444444444445,51,19
turns_4.5_voltage_11_velocity_800um_s,design,7,4.5,11.0,800.0,0.325,0.15555555555555556,0.49444444444444446,0.28865979381443296,0.6054421768707483,0.32222222222222224,94,22
turns_4.5_voltage_11_velocity_800um_s,design,11,4.5,11.0,800.0,0.28888888888888886,0.05,0.5277777777777778,0.1323529411764706,0.6012658227848101,0.37222222222222223,108,26
turns_4.5_voltage_11_velocity_800um_s,design,13,4.5,11.0,800.0,0.3111111111111111,0.10555555555555556,0.5166666666666667,0.22093023255813954,0.6838235294117647,0.38333333333333336,118,20
turns_4.5_voltage_11_velocity_800um_s,validation,101,4.5,11.0,800.0,0.3,0.1111111111111111,0.4888888888888889,0.2222222222222222,0.6068965517241379,0.3472222222222222,103,22
turns_4.5_voltage_11_velocity_800um_s,validation,103,4.5,11.0,800.0,0.3111111111111111,0.1,0.5222222222222223,0.22784810126582278,0.573170731707317,0.325,92,25
turns_4.5_voltage_11_velocity_800um_s,validation,107,4.5,11.0,800.0,0.325,0.06666666666666667,0.5833333333333334,0.1875,0.6069364161849711,0.3416666666666667,100,23
turns_4.5_voltage_11_velocity_1200um_s,design,7,4.5,11.0,1200.0,0.3,0.11666666666666667,0.48333333333333334,0.23333333333333334,0.554140127388535,0.3138888888888889,89,24
turns_4.5_voltage_11_velocity_1200um_s,design,11,4.5,11.0,1200.0,0.33055555555555555,0.09444444444444444,0.5666666666666667,0.2463768115942029,0.5396825396825397,0.2833333333333333,76,26
turns_4.5_voltage_11_velocity_1200um_s,design,13,4.5,11.0,1200.0,0.33055555555555555,0.12777777777777777,0.5333333333333333,0.2804878048780488,0.5925925925925926,0.32222222222222224,91,25
turns_4.5_voltage_11_velocity_1200um_s,validation,101,4.5,11.0,1200.0,0.36944444444444446,0.14444444444444443,0.5944444444444444,0.30952380952380953,0.6079545454545454,0.2777777777777778,85,15
turns_4.5_voltage_11_velocity_1200um_s,validation,103,4.5,11.0,1200.0,0.32222222222222224,0.1388888888888889,0.5055555555555555,0.28735632183908044,0.5260115606936416,0.2777777777777778,73,27
turns_4.5_voltage_11_velocity_1200um_s,validation,107,4.5,11.0,1200.0,0.3527777777777778,0.18333333333333332,0.5222222222222223,0.3402061855670103,0.5766871165644172,0.2777777777777778,78,22
turns_4.5_voltage_11_velocity_1800um_s,design,7,4.5,11.0,1800.0,0.3888888888888889,0.16666666666666666,0.6111111111111112,0.3448275862068966,0.5314009661835749,0.18333333333333332,53,13
turns_4.5_voltage_11_velocity_1800um_s,design,11,4.5,11.0,1800.0,0.3638888888888889,0.18888888888888888,0.5388888888888889,0.3541666666666667,0.5574712643678161,0.25,69,21
turns_4.5_voltage_11_velocity_1800um_s,design,13,4.5,11.0,1800.0,0.375,0.18333333333333332,0.5666666666666667,0.358695652173913,0.5895953757225434,0.2638888888888889,76,19
turns_4.5_voltage_11_velocity_1800um_s,validation,101,4.5,11.0,1800.0,0.39444444444444443,0.16111111111111112,0.6277777777777778,0.35802469135802467,0.5594059405940595,0.21388888888888888,62,15
turns_4.5_voltage_11_velocity_1800um_s,validation,103,4.5,11.0,1800.0,0.3388888888888889,0.17222222222222222,0.5055555555555555,0.31,0.4972677595628415,0.21388888888888888,57,20
turns_4.5_voltage_11_velocity_1800um_s,validation,107,4.5,11.0,1800.0,0.4027777777777778,0.16111111111111112,0.6444444444444445,0.34523809523809523,0.5888324873096447,0.21944444444444444,70,9
turns_4.5_voltage_11_velocity_2600um_s,design,7,4.5,11.0,2600.0,0.4305555555555556,0.24444444444444444,0.6166666666666667,0.46808510638297873,0.5388349514563107,0.16666666666666666,41,19
turns_4.5_voltage_11_velocity_2600um_s,design,11,4.5,11.0,2600.0,0.3972222222222222,0.18333333333333332,0.6111111111111112,0.4024390243902439,0.5527638190954773,0.21944444444444444,58,21
turns_4.5_voltage_11_velocity_2600um_s,design,13,4.5,11.0,2600.0,0.43333333333333335,0.2388888888888889,0.6277777777777778,0.4387755102040816,0.565,0.17222222222222222,50,12
turns_4.5_voltage_11_velocity_2600um_s,validation,101,4.5,11.0,2600.0,0.39444444444444443,0.23333333333333334,0.5555555555555556,0.45652173913043476,0.5376344086021505,0.22777777777777777,52,30
turns_4.5_voltage_11_velocity_2600um_s,validation,103,4.5,11.0,2600.0,0.38333333333333336,0.21666666666666667,0.55,0.38235294117647056,0.553072625698324,0.21944444444444444,61,18
turns_4.5_voltage_11_velocity_2600um_s,validation,107,4.5,11.0,2600.0,0.36944444444444446,0.18888888888888888,0.55,0.37777777777777777,0.5076923076923077,0.20833333333333334,50,25
turns_4.5_voltage_13_velocity_800um_s,design,7,4.5,13.0,800.0,0.3416666666666667,0.12777777777777777,0.5555555555555556,0.3026315789473684,0.704225352112676,0.39444444444444443,115,27
turns_4.5_voltage_13_velocity_800um_s,design,11,4.5,13.0,800.0,0.32222222222222224,0.08333333333333333,0.5611111111111111,0.2,0.696551724137931,0.3888888888888889,121,19
turns_4.5_voltage_13_velocity_800um_s,design,13,4.5,13.0,800.0,0.3194444444444444,0.1,0.5388888888888889,0.24,0.6510067114093959,0.37777777777777777,110,26
turns_4.5_voltage_13_velocity_800um_s,validation,101,4.5,13.0,800.0,0.325,0.09444444444444444,0.5555555555555556,0.21518987341772153,0.6666666666666666,0.3638888888888889,113,18
turns_4.5_voltage_13_velocity_800um_s,validation,103,4.5,13.0,800.0,0.3138888888888889,0.11666666666666667,0.5111111111111111,0.28378378378378377,0.6917293233082706,0.425,118,35
turns_4.5_voltage_13_velocity_800um_s,validation,107,4.5,13.0,800.0,0.2916666666666667,0.06111111111111111,0.5222222222222223,0.1506849315068493,0.6266666666666667,0.38055555555555554,113,24
turns_4.5_voltage_13_velocity_1200um_s,design,7,4.5,13.0,1200.0,0.37222222222222223,0.13333333333333333,0.6111111111111112,0.2962962962962963,0.632183908045977,0.2916666666666667,92,13
turns_4.5_voltage_13_velocity_1200um_s,design,11,4.5,13.0,1200.0,0.3194444444444444,0.10555555555555556,0.5333333333333333,0.22093023255813954,0.6075949367088608,0.32222222222222224,99,17
turns_4.5_voltage_13_velocity_1200um_s,design,13,4.5,13.0,1200.0,0.3472222222222222,0.08888888888888889,0.6055555555555555,0.23529411764705882,0.6606060606060606,0.3527777777777778,108,19
turns_4.5_voltage_13_velocity_1200um_s,validation,101,4.5,13.0,1200.0,0.3194444444444444,0.09444444444444444,0.5444444444444444,0.21794871794871795,0.6012269938650306,0.33055555555555555,98,21
turns_4.5_voltage_13_velocity_1200um_s,validation,103,4.5,13.0,1200.0,0.3277777777777778,0.08888888888888889,0.5666666666666667,0.2077922077922078,0.6,0.3138888888888889,96,17
turns_4.5_voltage_13_velocity_1200um_s,validation,107,4.5,13.0,1200.0,0.35,0.1388888888888889,0.5611111111111111,0.2976190476190476,0.63125,0.32222222222222224,96,20
turns_4.5_voltage_13_velocity_1800um_s,design,7,4.5,13.0,1800.0,0.33055555555555555,0.1,0.5611111111111111,0.20930232558139536,0.5838150289017341,0.28055555555555556,90,11
turns_4.5_voltage_13_velocity_1800um_s,design,11,4.5,13.0,1800.0,0.37777777777777777,0.1388888888888889,0.6166666666666667,0.3333333333333333,0.5904255319148937,0.26944444444444443,78,19
turns_4.5_voltage_13_velocity_1800um_s,design,13,4.5,13.0,1800.0,0.325,0.11666666666666667,0.5333333333333333,0.28378378378378377,0.5393258426966292,0.3,77,31
turns_4.5_voltage_13_velocity_1800um_s,validation,101,4.5,13.0,1800.0,0.3138888888888889,0.12222222222222222,0.5055555555555555,0.2558139534883721,0.5321637426900585,0.2861111111111111,78,25
turns_4.5_voltage_13_velocity_1800um_s,validation,103,4.5,13.0,1800.0,0.3611111111111111,0.13333333333333333,0.5888888888888889,0.2962962962962963,0.572972972972973,0.2611111111111111,77,17
turns_4.5_voltage_13_velocity_1800um_s,validation,107,4.5,13.0,1800.0,0.3638888888888889,0.15555555555555556,0.5722222222222222,0.3181818181818182,0.5919540229885057,0.2722222222222222,81,17
turns_4.5_voltage_13_velocity_2600um_s,design,7,4.5,13.0,2600.0,0.3861111111111111,0.18333333333333332,0.5888888888888889,0.38823529411764707,0.5988700564971752,0.2722222222222222,76,22
turns_4.5_voltage_13_velocity_2600um_s,design,11,4.5,13.0,2600.0,0.37222222222222223,0.19444444444444445,0.55,0.3804347826086957,0.5755813953488372,0.26666666666666666,72,24
turns_4.5_voltage_13_velocity_2600um_s,design,13,4.5,13.0,2600.0,0.3194444444444444,0.18888888888888888,0.45,0.3300970873786408,0.5869565217391305,0.33055555555555555,89,30
turns_4.5_voltage_13_velocity_2600um_s,validation,101,4.5,13.0,2600.0,0.3888888888888889,0.18888888888888888,0.5888888888888889,0.3617021276595745,0.6022727272727273,0.25,76,14
turns_4.5_voltage_13_velocity_2600um_s,validation,103,4.5,13.0,2600.0,0.37222222222222223,0.17222222222222222,0.5722222222222222,0.34831460674157305,0.5885714285714285,0.26666666666666666,77,19
turns_4.5_voltage_13_velocity_2600um_s,validation,107,4.5,13.0,2600.0,0.36944444444444446,0.17222222222222222,0.5666666666666667,0.3563218390804598,0.5730337078651685,0.2638888888888889,73,22
turns_5.5_voltage_7_velocity_800um_s,design,7,5.5,7.0,800.0,0.35833333333333334,0.17777777777777778,0.5388888888888889,0.32653061224489793,0.5843373493975904,0.26666666666666666,79,17
turns_5.5_voltage_7_velocity_800um_s,design,11,5.5,7.0,800.0,0.3527777777777778,0.15,0.5555555555555556,0.32142857142857145,0.5649717514124294,0.275,76,23
turns_5.5_voltage_7_velocity_800um_s,design,13,5.5,7.0,800.0,0.3138888888888889,0.14444444444444443,0.48333333333333334,0.26,0.5178571428571429,0.25555555555555554,73,19
turns_5.5_voltage_7_velocity_800um_s,validation,101,5.5,7.0,800.0,0.36944444444444446,0.12777777777777777,0.6111111111111112,0.2987012987012987,0.5789473684210527,0.25833333333333336,77,16
turns_5.5_voltage_7_velocity_800um_s,validation,103,5.5,7.0,800.0,0.33611111111111114,0.12777777777777777,0.5444444444444444,0.3026315789473684,0.5,0.24444444444444444,59,29
turns_5.5_voltage_7_velocity_800um_s,validation,107,5.5,7.0,800.0,0.3277777777777778,0.12777777777777777,0.5277777777777778,0.26136363636363635,0.572289156626506,0.29444444444444445,86,20
turns_5.5_voltage_7_velocity_1200um_s,design,7,5.5,7.0,1200.0,0.36944444444444446,0.16666666666666666,0.5722222222222222,0.3488372093023256,0.5819209039548022,0.26944444444444443,76,21
turns_5.5_voltage_7_velocity_1200um_s,design,11,5.5,7.0,1200.0,0.3611111111111111,0.2,0.5222222222222223,0.3829787234042553,0.5562130177514792,0.26944444444444443,69,28
turns_5.5_voltage_7_velocity_1200um_s,design,13,5.5,7.0,1200.0,0.38055555555555554,0.2111111111111111,0.55,0.3958333333333333,0.5689655172413793,0.25,67,23
turns_5.5_voltage_7_velocity_1200um_s,validation,101,5.5,7.0,1200.0,0.33055555555555555,0.12777777777777777,0.5333333333333333,0.2875,0.5161290322580645,0.2611111111111111,67,27
turns_5.5_voltage_7_velocity_1200um_s,validation,103,5.5,7.0,1200.0,0.4,0.2,0.6,0.4044943820224719,0.5567010309278351,0.21388888888888888,58,19
turns_5.5_voltage_7_velocity_1200um_s,validation,107,5.5,7.0,1200.0,0.35,0.16111111111111112,0.5388888888888889,0.31868131868131866,0.532967032967033,0.24166666666666667,66,21
turns_5.5_voltage_7_velocity_1800um_s,design,7,5.5,7.0,1800.0,0.3527777777777778,0.18333333333333332,0.5222222222222223,0.3402061855670103,0.5026737967914439,0.2111111111111111,54,22
turns_5.5_voltage_7_velocity_1800um_s,design,11,5.5,7.0,1800.0,0.4,0.2611111111111111,0.5388888888888889,0.4392523364485981,0.5449438202247191,0.20833333333333334,52,23
turns_5.5_voltage_7_velocity_1800um_s,design,13,5.5,7.0,1800.0,0.4,0.18333333333333332,0.6166666666666667,0.38372093023255816,0.5362318840579711,0.18611111111111112,51,16
turns_5.5_voltage_7_velocity_1800um_s,validation,101,5.5,7.0,1800.0,0.38055555555555554,0.2388888888888889,0.5222222222222223,0.4095238095238095,0.5402298850574713,0.225,57,24
turns_5.5_voltage_7_velocity_1800um_s,validation,103,5.5,7.0,1800.0,0.3527777777777778,0.2111111111111111,0.49444444444444446,0.3619047619047619,0.47593582887700536,0.18888888888888888,44,24
turns_5.5_voltage_7_velocity_1800um_s,validation,107,5.5,7.0,1800.0,0.3972222222222222,0.23333333333333334,0.5611111111111111,0.45652173913043476,0.5372340425531915,0.2222222222222222,51,29
turns_5.5_voltage_7_velocity_2600um_s,design,7,5.5,7.0,2600.0,0.40555555555555556,0.25,0.5611111111111111,0.47368421052631576,0.517948717948718,0.19444444444444445,41,29
turns_5.5_voltage_7_velocity_2600um_s,design,11,5.5,7.0,2600.0,0.4388888888888889,0.28888888888888886,0.5888888888888889,0.5048543689320388,0.5408163265306123,0.16944444444444445,38,23
turns_5.5_voltage_7_velocity_2600um_s,design,13,5.5,7.0,2600.0,0.4361111111111111,0.25,0.6222222222222222,0.5113636363636364,0.5463414634146342,0.18611111111111112,42,25
turns_5.5_voltage_7_velocity_2600um_s,validation,101,5.5,7.0,2600.0,0.3888888888888889,0.22777777777777777,0.55,0.4019607843137255,0.515625,0.18333333333333332,46,20
turns_5.5_voltage_7_velocity_2600um_s,validation,103,5.5,7.0,2600.0,0.40555555555555556,0.2722222222222222,0.5388888888888889,0.494949494949495,0.521505376344086,0.20833333333333334,42,33
turns_5.5_voltage_7_velocity_2600um_s,validation,107,5.5,7.0,2600.0,0.40555555555555556,0.2111111111111111,0.6,0.4470588235294118,0.5070422535211268,0.17222222222222222,37,25
turns_5.5_voltage_9_velocity_800um_s,design,7,5.5,9.0,800.0,0.3138888888888889,0.1,0.5277777777777778,0.225,0.6012658227848101,0.3388888888888889,99,23
turns_5.5_voltage_9_velocity_800um_s,design,11,5.5,9.0,800.0,0.3194444444444444,0.09444444444444444,0.5444444444444444,0.2073170731707317,0.632258064516129,0.3416666666666667,106,17
turns_5.5_voltage_9_velocity_800um_s,design,13,5.5,9.0,800.0,0.3388888888888889,0.12222222222222222,0.5555555555555556,0.2894736842105263,0.591715976331361,0.3194444444444444,89,26
turns_5.5_voltage_9_velocity_800um_s,validation,101,5.5,9.0,800.0,0.3138888888888889,0.1,0.5277777777777778,0.21428571428571427,0.5555555555555556,0.2916666666666667,86,19
turns_5.5_voltage_9_velocity_800um_s,validation,103,5.5,9.0,800.0,0.31666666666666665,0.11666666666666667,0.5166666666666667,0.25,0.636986301369863,0.3611111111111111,106,24
turns_5.5_voltage_9_velocity_800um_s,validation,107,5.5,9.0,800.0,0.3111111111111111,0.08888888888888889,0.5333333333333333,0.21621621621621623,0.6233766233766234,0.36666666666666664,106,26
turns_5.5_voltage_9_velocity_1200um_s,design,7,5.5,9.0,1200.0,0.3388888888888889,0.14444444444444443,0.5333333333333333,0.3132530120481928,0.5581395348837209,0.2916666666666667,78,27
turns_5.5_voltage_9_velocity_1200um_s,design,11,5.5,9.0,1200.0,0.3277777777777778,0.15555555555555556,0.5,0.2978723404255319,0.5357142857142857,0.2722222222222222,74,24
turns_5.5_voltage_9_velocity_1200um_s,design,13,5.5,9.0,1200.0,0.3638888888888889,0.15,0.5777777777777777,0.34615384615384615,0.5777777777777777,0.2833333333333333,77,25
turns_5.5_voltage_9_velocity_1200um_s,validation,101,5.5,9.0,1200.0,0.3333333333333333,0.12222222222222222,0.5444444444444444,0.2619047619047619,0.5664739884393064,0.2861111111111111,83,20
turns_5.5_voltage_9_velocity_1200um_s,validation,103,5.5,9.0,1200.0,0.3138888888888889,0.14444444444444443,0.48333333333333334,0.2765957446808511,0.5761589403973509,0.3194444444444444,90,25
turns_5.5_voltage_9_velocity_1200um_s,validation,107,5.5,9.0,1200.0,0.32222222222222224,0.14444444444444443,0.5,0.3023255813953488,0.5844155844155844,0.3333333333333333,90,30
turns_5.5_voltage_9_velocity_1800um_s,design,7,5.5,9.0,1800.0,0.3472222222222222,0.15,0.5444444444444444,0.3,0.532608695652174,0.2388888888888889,67,19
turns_5.5_voltage_9_velocity_1800um_s,design,11,5.5,9.0,1800.0,0.4083333333333333,0.18888888888888888,0.6277777777777778,0.425,0.5885416666666666,0.24444444444444444,67,21
turns_5.5_voltage_9_velocity_1800um_s,design,13,5.5,9.0,1800.0,0.3861111111111111,0.16666666666666666,0.6055555555555555,0.379746835443038,0.592391304347826,0.26944444444444443,75,22
turns_5.5_voltage_9_velocity_1800um_s,validation,101,5.5,9.0,1800.0,0.3416666666666667,0.14444444444444443,0.5388888888888889,0.28888888888888886,0.5449438202247191,0.25555555555555554,73,19
turns_5.5_voltage_9_velocity_1800um_s,validation,103,5.5,9.0,1800.0,0.3611111111111111,0.14444444444444443,0.5777777777777777,0.30952380952380953,0.5306122448979592,0.2222222222222222,62,18
turns_5.5_voltage_9_velocity_1800um_s,validation,107,5.5,9.0,1800.0,0.35,0.18333333333333332,0.5166666666666667,0.3626373626373626,0.5406976744186046,0.26944444444444443,68,29
turns_5.5_voltage_9_velocity_2600um_s,design,7,5.5,9.0,2600.0,0.36666666666666664,0.17777777777777778,0.5555555555555556,0.3595505617977528,0.5208333333333334,0.21944444444444444,56,23
turns_5.5_voltage_9_velocity_2600um_s,design,11,5.5,9.0,2600.0,0.4027777777777778,0.21666666666666667,0.5888888888888889,0.43820224719101125,0.5353535353535354,0.20277777777777778,49,24
turns_5.5_voltage_9_velocity_2600um_s,design,13,5.5,9.0,2600.0,0.39444444444444443,0.18888888888888888,0.6,0.4146341463414634,0.5510204081632653,0.22777777777777777,58,24
turns_5.5_voltage_9_velocity_2600um_s,validation,101,5.5,9.0,2600.0,0.3861111111111111,0.16666666666666666,0.6055555555555555,0.379746835443038,0.5317073170731708,0.2111111111111111,54,22
turns_5.5_voltage_9_velocity_2600um_s,validation,103,5.5,9.0,2600.0,0.37222222222222223,0.15,0.5944444444444444,0.35526315789473684,0.5404040404040404,0.2388888888888889,62,24
turns_5.5_voltage_9_velocity_2600um_s,validation,107,5.5,9.0,2600.0,0.3861111111111111,0.19444444444444445,0.5777777777777777,0.3977272727272727,0.5360824742268041,0.21666666666666667,55,23
turns_5.5_voltage_11_velocity_800um_s,design,7,5.5,11.0,800.0,0.3416666666666667,0.1111111111111111,0.5722222222222222,0.28169014084507044,0.6560509554140127,0.36666666666666664,106,26
turns_5.5_voltage_11_velocity_800um_s,design,11,5.5,11.0,800.0,0.3055555555555556,0.06666666666666667,0.5444444444444444,0.17391304347826086,0.6490066225165563,0.3888888888888889,115,25
turns_5.5_voltage_11_velocity_800um_s,design,13,5.5,11.0,800.0,0.29444444444444445,0.08333333333333333,0.5055555555555555,0.18518518518518517,0.6594202898550725,0.39166666666666666,118,23
turns_5.5_voltage_11_velocity_800um_s,validation,101,5.5,11.0,800.0,0.28888888888888886,0.07222222222222222,0.5055555555555555,0.18571428571428572,0.6594202898550725,0.4222222222222222,120,32
turns_5.5_voltage_11_velocity_800um_s,validation,103,5.5,11.0,800.0,0.2722222222222222,0.07222222222222222,0.4722222222222222,0.16883116883116883,0.5902777777777778,0.3861111111111111,108,31
turns_5.5_voltage_11_velocity_800um_s,validation,107,5.5,11.0,800.0,0.32222222222222224,0.07777777777777778,0.5666666666666667,0.19444444444444445,0.6455696202531646,0.3611111111111111,110,20
turns_5.5_voltage_11_velocity_1200um_s,design,7,5.5,11.0,1200.0,0.3111111111111111,0.10555555555555556,0.5166666666666667,0.23170731707317074,0.6118421052631579,0.35,102,24
turns_5.5_voltage_11_velocity_1200um_s,design,11,5.5,11.0,1200.0,0.3277777777777778,0.12222222222222222,0.5333333333333333,0.26506024096385544,0.5853658536585366,0.3138888888888889,90,23
turns_5.5_voltage_11_velocity_1200um_s,design,13,5.5,11.0,1200.0,0.3194444444444444,0.08888888888888889,0.55,0.21052631578947367,0.5857988165680473,0.3194444444444444,94,21
turns_5.5_voltage_11_velocity_1200um_s,validation,101,5.5,11.0,1200.0,0.325,0.15,0.5,0.2903225806451613,0.625,0.3416666666666667,99,24
turns_5.5_voltage_11_velocity_1200um_s,validation,103,5.5,11.0,1200.0,0.3194444444444444,0.09444444444444444,0.5444444444444444,0.2361111111111111,0.620253164556962,0.3611111111111111,103,27
turns_5.5_voltage_11_velocity_1200um_s,validation,107,5.5,11.0,1200.0,0.3055555555555556,0.10555555555555556,0.5055555555555555,0.2289156626506024,0.5759493670886076,0.33055555555555555,94,25
turns_5.5_voltage_11_velocity_1800um_s,design,7,5.5,11.0,1800.0,0.38333333333333336,0.17222222222222222,0.5944444444444444,0.38271604938271603,0.6369047619047619,0.30833333333333335,88,23
turns_5.5_voltage_11_velocity_1800um_s,design,11,5.5,11.0,1800.0,0.33055555555555555,0.11666666666666667,0.5444444444444444,0.27631578947368424,0.6163522012578616,0.3472222222222222,98,27
turns_5.5_voltage_11_velocity_1800um_s,design,13,5.5,11.0,1800.0,0.32222222222222224,0.15,0.49444444444444446,0.28421052631578947,0.5933333333333334,0.3194444444444444,92,23
turns_5.5_voltage_11_velocity_1800um_s,validation,101,5.5,11.0,1800.0,0.33611111111111114,0.08333333333333333,0.5888888888888889,0.2459016393442623,0.585635359116022,0.3277777777777778,90,28
turns_5.5_voltage_11_velocity_1800um_s,validation,103,5.5,11.0,1800.0,0.3138888888888889,0.1111111111111111,0.5166666666666667,0.25,0.5535714285714286,0.3111111111111111,85,27
turns_5.5_voltage_11_velocity_1800um_s,validation,107,5.5,11.0,1800.0,0.3277777777777778,0.12777777777777777,0.5277777777777778,0.2987012987012987,0.5555555555555556,0.3111111111111111,81,31
turns_5.5_voltage_11_velocity_2600um_s,design,7,5.5,11.0,2600.0,0.36666666666666664,0.21666666666666667,0.5166666666666667,0.4020618556701031,0.5314285714285715,0.24444444444444444,59,29
turns_5.5_voltage_11_velocity_2600um_s,design,11,5.5,11.0,2600.0,0.35555555555555557,0.1388888888888889,0.5722222222222222,0.31645569620253167,0.5852272727272727,0.2916666666666667,82,23
turns_5.5_voltage_11_velocity_2600um_s,design,13,5.5,11.0,2600.0,0.37222222222222223,0.14444444444444443,0.6,0.325,0.5595854922279793,0.24166666666666667,69,18
turns_5.5_voltage_11_velocity_2600um_s,validation,101,5.5,11.0,2600.0,0.3472222222222222,0.14444444444444443,0.55,0.3170731707317073,0.5294117647058824,0.25277777777777777,66,25
turns_5.5_voltage_11_velocity_2600um_s,validation,103,5.5,11.0,2600.0,0.34444444444444444,0.1111111111111111,0.5777777777777777,0.2597402597402597,0.5561497326203209,0.26666666666666666,77,19
turns_5.5_voltage_11_velocity_2600um_s,validation,107,5.5,11.0,2600.0,0.3527777777777778,0.16666666666666666,0.5388888888888889,0.3488372093023256,0.5449438202247191,0.26666666666666666,69,27
turns_5.5_voltage_13_velocity_800um_s,design,7,5.5,13.0,800.0,0.2611111111111111,0.06111111111111111,0.46111111111111114,0.1527777777777778,0.6859504132231405,0.4638888888888889,131,36
turns_5.5_voltage_13_velocity_800um_s,design,11,5.5,13.0,800.0,0.2916666666666667,0.07222222222222222,0.5111111111111111,0.16455696202531644,0.7301587301587301,0.4305555555555556,133,22
turns_5.5_voltage_13_velocity_800um_s,design,13,5.5,13.0,800.0,0.26944444444444443,0.05,0.4888888888888889,0.15254237288135594,0.7272727272727273,0.5,138,42
turns_5.5_voltage_13_velocity_800um_s,validation,101,5.5,13.0,800.0,0.3055555555555556,0.08888888888888889,0.5222222222222223,0.25806451612903225,0.7121212121212122,0.46111111111111114,126,40
turns_5.5_voltage_13_velocity_800um_s,validation,103,5.5,13.0,800.0,0.2916666666666667,0.05555555555555555,0.5277777777777778,0.16393442622950818,0.753968253968254,0.48055555555555557,139,34
turns_5.5_voltage_13_velocity_800um_s,validation,107,5.5,13.0,800.0,0.3055555555555556,0.05,0.5611111111111111,0.16071428571428573,0.7481481481481481,0.46944444444444444,137,32
turns_5.5_voltage_13_velocity_1200um_s,design,7,5.5,13.0,1200.0,0.3055555555555556,0.1,0.5111111111111111,0.24324324324324326,0.647887323943662,0.4,112,32
turns_5.5_voltage_13_velocity_1200um_s,design,11,5.5,13.0,1200.0,0.30833333333333335,0.08333333333333333,0.5333333333333333,0.2054794520547945,0.6486486486486487,0.3861111111111111,113,26
turns_5.5_voltage_13_velocity_1200um_s,design,13,5.5,13.0,1200.0,0.325,0.08333333333333333,0.5666666666666667,0.21739130434782608,0.6538461538461539,0.375,111,24
turns_5.5_voltage_13_velocity_1200um_s,validation,101,5.5,13.0,1200.0,0.30833333333333335,0.08888888888888889,0.5277777777777778,0.22535211267605634,0.6333333333333333,0.3861111111111111,109,30
turns_5.5_voltage_13_velocity_1200um_s,validation,103,5.5,13.0,1200.0,0.31666666666666665,0.1,0.5333333333333333,0.24,0.6114649681528662,0.35555555555555557,101,27
turns_5.5_voltage_13_velocity_1200um_s,validation,107,5.5,13.0,1200.0,0.3194444444444444,0.08888888888888889,0.55,0.22857142857142856,0.61875,0.3611111111111111,103,27
turns_5.5_voltage_13_velocity_1800um_s,design,7,5.5,13.0,1800.0,0.37222222222222223,0.11666666666666667,0.6277777777777778,0.3,0.6420454545454546,0.31666666666666665,96,18
turns_5.5_voltage_13_velocity_1800um_s,design,11,5.5,13.0,1800.0,0.3472222222222222,0.15,0.5444444444444444,0.32926829268292684,0.620253164556962,0.3333333333333333,93,27
turns_5.5_voltage_13_velocity_1800um_s,design,13,5.5,13.0,1800.0,0.32222222222222224,0.08888888888888889,0.5555555555555556,0.21333333333333335,0.6060606060606061,0.3333333333333333,99,21
turns_5.5_voltage_13_velocity_1800um_s,validation,101,5.5,13.0,1800.0,0.3388888888888889,0.09444444444444444,0.5833333333333334,0.26153846153846155,0.5737704918032787,0.3111111111111111,85,27
turns_5.5_voltage_13_velocity_1800um_s,validation,103,5.5,13.0,1800.0,0.37777777777777777,0.15,0.6055555555555555,0.3253012048192771,0.630057803468208,0.28888888888888886,89,15
turns_5.5_voltage_13_velocity_1800um_s,validation,107,5.5,13.0,1800.0,0.35,0.16666666666666666,0.5333333333333333,0.35714285714285715,0.6,0.32222222222222224,86,30
turns_5.5_voltage_13_velocity_2600um_s,design,7,5.5,13.0,2600.0,0.35833333333333334,0.14444444444444443,0.5722222222222222,0.32098765432098764,0.5852272727272727,0.2861111111111111,81,22
turns_5.5_voltage_13_velocity_2600um_s,design,11,5.5,13.0,2600.0,0.35,0.14444444444444443,0.5555555555555556,0.325,0.5714285714285714,0.2916666666666667,79,26
turns_5.5_voltage_13_velocity_2600um_s,design,13,5.5,13.0,2600.0,0.35555555555555557,0.17777777777777778,0.5333333333333333,0.3764705882352941,0.6037735849056604,0.32222222222222224,85,31
turns_5.5_voltage_13_velocity_2600um_s,validation,101,5.5,13.0,2600.0,0.39444444444444443,0.19444444444444445,0.5944444444444444,0.39325842696629215,0.5879120879120879,0.24722222222222223,70,19
turns_5.5_voltage_13_velocity_2600um_s,validation,103,5.5,13.0,2600.0,0.3388888888888889,0.1111111111111111,0.5666666666666667,0.2564102564102564,0.5930232558139535,0.3055555555555556,90,20
turns_5.5_voltage_13_velocity_2600um_s,validation,107,5.5,13.0,2600.0,0.35,0.12777777777777777,0.5722222222222222,0.3026315789473684,0.6058823529411764,0.31666666666666665,90,24
